0,شعب مريض حتا في لي كمونتير تع الشروق تسبو بعضاكم و تتعايرو ههههههه ربي يهدينا ؤ يهديكم
1,فيف بوقرة نشآلله _ ال عام _ ال جاي في ريال مدريد
1,مع بومدين جوسكا ل موت
1,فيف بلادي والله يحفض ولاد بلادي و ربي معاكم و نشالله منصورين
1,123 رانا معاك يا سعدان يا سعدان فيف لالجيري
0,سي نو حنا رانا روطار نسحقو _ 4 G عندنا لي بورطابل و كاين دراهم خصنا ال راي !!!
1,سعدان صايي سي بون خلاص ال كونطرا هه بزاف الله يعطيك ال صحة وصلتنا _ لي ال مونديال و شكلتها و ڨاع مي معليش ربي يخليك سا في واحد ڨرو بليزير مين لعبنا
0,مالكم معقدين من ل مراركة
0,"_ صيروم , _ أنيستيزي , و معاه سرير في الجبانة"
1,نشالله ل الجيري كوب دو موند 2010 شحاتة نشالله 2014 مع لالجيري
0,"سي طرو _ طار , خاطكش جابولنا لا سيفيار"
0,ؤ _ _ لاخر خاطب يبروفيتي مع ال فرحة يوخد طفلة
0,ناييف مساكن مازالهم _ يامنو أنت تلعب مع لي أميريكان
0,صحا يا بنبوزيد يعطيك الصحة على واش درتي فينا سي فري نو أون بو ريان تو فار مي تينكيات با يا ديو تي بو با تيشابي دو لوي الله لا تربحك يا حقار حسبي الله _ و نعم الوكيل عليك
1,_ 123 فيفا _ ل ألجيري و تاني يعطيكم الصحة صطيف شرفتونا و تاني فيف مولودية و هاد ال عام شامبيوني
1,بوزيد خير من بلعيد ؤ مجاني يستحق يلعب مع _ _  الفريق الوطني
1,هادي حاجة مليحة أنا تساعدني
0,كلشي كدب كلشي _ فو ، قولي وين لا فيريتي
0,راجل أمها كلب _ كي عود وحدو يستفعل فيها
0,نشالله يحكمو عليه _ ب ال مؤبد باه ماي عاودش شي لي قاعد إدير فيه
1,ميرسي عمي بوتاف
0,ال  خبيث إروح إقابلها طول ل _ ال قبلة قبل ورا قبل حتى تصبح عند ال قابلة
0,يخي _ ال غلطة تع _ ل كبار
1,ربي معاكم نشالله و تربحو رواندا و سورتو ماصر ال حمدلله حتى هنا خفنا عليك ربي معانا كونطر مروك يا ربي
0,ريبونص ؤ نيمرو 7 لا بريسانص فاس ء فاس أفيك واحد جويف سي لا ريكونيصانس دو ليتا هيبرو نعلهم
0,أويحيى ولله ما نسمحلك عند ربي كار جو طرافاي با و جي پوسي واحد دوسي بور افوار ؤون فواتور پار فاسيليتي لافواتور كووت 40 مليون لي فري دو دوسي مون كوتي 14 مليون و لا طاكس كووت 7 مليون سافي لو تو 21 مليون بور افوار 40 مليون سي نورمال پور ؤن جون كي ٱ پوسي سون دوسي a \
0,هدرة بلا مزيتك إمالا عاود روحك و ولي لعقلك
0,هادا بهدلنا في مراكش و مازال يحكي على دراجة لولا _ و ثانية هدا ماشي مدرب عندو تشرك ال فم قالك إفولولو ال جينيرال هدا كبران ماشي جينيرال
1,فيف اتحاد العاصمة و تحيا سيدي سلام و ربي يعيش منادي _ إبراهيم فيطاش ال جزاير
1,نشالله قاع لي عنده باك سيت ٱني يديه يا ربي
1,فيف جسك هاد _ ل عام لينا نشالله
1,جو سويت لا رييوسيت پور نوطر إكيب إنشاء لله و _ ل إيجبت أوسي كوم سا ؤن فيني سيت كوريل نو سوم توس فرير بون شانس أ توس ربي عاونكوم
0,ماعاونوش لي جان تع ل بلاد يعاونو ل حراقة
0,_ ب صاح ال دم لي في لحمي يولي كحل من _ ل حرام
1,كو ديو سوا افيك نو مع هاد ال إصلاحات
1,اللهم أنصر فلسطين وأجعل إتحاد بيننا
1,فيف زياني و ربي يعاد عليك _ ال عاين نشالله
0,كولشي كدب كولشي فو
0,نو 2 الله يهديك من راك عايش _ في الماريكان ولا انت حكومة بليز الشروق انشر
0,هادوما دي أفير نخليهم ل دراري صغار
0,لا حول والا قوة إلا ب الله لازم يعدموه باش يكون عبرة لمن يعتبر
1,سلام عليكم جو سوي توتالمو _ د اكور افيك لي نوميرو 30 الله يهدينا اجمعين
1,و ال عايلتو ربي يحميك من ال عين
0,نفسخ ال _ توبة ، نحصلها في لا سوسييتي
0,واش هاد تمسخير قول فينغر ما خلاش صايفي يلعب والله تمسخير
1,ربي معاكم يا رجال
1,بون شانص لي جان و ربي معاكم نشالله هشام داود عندك ال دزاير و تيسمسيلت
0,نتوما شعب فارغ شغل قاعدين كو بور لو باس طو
0,يا الاخ _ صالح هادو ما عندهمش اي علاقة ب _ اسلام هادو سي دي جويف _ كيفك صح جو بانس با لا نتا _ الجيريان و الله يهديك
0,سي جون لا ماتنفعش معاهم لا ڨارد ا فو
1,ربي معاكم و حنا تاني فرحونا 123 فيفا _ ل الجيري
0,كريمينال اي تو لو ريستورا توجور اللهم عافينا في دنيانا و ديننا امين
0,"كي نسمع _ بورجوازي , مرسيداس مخو _ مكرازي , _ و انا مع لي بيس نقاسي"
0,اي راهو نسا _ روحو ڨداه عندو و هو حاكم التجمع من أجل الثقافة والديمقراطية الور سعيد ديكتاتور كيما _ ل اخرين _ ل اورو مليح يا سعيد لول
1,فيف الجيري و مبروك طلعة _ و مدية ميرسي
1,_ ال مورال تاعي ا فو ديما بيان بيان بيان
0,انت مريد _ يا الصمدي _ شيء جيب _ ال احمر عاود حاج عيسى كيما ميسي _ روح زور ولا شوف _ طبيب داويك _ يا الصمدي
0,_ يرحم والديكم فهمونا هادا سعدان واش يكون هو تاني حاب يحكمها عهدة ثانية خلينا منك يا سعدان والله راك رايح تكرهلنا _ حياتنا بزاف راك كبير ماعندك ماتطمع
0,الله لا يرجعك
0,يا سعدان اقول لك فقيد شيء لا يعطيه فا اذا كنت رجل بي معنى الكلمة فا تنحا عن _ منصبك انتهى وقتك يا شيخنا
1,ربي معاك نشالله ني بير با لي اسبوار اي لا باسيانس الله يجيب الشفاء امين
0,"مي فراز _ منحوسين , يعميو _ في ال عينين"
0,حنايا _ ڨاع نعرفو نفتو واش يخرج علينا
0,تقست صح _ و تخدعت ڨداه من مرة
1,نشالله ي كون معاهم ربي نربحو 3-0
0,سبحان الله كاشي ام تحرق بنها لي من كبدتها هادي تكون مريضة عقليا
0,"كي نسمع على _ ل مرا , مسكينة حسبوها _ بڨرة , ما تكتب ما تقرأ"
1,فيف وفاق سطيف فيف وفاق سطيف ناس كل عارفا كيفاه طلعت _ ل أهلي برج بوعريريج _ ل ناسيونال اون
0,لعنة الله عليه سي _ ل ايتا الجيريان كي سي ريسبونسابل بور سا
0,عيب عليهم عزرونا الله لاتربحم عام كامل _ و حنا نقراو اي في لا فين يخربطوها
1,لاعب متربي عندو اخلاق عالية نشالله بلوطار يكون في لي كيب ناسيونال
1,نشالله يا لموشية تكون معانا باسك ايل فو با نفرطو في لي جابو لا كاليفيكاسيو
0,وي قولو يقولو ل مها مبروك بنتك في جنة
0,ڨع نتقلشو ماشي غير الجزايرية و ماعندنا مانديرو بالبيرو نتاعهم حنا و هوما ڨلعو علامنا مل لي ايكيب نتع لا كوب دي موند
0,سلام عليكم ماشي لا مشكل في شاوشي مشكل راه في غزال لي لعب 15 ماتش و ماركا حتا بيت
1,ميرسي بوكو _ ل ايكيب نشالله مونديال راه قريب لينا و مادابيكم تعيطو ال يبدا
1,"فيها خدمة _ تخلص , واحد ما يتقاس"
0,اه يا الحراشيا درتو ماتش نيل مع اتحاد الجزائر حبيتو تاكلو دنيا حطو رجليكم _ في ال ما يبردو هاد ـ ل عام تحبطو حرام عليكم _ حڨرتو رائد القبة بلاصتكم دربي مع بن طلحة
0,صرات ب ناس لي كانت بنتهم مهمومة يقول لهم نتوما راهي طفلة مسحورة
1,و نعاون ما باتري و نفينانسي دي بارتي
1,رانا معاكم يا ولاد ال خضرة 123 فيف الجيري فرحونا الله ي فرحكم
0,لي الجيريان _ راصا و لي عادانا باصا
0,ناس شاهدة و التاريخ اعاود نفسو
0,ههههه باجيو ال عرب كون يسمع باجيو يسويسيدي والله ڨلع هاديك كو دي شوفال نتا راجل يا
0,او ليو زين العابدين يوكل _ ال شعب ديالو يروح يمنع _ ال حجاب ياخي لي اراب والله مايتفهمو
1,نتمنا لوكان يلعب عنطر يحيى و مغني دومان نشالله اي نشالله فو ڨاڨني
1,عندنا منصوري + صايفي سي ديجا بوكو نشالله لا كوب دي موند طلعة نتكلو على ربي و عليك يا سعدان و ولادك لا جونيس
1,نشالله هاد _ ال عام _ ال اتحاد الجزائر شامبيوني مع حميدي اي اندرسون
1,ال حمد _ لي الله على هاذه _ ال نعمة
1,ربي معاكم يا لي فار و نتمناو ما يون فرق بين _ ال جدد و _ ال قدما و لي راح يعطينا جديد مرحبا بيه
1,نشالله نربحو يا رب _ و كون مع لي فار يا رب بربي ب ربي نشالله
1,نشالله نشرفوكم يا عرب كلنا مع _ ال فريق _ ال وطني _ ال جزايري
1,عجبتني هادي
0,مي د كوا جو مو مال يا خي عقلية
1,فيف الاتحاد الرياضي لوادي أميزور اي نشالله طلعة انتار ريجيو
0,ربي يهديكم انا كون نلقا واحد يحرڨوني نحرڨ مام نكون _ على بالي _ ب لي راح نموت هاديك ليلة ال مهم نموت و مانبقاش هنا
0,الله يعاونك خويا انا جندارم والله _ و تحكم ما راطيها هاد لبلاد لي دعا عليها مات
0,لي خاطيك يعاييك
0,دوك يدوه لهوايش يخدم معاهم
0,مازالت عندي _ ال هيجة تع هاجوج و ماجوج
1,فيف شباب بلوزداد نشالله شامبيونا هاد _ ل عام لي فري ولاد شرشال
0,_ يا ال حاجة _ ال غنا ماغاديش ينفعك في لا فين ياو صلاتك _ و زكاتك هي لي تنفعك
0,"_ ال اخر مرتو كل يوم يبهدل _ فيها , يجيب معاها دراري و ي طيشها ل دار والديها"
1,يستهل كل خير لي يتعب ينال _ 123 فيفا لا الجيري
1,يا ال حمرة يا مون امور زهينا هاد ال عام
1,ربي يحفدك يا سي عثمان والله توحشتك بزاف تحيا دي مخلوف ال بومباردي
1,ا عينيا فيف الجيري
0,حنونة من عام و نص تضياع الوقت
0,_ 2 / هادا لي كوبير نهار _ واحد اخر يولي على على _ ل الجيري سي 0 وي
0,شريف الوزاني روح ترقد _ الله لا تربحك ابو ال مشاكل طيحت الهوارية د2 درت تبهديلا في شلف مع سيدك كابتين سي سمير زاوي مازال راك تهدر روح اونطريني شباب بلوزداد مشرية ناسيونال 1 اون بون بلاس بور توا كافي
0,و ي فعل ال جاهل بي نفسه ما لا ي فعل ال عدو بي عدوه
1,نشالله يا ربي 3 بيت امين يا ربي ال عالمين وان تو ثري فيفا ل الجيري تحيا بلادي معاك _ يا ال خضرة نديرو حالا
1,يا اخي ريان تي كيلكان دو بيان ماشاء الله اي مام توت تا فامي اي تون فرار اوسي كو جي كوني اي كي اتي افيك موا دان لا مام كلاس نطلب ربي يشافيك نشالله و ربي معاك امين
1,وداد 43104 هاد العام طلعة
1,نشالله ربي معاكم فو ايت توس الجيريان
0,عسو رحكم _ و مبعد عسو لي اليف دو باك واحد
1,الله يكون معاكم اي فيف _ ل الجيري
0,علاش يا دزاير الي عندو تزيديلو و ال ڨليل يشقا و يتعب
0,خاوتي ال بلاد مخدوعة ابري 1979
0,ربي يسترنا فريما لي جو سون ديفينو مالاد ربي يهديهم و يبعدهم علينا حسبي الله و نعمة _ ال وكيل
0,نتوما ماشي رجال كونو معاهم في الربح و _ ال خسارة
0,ال عار مع ال خاين لكبير تعهم
1,ربي يعاونك خويا جمال اي بيانفينو ا تون بايي _ ل الجيري تحيا الجزاير صحا فطوركم و سحوركم ولاد بلادي
1,نشالله ب ڨلوب لي جووار و دعاوي شعب الجزايري في داخل و ال خارج _ ال يوم لينا الربحة بي 2-0
0,ال حدود مغلوقة مع لو ماروك اغلقوها اوسي مع تونس _ و رتاحو باش تصبح الجزائر _ غايا خي اعلا _ عقلية يازح
0,سي لو فري بروبلام كي سو بوز دان تو لالجيري ينعل بوها حكومة
0,ياو روح تلعب مع راصك حتى منين تفرت فينا ياو باي باي _ ل اكيب ناسيونال
1,لطفي هو _ ال راب _ ال حقيقي و عجبتني تع كلش ماشي دونك شرا
0,جو بانس كو حنا لي الجيريان جامي نتعلمو مل غلطات تع ال ماضي لا مام ايرور تع لا ڨيني نورمالمو نلعبو مع ايكيب مل افريك واش جاب لوروڨواي الى زومبي كيما واش جاب ل ارجينتين لال ڨيني
0,ستيلو تقول عليه تيروريست معمر _ ب ال مسك
0,طفل والديه وكلو لو رهج تع ال فيران
1,دي عايزة كلام ل الجيري اي كاليفي
0,ما عندو لا رحمة لا شفقة اعطوني كلاش وينكم يا حكام _ ال عرب سور راقدين مع نساكم في الدار و خاوتكم يموتو الله اكبر
1,انشالله اون بينولهم بلي كاين ال بالو عندنا 1 2 3 فيفا الجيريان
0,رائد القبة تعيي كي هيا كي لي سيبورتار دياولهم نشالله تلعبو مع قليعة _ ال عام _ ال جاي
1,نشالله لو موا دو رمضان ال مبارك يدخل على ال مسلمون بي ال خير _ و ال اجر يا رب
1,_ بي ربي نشالله حنا لا نتكاليفياو يا ربي كون معانا امين
0,و نفكر خروف مسكين _ كي ل ماريونات
1,تحيا القذافي و ربي معاك نشالله لا جورداني ولا ناتو رايحين يكونو خير من القذافي الى _ ال امام
0,لو پروبليم سي كو هاد _ ل افير فيها رولاسيو
1,الجيري في دمنا نشالله يفرحونا مروك ختنا و انا نتمنا التعادل بين الفريقين
0,دي اني ورا دي اني باركاني اني عيان
1,الي لي _ فار اون ڨران مو بور اون ڨراند ناسيو افيك اون سال _ كور يا ربي لا فيكتوار في لو 15 جور تع _ رمضان معاك يا _ ال خضرة معاك يا دزاير و ربي معاكم يا لي فار اي الشيخ سعدان بون كوراج
0,"كاين غاشي _ في ال _ جامع , نص راقد _ و نص _ يسمع , _ جو م اين فو انا ديس _ في الدار"
0,لا فيكتوار با بور بوتاف سي بور لو كول دو بوتاف يا عطايين
0,اون دي اون اراب ما عاد خوه سي باراي بور ساركو اي لي جويف
1,شبيبة الساورة توجور _ ل عام جاي نكرهو  شبيبة القبائل و اتحاد الجزائر
0,بفففففففف سي با فري هادي عتبة الدروس ماكانش طول !!
0,"كانت فوند _ مونيمنطال , دارو صح فوضة مونطال"
0,هادو طلبة _ حياوانات و ولاد _ شارع ماعندهمش اصل غير _ شرعيين مايحشموش كيما راهم _ يحوسو في ديارهم ثاني لا حشما لا _ والو _ ديوثين
0,يا خويا كيما ولا بطل نتا انسان فاشل يا سعدان مادابيك تستقل باقي غير نتا لي محلي ياك كلنا نكملو مع ال محليينن نتا علاه بكيت
0,واش يقول _ ال عبد غير لا حول و قوة الا _ بي الله
0,هههه ميسي يلعبلكم في 5 جويليي نتوما مراد واقيل ياو ماكاش منها ارجنتين لا فرانس يلعبو في دزاير هههه احلمو احلمو
1,وان تو ثري فيفا _ ل الجيري ديما معاك يا دزاير _ و فيف _ ل ايكيب ناسيونال _ ال يوم _ و غدوا _ و ربي يخاليلنا بابا _ سعدان جو _ ت ام يا دزاير اي لوف يو _ ب الشاوية تاشلغيشم
0,مالا نحبس هنا سي نون تقول هادايا فو
0,ماعندناش لي صطاد
1,نشالله بربح عليك خويا شاوشي اي فيف مولودية
1,ربي معاكم
1,فيف ال عهدة الرابعة
0,و ڨول و يڨول ل باباها خلينا معاها هنا ف ال بيت خاطك ال عفريت كون يخرج و يسكن فيك
0,ماتديرو والو نتوما تجيبوها اي في لا فين تعوروها
0,"_ ڨالو لي واش _ داك , سور راك مسكين"
0,شاك فو با معاها برية مكتوبة فوڨها
1,نشالله حنا لروحو سود _ افريك 2010 و نديرو حالا و ماصر ماغادي يديرو والو ماحاد عندنا سعدان و زياني متمور قواوي غزال اي فيف الجيري wwwsouadalgerieskyblogcom
0,لي اجو دو سيكوريتي لي يخدمو في لا فاك يخلصو 13000 وين راهي ال عدالة ماخصناش يا لي معاونين ال ياهود عايرتونا اي دروك ت شجعونا غير على غزة ماخصناش
0,كي كملو مشروع شكون عندو _ ال حق باش يدخولهم غير فاميليا تع فلان و فلان كيما كلوب دي بين داوها ڨع ميدخلوهاش مواطن عادي
1,الله يبارك في علمه و نفع به ال امة و ال عباد مرحبا به في عنابة و في ال جزائر
1,انا مع تعليق 1 فيف مولودية
1,ربي يشفيه نشالله ويكون مع والديهم
0,حسبوه هو ولي معاه سور مازالو صحابه _ في ال حكومة
0,رانا بعاد على نيفو تع افريك اون ا با دو نيفو ديتو
0,و هل ما فعله ال عسكر معانا في السنوات ال اخيرة كان سغيرة لذا يجيب ان نفكر في مشاكلنا و مالنا و مشاكل ال مغرب
0,بصح يا جماعة هادو لي في ليبيا والله ما ثوار هادو
1,بيان سور نربح سور تو مع ماصر
0,هاد ال خبيث لازم يطيرولو راسو نشالله يا ربي وين راه ال حكم ال _ عادل ??????
1,مارسي لي فار _ و نشالله _ يا ربي _ ال مونديال 2010 رايحين و جيش شعب معاك يا سعدان
0,خلاص ال عامية غير ال كحل
1,فيف اتحاد عنابة بور _ توجور هاد ل عام نديرو حالا نشالله يا ربي صح عيدكم
0,على ديكا نهدر باه نفيق هاد ال بغل
0,لو نيميرو 25 فو ايت اون الجيريان و راك تلعب فيها مصري
1,سي بيان انا كان قادر يسرالي هاكا
0,"_ ب الصح مشني _ كلب , مشني سوفاج"
1,برافو لي فار رانا معاكم جوسكا لا مور
1,_ ب صحت _ ل ايكيب ناسيونال ربي يحفدهم من عين
1,انفين هادي هيى الهدرة تع _ رجالا تحيا الخضرة و ديما معاك يا سعدان فيف لالجيري
0,ال كور يتبورا _ و نتا مازالك عايش فيه
1,ال حمدلله من عندنا اونطرينور كيما سعدان و لازم نكونو معاه رابحين و لا خاسرين
0,مالا كون _ ڨالو ليك _ هدرو ليك بلي كلامي عيب
1,نشالله كاليفي لمونديال يا _ ربي رانا معاك يا شيخ سعدان
1,سالو تو لو موند فيف شباب بلوزداد و نشالله شامبيوني _ 2009 _ 2019 و رانا ڨع مع ذ بيڨ كرباج
0,الي يجي _ ل بلادنا يلعب علينا _ و يروح
1,الله يرحمهم ويجعلهم في جنته امين يا ربي
0,مصطفى باريس يا سان خوسي جو بانس كو تو كوني بلو الشهادة ربي نشالله يحشرك مع ال كفار
0,حشومة عليكم تعاودولنا لي ارتيكل _ د هيار ا العربية يا جماعة وين راهم سينديكا الجيريان دي باراميديكو وين راه حقنا كرهنا من ال وعود
0,فو ايمي با لي هوم كوم معمر
0,"كنت قادر _ سينو , نفلڨ لي بومو"
0,جو فو دير _ ا ميسيو سعدان روح بزاف عليك عرفنا نيفو تاعك با اي تري با عندنا ايكيب مي ماعندناش اونطرينور بزاف تبهدايل يا سعدان الله يستر في _ ال مونديال
1,_ سا في بليزير عندها دي جوار الله يبارك الور بون كونتينواسيو ا تو لي جوار
0,خليونا نعيشو _ كي الناس
0,ماعندكش _ ال دم دمكم رشوة لي سس تيموان
0,سي كوا واش راكم تحكيو عندها _ 3 ان ملي ولات _ 1 مليار ماشي 400 ميل ربي يهديك يا جورناليست
1,وان تو ثري فيفا _ ل الجيري اي فيفا سعدان اي معاك ال قدام
1,اللهم انصر غزة على اعداء الدين
0,ها ها ها باك 2008 باي نوكل عليك ربي يا بن بوزيد مي توجور كاين ربي
0,ياخي حلفت على 3000000 دينار الله مامديتش الزايد _ و مديت موان خاطركش مشحاح يا سرار
1,الله معاكم مي فرير ألجيريان دومان نشالله تو شنجورا _ ل إسبوار روفيندرا اي لا بروسبيريتي غينيوغا
1,انشالله مع معيزة تزها عنابة نشالله لا كوب بربي هاد لعام ديما ناس بسباس
0,جو فولي جوست فو دير كو سي دو بلا بلا موا جي لو بيام سيت آني شوي ني اون 1997 دوبوي كو جيتي او بروميي آني بريمار جي جامي دي طاطا و عمو راكم تزيدو فيها بزاف
0,دوركا مع _ ل معيشة _ ل غالية هادي 2 اي 3 مليون _ يا ربي تشري بيهم الوايز _ ل ال _ مادام !
1,فيف الخالة و ربي معاكم و يفرحكم كيما فرحتو ڨاع الجزاير
1,الله معاكم يا لي فار انشالله اون فا ڨإڨني لو ماتش اي بون شانس ا سو _ تيم والله فور
1,مولودية بجاية اون _ ريجيونال ! سي با ڨراف طالعة لعام لجاي نشالله
0,ماكان لاه تلومني يانا لوم دنيا لي راهي تعيف
1,ربي إكون معاهم نشالله كلنا نتعلم من اجلهم
0,كي _ ال عادة اون اي توجور لي ديرنيي بفففف
1,مرحبا بكم _ عندنا پ نتمنا نطلعو بزوج
1,ومن قتل مؤمنا متعمدا هدب الله عليه و لعنه و اعاد له عذابا عديما ** مزيا كاين ربي احاسب لي تيروريست
1,دراجي تو لي الجيريان معاك نتا راجل _ و فحل اوكي _ و ماديرش على _ ال هدرة _ ال فارغة
1,عاودها يا زياني _ عاودها صح فطوركم
1,العالم ال عالم لينا و 123 فيفا _ ل الجيري
1,قتلهم مازال _ ل اسبوار و نشالله كونتر انغولا فرحونا يا جماعة
1,سينيور لحسن نتمنا تلعب في بلادك بويسك _ ل الجيري تحتاجك با لا فرانس ب شانص شروق
0,بار سو كو اير الجيري تخدم معارفها دز برك اير ريح
1,اللهم عافينا من ما ابتليت ال بعض من عبادك امين يا رب يل عالمين
0,هاد ال جماعات كيما ال ماصونية كيف كيف زيدولهم ال شيعا مل فوق الله لا تربح هم
1,فيف لي الجيريان نشالله لا كوب دو موند معاك يا الخضرة ديري حالا
0,كرهنا _ و رانا معولين اون فو بيزري _ جوسكا سو كو فو نو _ ايمي فيف _ ال هدة خير من نوليو دي كاميكاز
0,هاديا عتب دوركا ماشو حرام ا شيء _ ال واحد شاب و هو مازال فل باك سي طرو سا فريما
0,لي يسمعكم تهدرو تقول عندكم تحبس راكم بوقل كيف كيف ربيو ولادكوم _ اي سورتو بناتكم مبعد ريكلاميو
0,يا _ ال عڨون
1,ربي يشافيها نشالله قولو آمين معايا
1,ياو تحيا مدريد تالمو انا عايش ال كتالونيا ال كتالان اكبر عنصرية في اوروبا كيرو ڨنار ال بارتيدو مدريد سيڨورو
0,والله ياسر مانعرف مع دا ال هم كل وقتاه واحد يحقق لي ريف تيعو
1,ميرسي بور توا عبد ال عزيز بوتفليقة
0,"طلق دار شرع لي بروصي اورا لي بروصي رولاسيو _ مصالح , و زيد لها مارياج فورصي"
1,ربي معاهم
0,بهاذا لو نيفو اسو ماعندها ما تدي هاذا ل عام يا سي مدوار
1,فيف _ ل الجيري اي ربي معاك رفيق
1,عاش ال مروك
1,معاك يا سعدان حتى لو نخسرو فيف _ ل الجيري
1,برافو لي جان رانا معاكم ڨع
1,سلام عليكم نشالله لو بوديوم اي لي ميداي _ دو اور
0,اه يا مراد دربوك ب عينكم ترجع ليامات
1,مراد مغني والله يستهل يلعب لا كوب دو _ موند يا لي الجيريان دعيو معانا اي قولو ياربي يشفيه
1,معاك SOLO16DZRak فور
0,تبقاو جرذان و جراثيم _ ام عالم يا جهلاء يا رب _ ل الجيري 130 عام _ و هي تخرج فرانسا و جرذان _ ال ليبيين يعيطولهم تقول عليكم ڨاع دي امام _ و نتوما حاجة _ و ماشي عارفينها
0,ماعندنا مانقولو او فون دو نو كور اون دي الله يجعل _ ال خير باسك فريمو عيينا
0,مانستحقوش بارسوكو كون عيطولك _ ل ايكيب ناسيونال فرانس _ ماتراطيش كاس توا
0,حنا جينهم ساهلين ديريكت عاقبونا و _ ل مصاروا مازال بفففف ياخي
1,نتمنالك ال شفاء ال عاجل من عند الله خلي امانك قاوي ماتنساش لو ميراكل دي وسيلة ف بهجة انا مع ال عسر يسرا و لالجيري اي توت ما فامي تو سوتيا
0,_ ال حاجة 1 راك باين ماكش مصري و _ ال حاجة 2 البريزيل _ و طلاين درتو معاهم سكور _ و ال ماريكان ????????????????????
1,انشالله نربحو ربي مع _ ل ايكيب ديالنا
1,معاك يا خضرة وهادا عام عامنا
0,شكون ماعمبالوش ف راپ اني مرهوش
1,ووووو فيف ولد عباس هاداك ما يليق لا الاه الا الله محمد رسول _ الله ( صلى الله عليه _ و سلم )
0,نيميرو 2 نتا ماشالله ادا مالقاوش وين يروحو يجو عندنا البيض بلاد الكرم
1,ميرسي زيزو نطلبو حاجة منك برك اوقف مع ليكيب نتعنا برك لازم _ واحد كيما نتا تعاونهم ميرسي
1,ربي يجيب _ ال خير _ ل ال جميع نشالله و لي تلعب مليح تربح بون شانس بور تو
0,سي دي باربار ايل سون بير كو دي انيمو حسابهم عند ربي كبير !!
0,خطونا ما زعاقة و تبهدايل
1,يا جماعة صحا فطوركم
0,الله لا تربحكم شنشفتونا عيب عليكم حنا حاجة ماوصلناها من هادي ال عتب
0,ولادنا ما يموتوش على جال ال بالون نتوما كل عام عندكم 5 مور سي سو _ ن اي با بلوس
1,نشالله يتعلم لو كونطرول برك
1,و كاين واحد اخر يلعب في لا فرانس _ ( بوست _ 3 ) مليح بل بزاف نسيت اسمو
1,مخلوفة نشالله لمرة جاية _ و انشالله يدو تيتر هاد العام
1,سالو سافا موا سفيان نشالله _ ال رابطة تنحي ماتش اويكلو افيك حمراوة و مولودية وهران
1,نتمنا لهو التوفيق و رمضان مبارك لكل الشعب الاسلامي جميعا
1,لا تسبو _ ال عرب لان _ ال رسول عربي _ و ليس جزائري اتقو الله في ما تقولون
0,حبابك انت يا صاحب تعليق 1 حنا لي بربر ما عندنا حتى علاقة _ معاهم انشر يا _ شروق للمرة الاولى
0,_ صح صح اني حاب دركا نحارب _ بي ال كاتبة
0,_ ابن عمي لي دينوسور عايشين معانا _ و حنا ماعلابالناش !
0,يستاهلو هاد _ ل بنات بويسك طماعين اون بلوس اخالفو _ ال شرع _ ال عادات
0,وي كاينا منها انا عايش في الدوحة‎ لي الجيريان غير جايبينها تحواس و شوبينغ
1,مرحبا بك في بلدك الجزاير وعاشت اناشيدك يا يوسف
0,بون ديبارا اون ا بلو بيزوا _ د اون فوايو كوم توا ايا روح تحبي عند باباك حداد
1,_ سلام مرحبا _ بي خوتنا لي ماروكان نشالله تكون روح رياضية عالية و الرابح مبروك عليه ڨود لاك
0,_ ل الجيري طامعة تروح ا لا كوب دي موند
0,والو ممنوع _ ال تجمعات رانا في حالة _ ال طوارئ و الى _ لا % دو فوط ايل فا ديباسي _ 13 %
1,نشالله لا فيكتوار في سطيف _ ال عالي
1,ميرسي بور توت لي غوسات _ ج اطو توجور لو مخبز لو بقلاوة اي لي كعيكعات
0,سي تو سي با اسي ايل دوفري ايتر كوندامني ا مور ان هي ال حكم ب _ شريعة ???????
0,الدم عاد يسيل و خارج حتى من خشامها
0,لا حول _ و لا قوة الا _ بي الله و لن ترضى عليكم _ ال يهود ولا النصارى ال نصارى حتى تتبعو ملتهم الله يدينا نشالله
1,الحمد على سلامتكم نشالله يبعد علينا _ ال عين حنا لي الجيريان
0,عمرون او في شباب قسنطينة اون بلوس طاب جنانو ماعندنا مانديرو بيه حنوني
0,تو اي فريما كون مون _ فرار السد ال قطري انا كان يعطولي مانلعبش _ فيه بلاد ميكي بلاد تع كيكي بلاد كلش فو كلش فيها _ مفابريكي الله يهدينا اجمعين
0,هادا بنادم ماعندوش _ مارش اريار كابابل يقتل ڨع لي ليبيان الله يستر
0,حرام عليكم كرهتو لا جوناس في كلش
1,اشبال ال امة فكرة بيان اي فيف بوتفليقة افيك ل _ الجيري مع تحياتي
0,ماكان ايكيب ناسيونال ولا هم يحزنون يا لمعسكري الله يرحمك يا سعدان
0,لي ايجيبسيان سون لي امي دي سيونيست كي جار لو موند انتيي دونك لي سانكسيو دو لا فيفا سورون بردا و سلاما على ال مصريين
0,الله لا تربحكم تبكيو على ال قبة تدرح سسن بيتيي و مابقاش فيكم ال حل على لي ايكيب ديال _ ل اووست الجمعية الرياضية لمدينة وهران مولودية وهران بلعباس معسكر وداد تلمسان بصح ماعليناش هام جاو شواكركم _ يا ال عاصمة ايلترا ال حراش
1,معاك يا ال خضرة ديري حالا اي فيف ل الجيري
1,ان شاء الله نربحو و ندوه معانا لا بلد في طريقنا
0,روح تاكل _ ال خبز في بلادك ولا تعرفو تحڨرو غير ال مسلمين مي هنا راك في دزاير ماتنساش
1,زياني احسن لاعب في العالم
0,علاه كي يجيو يلعبو معانا يوليو معوقين
0,عيب 2 ماندا بزاف عليك
1,وي لو ماروك اكثر جاهزية لي هاد تصفيات لا على المستوى تنضيمي
1,سالو _ ربي يهدينا اي عضم الله اجركم
1,جوتام ماجيد نشالله تكون ديما فلعالي وديما مشرف بلادنا
1,فيف ل الجيري فيف ل الجيري نشالله يا ربي تبعد علينا كل عين
0,مسكين _ ال لاعب _ ال محلي عفسو عليه في هاد _ ل بلاد سي انجيست كاسك ايل اريف
1,نشالله يروح ليفربول مع لو ماجيك مجيد بوقرة
1,نشالله لا فيكتوار في سطيف لعالي _ وفاق سطيف 2 أهلي برج بوعريريج 1
1,شاوشي اون فري هوم ? و رانا معاك
1,فيف _ ل الجيري _ و مبروك على شاوشي ال رجعة
1,عجبتني تع ولد زياني اشهر من ال وزير
0,رجعنا ال جاهلية كيما كانو يڨتلو ولادهم
0,حسبنا الله _ و نعمة ال وكيل فيكم _ يا حكام ال جزاير
1,فيف مولودية وهران ايل راست اون ماتش اي طلعة ناسيونال _ 1 فيف مولودية _ د اوران لي ما بغاش يبات يخدش
0,"يحسبونا دي _ كوباي , _ ل بلاد ولات لابوراطوار"
0,و مي والله ما نخدم عند _ ال عربي كحل _ ال راص و يرميني و _ ال عسكر منفاتو اوكي ميرسي
1,مالڨري هاد سخانة _ و ربي صبحانو عاطينا صبر هادي رحمة من عند الله ربي يقدرنا _ و يتقبل منا نشالله
1,فيف مولودية بور توجور نشالله هاد عام لينا موفق
0,يكومباطي لا ميزار لي لسقت فينا ولات كيست
0,راح نڨول لي سوجي لي طفاو عليهم دو
1,اواه يا شريكي ماشي برك هو لي دارها وفاق سطيف تانيك دارتها تضامن مع فلسطين
0,يا ال خونة يا يهود تحيا فلسطين و تحيا ال جزاير يا كلاب ال عرب
1,1 2 3 فيف _ ل الجيري و نشالله ڨع تبراو باش تفرحونا رانا معاكم يا خضرة
1,ربي يحمي ال بلاد و ال شعب اي فيف _ ل ارمي الجيريان
1,فيف مولودية وهران نشالله طلعة هاد _ ال عام فيف بلقايد اي بالار
1,نشالله لا فيكتوار في سطيف _ ال عالي
1,راندي فو دومان عندنا الله يجعل ال خير
1,فريما تعجبني بزاف و ربي عاونك
1,هاد عام شامبيوني فيف أولمبي الشلف
0,"واش من _ اخلاق , راحو وخدو ال مخلوق"
1,فيف بوقرة نشالله _ ال عام _ ال جاي في ال بارسا في بلاسيت ماركاس
0,لا حول ولا قوة الا _ بي الله اتمنى ان الله ياتيهم بي زلزال عضيم
1,مبروك يا لفحل و الله افرح ميمتك الي سهرت عليك هادو اولاد بلادي الجزاير نطلبو ربي مستقبل حافل بي النجاح و هو مفخرة لي ال جزائر
1,انشاء الله نفوز على زومبيا زكارا في _ ال مصريين انشاء الله _ ل الجيري سورا مونديال اي او كان انشاء الله
0,هادو ڨع ما عمرولكش عينك
0,شكون الي ڨاللكم قسنا شيرين هادا مقاس العامية غير الكحل
0,لي كتب ارتيكل نتع كاب و نهد راهو لا علاقة
0,جيرماني غاب حسك حسبتك حرڨت راك في طاليان ولا لا فرانس خليونا نعيدو طرانكيل يرحم والديكم
1,فيف شاوشي عندنا تجار خير من يبدة
0,اسكتو شراوكم بي 30 مليون في _ ال شهر هادا واش تسوا عندكم الدزاير
1,_ ال حمد _ لي الله على سلامتك يا رب وحد صفوف ال مسلمين و ال جزايريين يا رب و فيف بلادي
0,مي سعدان دار لا فوت مين دخل صايفي نورمالمو يدخل عبدون اي بودبوز
1,ربي معاك يا شيخ سعدان و رانا معاكم حتى ل لا فين
1,يعطيك الصحة يا سعدان _ كي جيت انت ال جزائر ولا ال لعب مليح نشالله نعطو طريحة ال ماصر
0,هادي العقلية كاينا في بلادنا برك مناه ماكانش لي موايان و زيد عقلية لي جووار لوكو مبدلة
0,يا شعب ماينفع معاه ني افا ني ابري
0,_ ال حاج موسى موسى _ ال حاج اون ڨرو روح عڨب _ ل ارمي و _ ل افونير ديرو ا 40 اون
1,جو سوهات ال هداية لي امة محمد صلى الله عليه و سلم
0,تدحكو على ال مصريين الدحكو على رواحكم
0,الله لا يعاود يورينا وجهك _ لا نتا لا لي كيفك
1,ايل فو مراد مغني يلعب مراد لاعب اساسي و يعرف يلعب
1,بارك الله فيكو ربي يوفق _ معاكم فيف لي الجيريان
1,_ ال قدام برك لي فار توت _ ل الجيري ديريار فو _ و ربي معانا
0,_ ديفوندي فوطر شيخ كونطر الفرقة الضالة ال شيعة الرافضة
1,عندك _ ال صح يا سي حناشي
0,ههههههه _ 30 بور 100 اكدولنا _ ب ال غضب _ 1 اون و هوما يغضبو علينا ياو ال عاطي ربي
1,بون شانس الجيري 123 فيفا الجيري الي لي فار ربي معاكم يوسف مايفي
0,بور لو رفيق _ دو علمة جو سي كو راك حاسد سطيف بصح ديرو _ 1 / 10 واش دارت سطيف باراكات عليكم
1,شوفو راني درت ال ڨول افيريج و صبت لالجيري رابحة _ 1 _ 0 تانزاني ايا و مروك تخسر مع لافريك دو سانتر _ 1 - 0 و حنا كي جينا لافريك دو سانتر نربحوها _ 3 _ 0 و حنا نكاليفو نشالله ڨولو آمين
0,ڨولو _ ل هداج _ مايبكيشا !!! القبة طلعت _ ماتوليشا !!! كاس توا دي فوت بال _ ت ا با دو رولاسيو _ افيك !!!!!! كاس _ توا !!
0,و الله غير عجب توس لي الجيريان دوفيان دي كونيسور دان لا فوت ياخي شعب ياكل مايديرانجي
1,_ سلام بور موا نشوف فيه مليحة برك واش تڨولو يا جماعة
1,عندك حق يا ملات تعميك 2 هادي هدرة ماكانش كيما تتزوجي ب حبيب قلب سان شروط
0,انا مخي خامج مخي معمر بي تخمام
1,زياني نتا فور بزاف في اللعب بالون _ مليحة + نتا فحل و تحب بلادك ميرسي كريم
1,ال حمد _ لي الله يا ربي الله عودة شاوشي اوف مانتونا جو بو دورمير ترانكيل ميرسي سعدان
1,نقلك يا الشيخ سعدان واش راك تستنا باش تعيط لا شادلي بلاستو _ بي السيڨار
1,ربي اكون معاكم يا _ ال خضرة 1 2 3 فيف ا نو _ لي الجيريان
0,بور لو _ 10 علاش نتوما من وقتاش عندكم تاريخ لا جالوزي
0,نورمالمو يعدموه اون بلان اير كيما ڨال _ ال امام
1,فيف مولودية هاد _ ال عام عامنا فيف طويل شامبيون مولودية
1,جيسبير دو بون كور كو زياني اي مغني سوا بري بور لو مونديال امين يا رب العالمين
0,ديما تصرى ال غالفوهم في جورنال ملايكة خاطيه
1,فيف ل ايكيب ناسيونال اي فيف زياني بلحاج عنطر يحيى وما ننساوش غزال لي فرحنا ومازال يفرحنا كتر مع ايجيبت نشالله
1,فيار دو فو ولاد بلادي هاڨداك فرحونا _ فيهم باه يعرفو معامن راهم يلعبو بون كونتينواسيو
1,بونجور _ نشالله رانا في _ ال مونديال مع يبدة اي مغني اي توت _ ال فريق الوطني
1,سلام عليكم خاوتي لي الجيريان نشالله يا ربي لي فار يفرحونا ف _ ل افريك _ دي سود _ و نروحو لو 2يام تور _ ب ربي نشالله ادعو معانا _ يا ربي _ يا ربي آمين
1,ربي معاك _ بي التوفيق نشالله جو _ سي با سي _ ج اي لو دروا دو فوطي
1,و _ ب الصح على تو لي الجيريان
0,وين هاد _ ال غيبة يا عمي عثمان ما خلاوكش لي جينيرو الجيريان تخدم على روحك ماعليش ربي وكيلهم
0,اكدبو علينا قبلما يفوتكم _ ال عام سي لو ريفيو با لو _ بواسون د افريل الله يهدي ما خلق
0,حاجة وحدة ال معاق _ في ال جزاير مايقدرش يخرج ل الشارع ابصت حقوقو _ في ال حيات حرام عليكم
0,_ لو وفاق سطيف علمو _ ل اتحاد الجزائر بالون و قراوهم ورق و ستيلو
1,رايحين _ ل ال مونديال ڨع مع لي فار و و كوب _ د افريك مع سعدان جيبو لا فيكتوار
0,و بالاك تقولولي جابت 12 بار سو كو نزعف
0,بور لو 8 تي مالاد يا العباسي
1,فيف الشباب الرياضي لبلوزداد نشالله هادا _ ل عام كوب و شامبيوني
0,جو تو دي يا ميسيو بوريان ويلا راك تستشفا _ في ال مسلمين
1,الي لي ل الجيري لا فيكتوار اي انديسبنسابل اي رانا معاك يا سعدان
0,ماكان ماكان هادا كلشي كدب في كدب راهم عايشين معيشة خاسرة ضيعو حياتهم في باطل مي لا فوت نتع دولة نتعنا
1,اي وي ربي معاك هاجر نشالله تو ا فير اون تري بال _ كوم لي اوتر في نشالله
0,نشالله تشعل فيهم يا ربي
0,واه غادي ڨع نحرڨو كرهنا من هاد ال بلاد لا ميزار نوار
1,الله اكبر و ماشاء الله الله يبارك فيك و انا حابا ارى موقعك الالكتروني _ والسلام عليكم يا اختي
0,ال باك راه مع _ ل انسيان سيستام مي مانتونا _ حاب يردهم كي لي شا ماكلة و رقاد
0,الا كل واحد راه حاسب ال جنة ف لا فرانس راه غالط اصعب شيء في دنيا ال غربة
0,اك مازال روح تلعب لي تورنوا دان تون كارتي تا بلاص _ ن ي با دان _ ل اكيب ناسيونال
0,"كون لاجاتني _ ال موت و حكموني لي _ باطارد , قولهم عندي رصاصة مخبية في بيت النار"
1,يا ربي نشالله نعاودوها اي فيف _ ل الجيري
0,حناشي ديما مسوس مع روحو
0,جيل ماشي مربي سي تو _ بارتو سي فيني لو موند اغاب عرب _ جرب باي
0,ناس طالعا ل لا لون و نتوما ريحو تداربو على نهال ال عيد اما هوا
1,نشالله موا اوسي _ ل اني بروشان 19 امين يا رب _ ال عالمين
1,ربي اوفقهم نشالله _ و اكون معاهم اديرو قلوبهم برك _ و ينساو ڨع واش ڨاعد اسير _ ال فوت تع دزاير نشالله 2 ALG 0 LIB
1,ال حمد لله على توس اي اسبيرو كو تو فا بيان انشاء لله
0,سي اون بلاڨ ديبوي كان لا فرانس ايكوت سو كو فا لوي دير بوتفليقة رحم الله من عرف قدر نفسه
1,عندك ال حق حناشي سيرتو ف لي افريكان لي نقصو علابالهم راني ف ليبيا
0,"حبو يتلفولي ال _ راي , يڨلبوني راكاي"
1,تو ريان ربي اصبرك و ثبتك على الشهادة و لكل اجل كتاب و كل نفس ذائقة الموت و العمر بيد الله و لا تنسى ان الله هو الشافي _ المعافي ندعو لك بالشفاء انشاء الله لا تنسى زيارة بيت الله للحج او عمرة
1,و سطيف عروستنا و حنا معاها و نشالله لا كوب 3 توجور مع شيخ سرار
1,فيف سعدان ديما معاك
0,و _ ل اخرى كان عندها مرد بسيكولوجيك ربطوها ب ال حبل زادو دربوها على رجلين
0,يا و الله _ مايديرو لهم والو يعطيوهو غرامة مالية _ و فوت لهيه لوكان دارتها الجزاير مع _ ال مصريين قسما _ بي الله غير يحرموهم من كأس ال عالم 2014 _ و يزيدو لهم غرامة قد الدنيا _ ال يهود _ و ال مصريين متفوتهمش هادي على _ ال تعطيل باين _ ال ريزولطا
0,نو مراد سيلفوبلي _ غير نتا ماتلعبش _ في قطر خسرنا بلحاج _ باراكات سيلفوبلي
1,عودة موفقة يا متمور
1,بون كوراج لي شامبيون فو ايت توجور لي _ مييور فيف لانتانت دي سطيف _ ال عالي
0,مازالت الوزارة تأكد على انها غبية ولا تتصف بي اي ذرة ذكاها ها ها نقول لها انتي فاشلة والقرار دليل قاطع على دالك
1,123 فيفا لالجيري مع يا سعدان
0,تستهلو مكتار ربي يسهل عليكم باسك انتوما لي حبيتو هاكدا
0,نو واي مع ليهود
0,عمبالي _ كي نحكي كلامي ابان سا فا با
0,ال جمعية _ ال ملكية ال مغربية لي كرة ال قدم جو دي بيان ال ملكية خوف عليكم لا بقيتو هاك غير مع بنين
1,بون شانس بور لو رائد القبة فيف لي كوبيين نشالله طلعة اي بون شانس بور عليلو
1,ربي معانا ماتخافوش بور موا شاوشي
1,صارة بون باك اي بون كوراج ربي يخليك _ ل والديك و يحفدك من _ ال عين
1,الله ال مستعان
0,دوماج بور زياية نورمالمو توقف مع بلادك
0,جو سوي شوكي سي فريما ڨراف الله يستر على بلادنا من الارهاب الى الشيعة
0,كثرو ال مشعودين لي زعما يديرو قياس شرعية
1,رانا معاكم رابحين ولا خاسرين ديما
0,مي لي في تعنا يسدقو نيمبورت كوا انا هادا فايس بوك جامي شفتو خلاه قلبي مرتحتلوش مالغري عندي انترنت دوبوي 4 سنا دخلت لي سيت كل غير فايس بوك هادا ربي يهدينا
1,تحية حارة الا كل انصار ال مولودية _ ( شناوة ) رانا معاكم اربحو بابيا برك على وجه شناوة ميرسي شروق
0,مون فرار عصام ن 5 واش نقلك خو هادي _ ل بلاد لي يسموها لالجيري قسموها بيناتهم شوف شبعة بنت ال انشور يا شروق
1,قبل مايدور عليك _ ال عام تولي ارشي ميلياردار
1,فيف شباب بلوزداد بور _ توجور لا كوب نشالله هاد ال عام
0,"ڨلبوني _ شمبلان , نقتل بيهم 99"
0,شعب فلسطين شعب مضلوم حتا واحد مابغا يعاونه
1,ربي يجيبلك الشفاء يا شاوشي ونتا دايما فور تڨعد فور بزاف
1,برافو عليك يا صرية حداد فيف _ ل الجيري
1,فيف توا مبولحي فريمو فور بزاف ل كونفيانس راه اطرطق عندك نشالله تفرحو مع ماريكان
1,الي ل اسما _ ب ربي نربحو اي سرب كاش عام
1,فيف اسمه او مبروك عليكم يا رسك او حبطة ليكم مبروك عليكم
1,ربي معاك _ او ربي اعيشك لينا نشالله يا بوتفليقة
1,او فا قاقنيي نشالله عاودها يا سعدان 123فيف _ ل الجيري معاك يا خضرة ديري حالة
1,يا الله انصر فلسطين و كن مع اخواننا انا والله لوكان اخليوني نروح والله مانقعد و فيف ل الجيري
1,صابر رباعي فنان محترم !! احنا معاك يا صابر ليس لا كارفان باس اي لي شيا _ ابوا !!
1,ايل اي ميو كو منصوري اي لموشيا راح اجيب ولده يلعب
1,فيف _ ل الجيري زكارة _ ف ال عديان
1,البارحة ذهبت ال المكان ال الذي كان فيه فريق الوطني و كانت تظهر في وجوههم العزيمة و ارادة ك انهم والله اسود في تربصهم في جنوب فرنسا وكان حتا عوامل تشجيع فريق ال وطني في هاداك التربص مع ذالك ال برد _ القاسح و لم يتمكنو عن الحضور ل تشجيع ال خضر ف هم كانو فغايت ال لياقة و استعداد
0,ايل او في سا كونتر لي شيعة مي بور موا س اون باند دو فوايو كي ديريج لي ساؤديان سي دي تراتر دو _ ل اسلام
0,"كي نسمع _ ب دو بارتي يدابزو علا _ ل كرسي , _ ج م م اون انفو غير يخطيولي راسي"
1,ربي يستر مي نشالله يعاودو _ ل خسارة نتاع لافريك ل افريك و _ يرجع ل مستوى _ ال مطلوب
1,معاك _ ي ال خضرة كلك سوا فوت او هاند !
1,ان _ شا الله ربي معاكم قولو امين
0,سي قراف _ ل الجيري قاع ماعندهاش لي ستاد
0,سلام _ اشروق العبد اذا جاع اولي يسرق ادا شبع اولي يفسق افهم يا لفاهم
0,"زعما ابيع _ مايخافش , و هوا يخدم معا زفافا"
1,فيف سرب او فيف عاني سعيد بيطاري
0,ا تو لي ريسبونسابل فو الي بايي انشالله او ليو دو كونساكغي لارجو دو نوتر بيي ا كونستغويغ دي اكونومي فورة اي كرييي دي امبلوا بور نو جون ال نو رامان دو لا ركاي ! الله ينعلكم يا مسؤولين ل يوم الدين
1,فيف _ ل الجيري او معاك يا ال خضرة نشالله 4-0 كي ما قال خويا
1,سنتغلب علا _ ل مغرب ماناش محتاجين لا ابراهيمي لا بن زيما عندنا لاعبين فور بلا مزية فرنسا
0,كيفاش _ ل ارتيكل اقول ان انفو ا باردو سا مان _ و انت تقولي عجبك ال _ احتفال !
1,مالا قوللهم اني هنا ديما بيان بيان بيان
1,فيف صسص ديما انشالله طلعة لينا فيف صسص
0,"لاكان عجباتك ال سرقة _ ب ال _ كريك , منلومكش خاطاك عقليتك تحبس _ ف ال حدود تاع كارطيك"
0,شيخ براهيم كون تشوف واش راهو يستنا فيك او واش راهو مخبيلك رب ال عالمين يا شيخ جهنم
1,فيف شروق فيف ل الجيري يا رجال شروق لازم ديرو مستحيل باش تحلو شاشة سور ساتليت اي نو اون اي لا فيف شروق ربي عيشكم
0,جو سوي با داكور معاك يا ندير ربي يهديك بهدلتنا سي بور سا حنا ب _ ل عرب عدنا _ ل اخرين
1,متمنيتنا لكم ب ال فوز انشاء _ الله توس لي مروكان دعوتهم معكم دان سو موا دو رمضان ال كريم يا رب دومان لا فيكتوار بور نو فرار _ الجيريا دو مام بور لو مروك كونتر لو _ توقو مام سي لي شانس بور سو كاليفيي سو _ مينيم دو توت فاسو اون سورا تري كونتو او موان دو فوار ل الجيري اون كوب دو موند
0,عايشين فيها غير لي ملياردار مي ڨاع جيعانين الجيريا
1,نيمبر 1 23456 يعطيكم صحا ماعندي مانزيد انقول
1,فيف لالجيري رانا معاك يا سعدان و يعطيك _ ال صحة يا زياني
0,عاودنا ال كونترول ارقدو ابري ما تحتاج نص لالجيري باه افيقو
0,ياخي رخاس ياخي _ له لا تربحكم ديجا جو كوني لي جان دو عنابة ماعندهمش انيف الله يهديهم
1,نشالله خير يا كريم ربي اكون معاكم
0,خاوتنا راهم اموتو في كامل اقطار البلدان ال عربية و حبابنا حصلو في سواقة تاع مرة
1,فو افي ريزو راني معاكم
1,جيب معاك ان كيلو تاع زلابية اي مرحبا بيك
1,رانا في لعواشير جبيت نقول بلي سعدان دار لي عليه راهو انسان وتاني احب لعلام و ربي نشالله اكون في عونو
1,سا جو لانتا بلوزيور فوا كو دي ميدسان ديز او ملاد كو تو فا موغيغ ا اون سيرتان دات مي لاج اي ا لو ديو صبحانو انشالله تو فا قيرير اي تو روبرو فوتر اسبوار اي انشالله انشالله انشالله تو فا قيرير _ ( امين يا ربي لعالمين )
1,ربي اشافيك و يغفرلك ذنوبك و يعاودهالك حسنات في ميزانك عليك بالصبر و قوت الايمان
0,سيل تو بلي شروق ما تزيدوش تشرولنا تعاليق تاع _ ل مراركة _ ل مشاركين ا _ ل مراركة اوكوبي فو دو فو فاس اي روحو تعبدو ال ملك محمد _ ال سادس رعاه الله و حفضه و ادخله الله فاسح _ ال جنان اتس راهو الاه تاعكم
0,"كي نسمع ب لي _ انتلو , كاين منهم _ ب ال _ كيلو , لا بروس رجعت _ ب ستيلو"
1,فيف نهد انشالله لا كوب ل عام _ ال اجاي فيف نهد كونترا علا سرب اي رسك
1,انشالله _ ال فوز الجيري _ 2 / 0 فيف الجيري تحياتي ال شعب الجيري مغاربة _ معاكم ديما خضرة
1,كوراج لي فار اي ربي معاكم اون فو في كونفيونس اي فيف _ ل الجيري
0,اها ولدي ماشي كيما هكا _ قولنا ياخي قلتلك لي يغلط معاك _ ب بدماغ هادا واش تفاهمنا اه تخلصها غالية نهار ماتش زامبيا ماتخافش
1,بون _ كوراج شيخ رانا معاك مام او بوا نور رانا _ جايين ازدم لي ل امام مارش اريار مهرسة
1,نشاء الله هاد العام لا كوب ف _ ل حمري امين
1,_ 0 - 1 مبروك علينا هارد لوك بور ال اهلي
1,يا الله اعفو عنا و ارحمنا _ ب رحمتك و لا تعذبنا و ارحم و احفظنا يا الله
1,1 2 3 فيف ل الجيري بور توجور نشالله ربي اكون معانا
1,نتمنا تكون مبارات اخوانية و نعيشو روح رياضية عالية و نشالله اون ا قاقني لو ماتش بون شانس
0,30 سنا من حياتي عادو نوار
1,ربي يهدينا جميعا و الله ينصر الحق و ال علماء و دعاة ال مخلصين
1,سلت ب1 سور بلحاج لو مييوغ موا جو دي صحا عيدكم _ و كل عام و نتوما و الجيري _ ب خير
1,عندك ال حق يا _ ( 42 ) هادا كلام ولا خلينا
1,بارك الله فيك والله حاجة مليحة بلاد رجالة يعرفو لا فالوغ دو رجالة ماد اون الجيري
1,ربي اعاونكم مي فرار و قاع رانا معاكم
0,دزل سوي اتوديو و اني نعرف اش هيا ال جامعة صراحة ماتفراش
0,سبحان الله لا سوسييتي رابت اون فورس لي بروبلام تاع لي فامي او مشاكل تاع ديفورس
1,مبروك عليك سي سايبي اي بون ريوسيت انشالله
0,احنا ديوانة ف اليزي عندنا 5 سنين نبت فينا _ ا رمل واحد ما قدر امتينا جا بودربالة هنا و قالنا في _ 3 اشهور انميتيكم مي دوماج ر ا س
0,وين راهو فيلم ال سفارة فالعمارة هادا قاع تنهال خدمو مع ليهود و من قال حماس ضالمة ف هو من ال شارون
1,مو شار فرار _ ريان انشالله كو ديو تو _ قيريس صبحانو الهم يشفيك ويشفي مرضى _ مسلمين اللهم ابعد عنك ال الم _ و اسقام اللهم انك قدير _ و بلاجابت _ جدير مي شار _ لكتور دعاء ا نوتر شار فرار ريان اي او _ مزولمو امين يا ربي
1,ال استاذ ليس عدو _ لاكن هو ك _ ال الاب _ ا ثاني ل _ ال تلميذ
1,و عنده _ ا صح
0,فاقو اجيبو دي بروجي يخدموهم مع صحابهم افصلو و يلبسو ياخي بلاد ياخي
1,مادام معايا ولاد شعب ديما بيان بيان بيان
1,خويا ريان ربي اشافيك شدة ف الله انشالله ربي يعطيك صبر سيدنا ايوب يا رب ال عالمين اي بشفا عليك خويا
0,ولينا نخافو نديرو اوبراسيو حتا ف بلادنا والله لا عيب وين بيها يا بلاد !
0,الله لا يرربحهم علاش ما يروحوش اجاهدو في فلسطين ولا _ ال جهاد مع خاوتهم خوارج ربي اصفيهم انشالله
0,ماتقدرش عليهم خاطاك مخك مشهو قدهم
0,هو و شوية مايقراش حتا ال عربية
0,ياو دز معاهم عاقدين عليكم عاقدين حبس شامبيونا ماتحبش دير واش تحب ال فايدة لينا نشبعوكم فول انشالله
0,ياه ربي لعبد هاداك او ما يستاهلش اكون جزايري كون غير ما رجعش ل بلادنا بويسك لبلاد هادي ما تصلحش واحد كيفو
0,سلام _ عليكم افي فو ديجا فو ان هوم بوليتيك او ان مامبر دو _ ل ايتا او ان اورقانيزم دو _ ل ايتا سون روبريزونتا اي جون _ ? ل فوتو دو الشروق بروف كو نو ديسيدور سو فيو ال اون ان بيا دا لا تومب استغفر الله اي ال تيان تجر او _ بوفوار ياو ال موت كاينة
1,يا ربي نربجو مع زامبيا و مع رواندا و نروحو ل مصر ب لي جون
1,ربي معاك شيخ اون فو ريسباكت نحبوك والله بون شانس لو _ 7 جوان
0,دير في روحك قران بليزير و استقل يرحم والديك راك كرهتنا ف ل قراية خاطرش ولادك خلصو قرايتهم عليها بديت تخلط علينا و سياسة كوبيي كولي - من عند ل اوروب
1,موا افك حليلوزيج عندنا اون بون اكيب اي فيف _ ل الجيري
0,واش من مستقبل بور ان افيك سي اسنسيال جزائر راحت مع بومدين < عساد < ماجر اي بلومي لو راست س ريان كو ;;;;;;;;;;;;; حاشاكم
1,فيف ل الجيري زكارة _ ف ال عديان
0,"انايا ل يوم _ ج م اون _ فو , كي عرفت _ ل يوم كلشي فستي"
1,انشالله برك يفروها يا ربي _ مع هم بون كوراج نوتر اكيب _ ناسيونال رانا معاكم مالقري تو
1,ما شاء الله و لا قوة الا بالله فريمو ال نو ا هونوري ا ليترانجي جو لوي سوهات ل بون كونتينواسيو بلان دو سكسي اي دو فيارتي برافو ولد بلادي ربي معاك
1,الا عندنا دعوة عند ربي انشالله يخسرو ب 4 à 0 امين يا ربي زعما مولودية الجزائر ههه _ ال عميد هههه فريق _ ال عاصمة هههه
1,رانا ديما نستناو ف ولادنا ربي يشفيهم و معاك يا الخضرة
1,سي بون نشيخ و نعيش ديما فرحان
1,حسبنا الله و نعم ال وكيل اللهم لا تاخذنا بما فعل السفهاء منا
1,123 فيف شبيبة رانا معاكم فرحونا رانا زعفانين
1,1 2 3 فيفا لالجيري روح يا عمو سعدان راك رابح
0,صوفية مدعومة ب امريكا و وزير شؤون دينية و مر و حفظهم تظليل _ ل مسلمين عن دينهم و نشر _ ل خرفات و _ ل بدع و بناء في كل مدينة زاوية و دريح و هم كثيرون ف غرب لجزائر و ان كانت لهم عاصمة ف هيا مستغانم حذاري حذاري يا اخوان والله انهم اشد خطرا من بني صهيون و نصارى
1,نشالله اكون خليفة تاع زيزو ل فرح لا فرانس _ و نشالله مادين يلعب بور لالجيري ل الجيري اي توجور فيف _ ل الجيري
0,_ و حنا _ ك نشوفوها نقولو شو ياخي خامجة
1,فيف صسص ديما عام الطلعة
1,عندك _ ال صح يا مول تعليق 2 يبدا و 0 كيفكيف
1,رانا شفنا الحاج دن لو متش _ الجيري + بريزيل مالقري لعب 10 من مي ال في لا ديفيرونس
0,انتم يا ثوار لا تستاهلو ماعندكم _ لا دين و لا ملة
1,بون كوراج لي ايقل ربي معكم ولاد لانتانت
1,ربي مع لي فورس دو سكوريتي
0,صايفي _ خير لك تروح ادير جوبيلي ف اسرع وقت ممكن انتهت صلاحيتك باي مارسي
1,_ و لي عندو عرض او ماعندوش بيرمي دو كوندوير !!!!!!? فيف الجيري انشالله الجيري رابحة زامبيا ب 4/0 وهاكا يلعبو حتا ف تراب فرحونا الله معاكم
1,برافو لي فار نشالله تعاودوها افيك غامبيا
1,سلام عليكم سلام يا شاوشي يا بن شيشة في خاطر دزاير او في خاطر لا جسبم كون سبع كي باباك او زهينا ربي اكون معاك ان شالله نحب نقولك حاجة _ او هيا نعرف بلي قادر عليها بصح ما تزيدش تخرج بزاف عن منطقة ديالك كيما يلزمش ال حال و ان شالله تفوزو يا فوزي
0,سالو هادي ماهيش عتابة مي عقبة وعلاش هادا كامل عليهم ترو شارج و ربي معانا في باك 2011
1,انشاء الله نربحو زكارة اي نروحو ال كاس ال عالم
1,تري بيان يا عدرة و ربي معاكم _ و ال جالية _ ا تونسية ف جابو تحييكم
1,لبارح فرحنا من تعادلة دزاير او نتوما فرحتو مين تعادلنا حنا هههه مي هادي هيا لكرة نشالله ف لماتش نتاع مروك فس الجيري تكون فيها فير بلاي او صحا فطوركم
1,ايا لي جون افرحو _ و فرحونا معاكم ربي ينصركم _ و يكون معاكم
1,و نشالله تو لي الجيريان معايا فيف سعدان
1,عاودوها يا لي جون
1,ربي معاك يا خويا والله سا ما في دو لا بين اي جي مام دي لاغم او _ زيو احكم ف ربي او ربي اجيب شفا ان شالله جو تو سوات بك دو كوراج
1,فيف _ ل الجيري معاك يا خضرة انشالله
0, ل مرة ديا ستيلو ادير مساكر ا ل ترانسونوز
1,يا رب يشافيك او يمدك بقوة اكثر ملي انت فيها ربي مع اصابرين و رحيم بعبادو اكثر من رحمة ال ام علا ولادها نطلب من ربي يشفيك اويحفظك هادا ابتلاء من عندو كون صابر او ربي يفرج عليك او ماتفقدش ال امل ال علم ديما يطور او ماتدري انشالله اكون شفاء باذن الله ربي معاك
0,مانبيعش ب طرف علا جال 100 الف تاع سقاطة
0,هيار جيتي اونتغا دو شيرشي لا شان اراب كي ديفوز لو ماتش دو ل'اوم بور فوار زياني الوغ جي تغوفي كو اون شان ليبيان ديفوز لو ماتش دو ليون والله عيب عليكم يا لي تسمو روحكم ريسبونسابل و نهار كامل و نتوما تزوخو علبنا درنا و درنا لييبيا حشا سامعين ديفوز شامبيونا فرانساز اي اون ديراكت اي نو ان ماتش دو ليكيب الجيريان اون بو با لو فواغ والله تجوز فيكم لقتيلة عيب عيب عيب عليكم اي والله ماتحشمو وجاهكم صحيح
1,لي الجيريان كامل معاكم انتوما برك الي تقدرو توحدو لي الجيريان
1,فيف _ ل الجيري 5 في عينين ال حسادين
0,_ يا ودي دعارة راها بار تو _ ف ال سونتر فيل _ تشوف ال عجب _ ال معجب ناس لابسة راحا تلبس _ ال عرا
0,دوهم _ ل صحرا يفلحو باه يرفدو قيمت ال جزاير
1,_ ال سلام عليكم جو سوي لا بوغ باسي ان قران سالو بور نو جوور _ س اوبلي سورتو _ با متمور 40 لو ميوغ جوور بور مون اوبينيو و نشالله نربحو زامبي _ 2 او 3 اون فان ناس _ ل حراقة كامل معاكم كوم تو لي الجيريان فرحونا نشالله و تقبل الله صيامنا و صيامكم و السلام عليكم و رحمة الله و بركاته
0,لازم يبقا يتعذب في حياتو كيما عذب ا ناس و نشالله يزيد يتعذب في جهنم مع ابو جهل
1,بيان جووي بوقرة نتمنالك احسن لاعب ف _ ال عالم
0,ما عندنا ني لي اكتوغ ني لي برودوكتوغ
