1,طراحی فوق‌العاده با روکش فلزی،  امکانات امنیتی بسیار بالا و پورت‌های فراوان،  مدل 15.6 اینچی HP 4540s را به یک لپ‌تاپ ایده آل برای مدیران،  مهندسین و در مجموع کاربران اداری تبدیل کرده است.
1,برتری اصلی این پنل نسبت به پنل های TN در کیفیت رنگ‌های عالی و زوایای دید بسیار بالای آن است.
1,کمینه ی نسبت کانونی f/3.0 نیز خیلی خوب است و باعث می شود که برای نوردهی نسبتاً سریع باشد.
1,می‌توان به راحتی گفت که دوربین 8 مگا پیکسلی موجود بر روی این گوشی یکی از بهترین دوربین‌های موجود بر روی گوشی‌های هوشمند تا به این تاریخ است.
0,البته لازم به ذکر است که خواندن متن در این صفحه نمایش مقداری سخت است و پایین بودن تراکم پیکسلی اینجا مقداری به چشم می‌آید.
1,این روشنایی فوق‌العاده به کاربران کمک خواهد کرد که حتی با وجود سطح براق صفحه نمایش،  به راحتی با تبلت خود در فضاهای بیرونی و یا در زیر تابش مستقیم نور آفتاب کار کنند.
0,البته متاسفانه این پایه قابل تنظیم نیست و فقط در همین زاویه تبلت را ایستاده نگاه می‌دارد که شاید در بعضی مواقع احتیاج به تغییر زاویه آن احساس گردد.
1,به روز رسانی: کیفیت عکس های گرفته شده توسط X-Pro1 در حد فوق العاده و باور نکردنی است.
0,نویز،  کاسته شدن از غلظت رنگ ها و جزئیات وقتی که از ایزو 800 بالاتر می روید بدتر می شود تا در ایزوی 6400 به اوج خود برسد.
1,•	عملکرد آسان - کلیدهای کامل بر روی دستگاه،  کنترل باریک با برد مناسب،  منوی آسان و فارسی
1,نمایشگر بسیار با کیفیت می‌باشد و کادر بندی و تماشای عکس‌ها از طریق آن بسیار لذت بخش است.
0,جذابیت‌های فراوان آن باعث گردیده که به یک تبلت جالب تبدیل گردد،  اما به هر حال باید بپذیریم که تجربه اول مایکروسافت،  بدون نقص نیست و باید منتظر انتشار تبلت های بعدی این کمپانی ( یا حداقل Surface Pro ) باشیم تا بتوانیم لذت داشتن یک تبلت-لپ تاپ را نیز تجربه نماییم.
0,همچنان در رابط کاربری این گوشی هم شاهد 5 صفحه‌ی خانگی هستیم که امکان حذف هیچ کدام وجود ندارد.
1,"به همین دلیل نیز گستره‌ی حساسیت یا ایزو آن تا 12,800 است که عالیست."
1,"HX200v مجهز به نمایشگر 3 اینچی 921,000 پیکسلی نیز می‌باشد که کیفیتی بسیار بالا را ارائه می‌دهد و یکی از با کیفیت‌ترین نمایشگرهای موجود بر روی دوربین‌های دیجیتال می‌باشد."
0,عکس های گرفته شده در فضاهای خارجی از کیفیت بسیار خوبی برخوردار هستند ولی در فضاهای بسته،  به خصوص در شرایط نوری ضعیف،  به دلیل عدم وجود فلش،  عکس ها دارای نویز بوده و از کیفیت خیلی بالایی برخوردار نیستند.
1,البته این میزان بسیار ناچیز است و GALAXY Tab 2 10.1 همچنان به عنوان یک تبلت بسیار باریک و زیبا شناخته شده است و در دست نگه داشتن آن بسیار راحت و لذت بخش است.
1,لولاها و چارچوب لپ‌تاپ بسیار مقاوم ساخته شده و به راحتی می‌توانند ضربات کوچک ایجاد شده،  مصارف روزمره را تحمل کرده و دچار خمش یا پیچش نخواهند شد.
1,یک ویژگی بسیار خوب دیگر در مورد این دوربین،  شارژدهی باتری آن می‌باشد که از مدل پیشین بیشتر است.
1,با استفاده از پورت و کابل HDMI نیز می‌توانید دوربین را به تلویزیون‌های دیجیتال وصل کنید تا با کیفیت خیلی بالا تصاویر را شاهد باشید.
1,فوکوس ماکرو نیز بسیار عالیست چرا که در این مود اجازه‌ی فوکوس و عکاسی از سوژه‌هایی به نزدیکی 3 سانتی متر را به شما می‌دهد.
0,این گوشی 16 گیگابایت حافظه داخلی دارد که متاسفانه بدلیل عدم پشتیبانی آن از کارت حافظه جانبی،  باید به همین مقدار حافظه قناعت نمود.
1,کیفیت ساخت بالای همیشگی HTC،  آمیخته شده با سخت افزار فوق پیشرفته و نرم افزار بهبود یافته که نتیجه حاصله یک گوشی تقریبا بی نقص است.
0,بنابراین از نظر پورت‌ها و کنترل های فیزیکی خیلی خلوت است و حتی دکمه‌ی شاتر دوربین هم وجود ندارد.
1,در کل به راحتی میتوان گفت که تبلت Sony S یکی از زیباترین تبلت های موجود در بازار است.
1,برخی کمپانی ها با تولید اسکنرهای بسیار کوچک که تحت عنوان اسکنرهای دستی به بازار معرفی شدند توانستند کمک بسیار شایانی به افراد مختلف بکنند.
1,یکی از بهترین تغییراتی که سونی روی این تبلت انجام داده است،  موزیک پلیر آن است که یکی از زیباترین موزیک پلیرهایی است که تا به امروز مشاهده کرده ایم.
1,بعلاوه فیلم برداری 720p HD نیز با آن مقدور می باشد که خیلی خوب است.
1,به روز رسانی: در تست هایی که انجام دادیم،  کیفیت عکس های گرفته شده توسط این دوربین با توجه به سنسور تصویر نسبتا کوچکی که دارد واقعا عالیست.
1,برای نمونه پردازنده این تبلت نسبت به مدل سال گذشته بسیار قوی‌تر شده و هم اکنون می‌تواند ویدئوهای Full HD 1080p را به راحتی اجرا نماید.
1,همانند F770،  این دوربین هم طراحی بسیار شکیل و زیبایی دارد که هم از نظر زیبایی شناختی و هم ارگونومی از مدل‌های پیشین بهتر است.
0,برای مثال می‌توان به ضخامت بیشتر و دوربین ضعیف‌تر آن اشاره کرد.
1,اما شارژ دهی این تبلت نیز بسیار خوب است.
1,این برنامه بسیار کامل و مجهز است و امکانات بسیار زیادی دارد.
1,پنل Super IPS+ استفاده شده نه تنها روشنایی فوق‌العاده ای دارد و به راحتی می‌توان در تمام شرایط نوری با آن کار کرد،  بلکه زاویه دید آن نیز بی نظیر است و چنین صفحه ای نمایشی را تا به امروز بر روی هیچ تبلتی مشاهده نکرده بودیم.
1,همچنین این صفحه نمایش از زاویه دید بسیار بالایی برخوردار است.
1,با علم به اینکه iPhone 4S در زمان ورودش به بازار با کیفیت صفحه نمایش خود شگفتی همگان را بر انگیخت،  می‌توانید تصور نمایید که عملکرد صفحه نمایش iPhone 5 تا چه اندازه عالیست.
0,ابعاد این گوشی 77×143 و قطر آن نیز مقداری کمتر از 1 سانتی متر است که ابعاد نسبتا بزرگی محسوب می‌گردد که برای کار با یک دست یا آن قطعا مشکل خواهید داشت.
1,بعلاوه توانایی بسیار عالی را نیز در حذف نویز پس زمینه دارد.
1,این تاچ پد که از نوع مالتی تاچ می‌باشد،  کاملا حساس و پاسخگو است و عملکردی عالی را از خود به نمایش می‌گذارد.
0,این باندها را می‌توان در خروجی پرینترهای لیزری ارزان قیمت تر مشاهده کرد.
1,برای مثال مدل 15.6 اینچی که از پردازنده Core i3 و کارت گرافیک مجزای GeForce GT 520MX استفاده می‌کند،  در تست مرورگری اینترنت از طریق Wi-Fi و روشنایی صفحه متوسط،  توانست بیش از 6 ساعت شارژ دهی کند که میزان بسیار خوبیست.
1,نخست اینکه رزولوشن آن فوق العاده زیاد است و به خوبی می‌تواند تفکیک جزئیاتی بسیار عالی را از خود به نمایش بگذارد.
1,مورد خیلی خاص دیگری برای گفتن درباره ی این دوربین وجود ندارد،  به جز اینکه حقیقتا G6 هم مثل مدل های پیشین خود از دوربین‌های بسیار خوب به حساب می آید.
1,این یک امکان فوق‌العاده است که ال جی به کاربران Optimus VU هدیه داده است.
0,اول اینکه با قرار دادن گوشی بر روی سطوح مختلف،  احتمال خط افتادن بر روی شیشه روی لنز بسیار زیاد است.
1,دقت این صفحه نمایش 1136×640 پیکسل می‌باشد که تراکم پیکسلی بسیار بالای 326ppi را ارائه می‌دهد.
0,در مورد پروژکتور هم باید گفت که عملکرد آن شبیه به PJ760v است و پیشرفت چندانی نسبت به مدل پیشین نداشته.
0,برای اسکن عکس نیز چندان دقت رنگی بالایی ندارد و رزولوشن پایین نیز باعث می‌شود که جزئیات را خیلی عالی ثبت نکند ولی به هر صورت اسکنری ارزان قیمت است.
0,پس از آن گویی سیستم کاهش نویز درونی دوربین به یکباره به کار می‌افتد که البته مقداری افراط می‌کند و در حساسیت 1600 شاهد کاسته شدن از غلظت رنگ‌ها و مقدار جزئیات هستیم.
1,یکی از نقاط قوت این دوربین توانایی ضبط صدای Dolby digital بسیار با کیفیت با کمک چهار میکروفون است.
1,طراحی شده برای حداکثر جذابیت طراحی منحصر به فرد سامسونگ لذت مشاهده را به حداکثر ممکن ارتقا داده و نیز فضای داخلی خانه شما را زیباتر می سازد.
0,جعبه‌ی این گوشی را که باز می‌کنید با تجهیزات خیلی ساده ای مواجه می‌شوید.
1,این رزولوشن برای چنین دوربین ارزان قیمتی خیلی خوب است.
0,به دلیل توانایی تولید چنین بزرگنمایی زیادی،  لرزش دست می‌تواند در عکس گرفته شده تاثیر زیادی داشته باشد و به راحتی مقدار کمی از آن باعث به طور کلی تار شدگی عکس شود.
0,از نظر طراحی و ساخت باید بگوییم که سرفیس مایکروسافت مورد اعجاب انگیزی ندارد.
1,چیپ Nvidia Tegra3 به همراه پردازنده چهار هسته ای با فرکانس 1.5 گیگاهرتز و یک پردازشگر گرافیکی ULP GeForce،  اجزای تشکیل دهنده سخت افزار این گوشی می‌باشند که به همراه یک گیگابایت حافظه رم، عملکرد بسیار خوب و روانی را به نمایش می‌گذارند.
1,در قسمت پشت این دوربین نیز نمایشگر 2.7 اینچی 230000 پیکسلی قرار گرفته که نسبت به این دوربین امکانات و کیفیت خیلی خوبی را ارائه می دهد.
1,روشنایی صفحه نمایش بسیار خوب و قابل تقدیر است،  به طوری که به راحتی در زیر نور مستقیم آفتاب و در شرایط نوری قوی نیز می‌توان با آن کار کرد.
1,• ورودی‌ها و خروجی‌ها از لحاظ تعداد و نوع پورت‌ها،  سری G580 بسیار کامل است.
1,از سنسور تصویر که شروع کنیم،  باید گفت که تقریبا بهترین و با کیفیت ترین سنسور تصویری که بر روی دوربین‌های کامپکت استفاده شده بر روی این دوربین دیده می‌شود.
1,وزن این دستگاه تقریبا 2.5 کیلوگرم بوده و برای یک لپ‌تاپ 15.6 اینچی بسیار مناسب است.
0,اما نهایتا در مورد دوربین این تبلت هم باید بگوییم که یک دوربین کاملا متوسط 1.2 مگاپیکسلی در قسمت جلو و یکی در قسمت پشتی آن تعبیه شده است که صرفا برای انجام مکالمات تصویری مناسب می‌باشد و در رقابت با دیگر تبلت های موجود در بازار،  هیچ حرفی برای گفتن ندارد.
1,این مرورگر بسیار روان است و با سرعت بالایی می‌تواند صفحات اینترنتی را نشان دهد.
1,در پشت این لنز نیز سنسور تصویر 14 مگاپیکسلی دوربین قرار گرفته که هرچند از نوع CCD است ولی رزولوشن بالایی را ارائه می دهد و در شرایط نوری خوب می توانید عکس‌هایی بسیار با کیفیت را با آن تهیه کنید.
1,به دلیل رزولوشن بالایی که این سنسور ارائه می‌دهد،  جزئیات می‌توانند با تفکیکی بسیار عالی ثبت شوند.
0,دوم اینکه باتری دستگاه کاملا به بدنه چسبیده است و برای تعویض آن لازم است که کل قسمت بالایی دستگاه تعویض شود و این کار هزینه بسیار بالایی خواهد داشت.
0,قطر 10 میلی متری آن در برابر 7.6 میلی متر آیفون 5 یا 8.6 میلی متر گلکسی اس 3 مقداری آنرا قطور نموده است.
1,در نهایت اگر جزو کسانی هستید که به دنبال یک لپ‌تاپ خوب و مناسب برای انجام کلیه کارهای روزانه هستید و تمایل ندارید که هزینه زیادی پرداخت کنید،  Acer Aspire E1-531 یک انتخاب بسیار خوب محسوب می‌شود.
0,در حقیقت بسته بندی این گوشی هم خیلی صرفه جویانه بوده است.
1,بدین ترتیب که برای عکاسی با آن ها کافیست که دوربین را به سوی سوژه نشانه بروید و دکمه ی شاتر را بفشارید تا مناسب ترین و با کیفیت ترین عکس گرفته شود.
1,"نمایشگر 3 اینچی هم رزولوشن 460,000 پیکسل را ارایه می‌دهد که رزولوشن بسیار بالا و خوبیست."
1,همان‌طور که انتظار داشتیم،  مرورگری اینترنت با GALAXY Tab 2 10.1 بسیار لذت بخش است.
1,این باعث شده که احساس خیلی بهتری در هنگام کار کردن با نمایشگر داشته باشید.
0,نه تنها دوربین این تبلت از فوکوس ثابت استفاده می‌کند،  بلکه به فلاش نیز مجهز نیست به همین دلیل کیفیت عکس‌های گرفته شده به خصوص در فضاهای کم نور،  پایین‌تر از حد متوسط بوده و نویز زیادی هم دارند.
1,به هر ورزشی که قصد دارید بپردازید کافی است که بوسیله ی استقرار مناسب،  دوربین را به بدن یا وسیله ی خود متصل کنید و سپس فیلم برداری را شروع کنید تا تصاویر با کیفیت بسیار عالی Full HD بر روی کارت حافظه ی دوربین ثبت شوند و سپس بتوانید یا برای لذت بردن و یا بررسی علمی،  عملیات ورزشی خود را مشاهده کنید.
1,HTC Windows Phone 8X گوشی بسیار قدرتمندیست  که با طراحی زیبا و رنگ‌های جذاب خود و جنس پلی کربناتی بدنه که طبق رسم HTC از بهترین مواد تشکیل شده است،  با معرفی توسط این کمپانی،  توجه بسیاری را به سوی خود جلب نمود.
1,• کیبورد و تاچ پد کیبوردی که سامسونگ بر روی این لپ‌تاپ‌ها قرار داده است واقعا با کیفیت است.
1,این میزان قدرت سخت افزاری برای گوشی در این رده بسیار مناسب است و موجب عملکرد روان و سریع آن در حین انجام کار های مختلف می‌شود.
1,به کمک این سخت افزار قدرمند، محیط کاربری بسیار روان است،  هیچگونه کاهش سرعت و یا به اصطلاح Lagی در آن مشاهده نکردیم.
1,به هر صورت همانطور که گفتیم،  دوربین ورزشی GoPro HD Hero یک وسیله ی ایده آل برای ثبت لحظات پر هیجان و خاطره انگیز ورزشکاران است.
1,فیلم‌های گرفته شده روان بوده و تصاویر بسیار شارپ می‌باشند.
0,در نقد و بررسی HX100v عنوان کرده بودیم که نداشتن کفشک فلاش اکسترنال برای آن یک نقطه‌ی ضعف محسوب می‌شود.
1,این دوربین مقام پرفروش ترین دوربین ورزشی جهان را در اختیار دارد.
0,از آن جایی که برخلاف بسیاری از مدل‌های سطح بالاتر موتور Bravia نیز بر روی آن وجود ندارد،  بنابراین در تماشای فیلم و عکس‌ها هم نمی‌توانید از آن شفافیت خیره کننده لذت ببرید.
0,چیپ گرافیکی Adreno 203 نیز عملکرد متوسطی در هنگام اجرا و پردازش گرافیک‌ها و بازی‌ها دارد.
1,متون بسیار دقیق و شارپ بوده و مرورگری اینترنت بسیار لذت بخش است.
1,کیفیت عکاسی در شب نیز همانند دوربین های DSLR عالیست به طوری که می توانید نوردهی به مدت 30 ثانیه و یا حتی حالت Bulb برای نوردهی نامحدود را نیز انتخاب کنید.
1,سپس برای فیلم برداری کافیست که دکمه‌ی Rec را بفشارید و آن را به سوی سوژه نشانه بروید تا بهترین و با کیفیت ترین فیلم‌ها گرفته شوند.
0,در این بخش می‌توان گفت که یکنواختی همیشگی iOS در مقابل تنوع بی انتهای سیستم عامل اندروید مقداری خسته کننده می‌نماید.
1,به همین دلیل همچنان بسیار خوش دست است و به راحتی در دست و در جیب جای می‌گیرد.
1,ولی اگر می‌خواهید با آن موزیک گوش دهید می‌توانید برای حدود 50 ساعت با خیال راحت روی باتری آن حساب کنید که عملکردی فوق‌العاده محسوب می‌گردد.
1,با توجه به لنز واید 25 میلی متری که بر روی این دوربین ها قرار گرفته،  می توانید مطمئن باشید که در هر کادر می توان میدان دید گسترده ای را ثبت کرد تا بنابراین این دوربین کاملا مناسب عکاسی از منظره هم باشد.
1,همچنین رنگ‌ها بسیار زنده و طبیعی هستند و به سختی می‌توان پیکسل‌های تصویر را از یکدیگر تشخیص داد.
1,صفحه نمایش 4.7 اینچی با کیفیت فوق‌العاده،  پردازنده چهار هسته ای قدرتمند و ویدئو پلیر قوی با پشتیبانی از اکثر فرمت های تصویری،  بهترین تجربه تماشای ویدئو بر روی گوشی را برای شما به ارمغان می‌آورد.
1,بدین ترتیب فوکوس خودکار می تواند خیلی دقیق صورت گیرد.
0,متاسفانه هنگامی که تبلت را در حالت افقی قرار دهید ممکن است ناخودآگاه،  دست شما جلوی بلندگو را بپوشاند.
1,طراحی این گوشی بسیار زیبا و خوش دست بوده و به دلیل وزن بسیار سبکی که دارد،  نگه داشتن آن در دست بسیار لذت بخش است.
1,پردازنده‌ی Corei7 که قدرتمندترین آن‌هاست،  پردازنده‌ای ذاتا چهار هسته‌ای با توان تولید چهار هسته‌ی مجازی و کارکرد با مجموع هشت هسته است که عملکردی کم نظیر را ارائه می‌دهد.
0,به هر حال اگر به بدنه iPhone 4S که تقریبا ضد خش بود عادت کرده باشید،  ممکن است مدل جدید کمپانی اپل برایتان چندان رضایت بخش نباشد.
1,از نظر کیفیت عکس های گرفته شده، دوربین این گوشی یکی از بهترین دوربین‌هایی است که بر روی گوشی های تلفن همراه مشاهده کرده ایم.
0,• نرم افزار شاید اصلی‌ترین دلیل کم شدن فروش محصولات نوکیا در چند سال اخیر به عدم پیشرفت نرم افزاری گوشی‌های آن برگردد.
0,برخلاف دوربین X100،  این دوربین از شاتر سنتی Focal Plane بهره می‌برد که اصولا شاتر پر سر و صداتری است.
1,سرعت عکس‌برداری و فیلم‌برداری هم فوق‌العاده است.
1,در دست گیری آن نیز خیلی راحت می‌باشد و به صورت کاملاً مطمئن در کف دست شما جای می‌گیرد.
1,این لنز مجهز به لرزش گیر تصویر اپتیکال و سیستم فوکوس خودکار بسیار کم صدا می باشد.
0,اما باید بگوییم که این دستگاه در مورد انجام وظایف خود بعنوان تبلت و لپ تاپ،  تقریبا در هیچ کدام کامل نیست و از هر یک شاید نیمی را با موفقیت پشت سر می‌گذارد.
1,بیشتر قسمت‌های بدنه‌ی آن هم از مواد قابل بازیافت بسیار عالی ساخته شده‌اند.
0,ولی مسئله بیشتر کیفیت نمایشگر است که کیفیت خیلی خوبی نیست.
1,همین موضوع تا حد زیادی در مورد کیفیت فیلم‌برداری این تبلت نیز صادق است البته با تفاوت اینکه صداهای ضبط شده بسیار شفاف بوده و از کیفیت خیلی خوبی برخوردارند.
1,رنگ‌های تولید شده بسیار زنده و طبیعی بوده و نویز تصاویر نیز کم است.
0,البته تراکم پیکسلی 189ppi آن در مقایسه با تبلت های برتر دنیا مقداری پایین‌تر است و جزو بهترین‌ها نیست.
1,همچنین یک برنامه بسیار کاربردی در جهت ارائه نیز می‌باشد.
1,برنامه های تدوین عکس و ویدئویی که سامسونگ بر روی این تبلت قرار داده است بسیار کامل است و با محیط ساده ای که دارند،  بسیار مناسب کاربران مبتدی هستند.
1,در قلب این دوربین یک سنسور تصویر 16 مگاپیکسلی CCD قرار گرفته که رزولوشن خیلی بالایی را ارائه می دهد و در شرایط نوری مناسب می توانید عکس های با کیفیتی را با آن تهیه کنید.
0,شاید تنها نکته ای که در مورد جنس بدنه iPhone 5 می‌توان گفت،  خش پذیری نسبتاً زیاد آن است.
1,به هر صورت همانطور که گفتیم،  HX10v یکی از پیشرفته ترین،  پر امکانات ترین و خوش ساخت ترین دوربین‌های کامپکت سوپرزومی است که تا به حال دیده ایم.
1,به هر صورت از این نظر P7700 کاملا عالی و طبق انتظاری است که داشتیم.
1,به طور مشخص سیستم مدیریت انرژی کار خود را بسیار عالی انجام می‌دهد.
0,اما نکته منفی نرم افزار های این تبلت،  عدم وجود فوتوشاپ لمسی بر روی این دستگاه است که مشخص نیست چرا سامسونگ بر روی این مدل قرار نداده.
1,ضبط ویدیوها در کامپرشن AVCHD 2.0 صورت می گیرد که کیفیت فوق العاده بالایی را ارائه می کند.
1,حرکت دادن صفحات بسیار روان بوده و در ضمن به طور کامل از Adobe Flash پشتیبانی می‌شود.
1,در ضمن،  یک دوربین 1.3 مگاپیکسلی نیز برای انجام مکالمات تصویری وجود دارد که برای این منظور بسیار مناسب و با کیفیت است.
1,بعلاوه‌ی اینکه چنین لنزی بر روی این دوربین کامپکت واقعا کم نظیر است.
1,اما صفحه کلید مجازی این تبلت نیز بسیار راحت و کاربردیست که تایپ با آن به راحتی صورت می‌پذیرد.
1,این دوربین توانایی عکاسی پیاپی با سرعت 10 فریم بر ثانیه را نیز دارد که باز هم فوق العاده است.
1,دوربین TF700 نیز نسبت به مدل‌های پیشین بهبود فراوانی یافته و در کل می‌توان گفت که یکی از بهترین دوربین هاییست که تا به امروز بر روی تبلت ها دیده بودیم.
1,این پردازنده‌ها نه تنها فوق‌العاده قدرتمندتر از مدل‌های پیشین هستند،  بلکه مصرف انرژی کمتری نیز دارند.
1,بعلاوه میدان دید این لنز در حالت واید بسیار گسترده است و کمینه ی فاصله ی کانونی معادل 26 میلی متر را ارائه می دهد که این عالیست.
1,این دوربین در هر سه مدل عرضه شده دارای یک محفظه ضد آب بسیار مقاوم و کاربردی از جنس پلی کربنات می باشد که قابلیت تحمل فشار و نفوذ آب تا عمق 60 متری را داراست.
1,در کل می‌توانیم به طور خلاصه بگوییم که از کیبورد و تاچ پد E1-531 کاملا راضی بودیم.
0,بنابراین از P7700 انتظار تولید عکس هایی در حد G1x نمی رود.
1,اما صفحه‌کلید لمسی یا همان صفحه کلید مجازی روی نمایشگر Galaxy S II فوق‌العاده است.
1,در قسمت پشت دوربین هم جایی برای قرار گرفتن انگشت شست قرار دارد و چینش دکمه‌ها و کنترل‌ها نیز عالیست.
1,Sony S دارای صفحه نمایش فوق العاده 9.4 اینچی با تکنولوژی True Black و موتور BRAVIA است که رنگ های بی نظیری را تولید میکند.
1,این پردازنده نسبت به نسل اولشان بسیار قدرتمندتر بوده و مصرف انرژی کمتری نیز دارند.
1,اما همانطور که گفتیم،  تفاوت اصلی دوربین W630 با W670 در لنز بسیار عالی W630 است.
0,وزن آن نیز 338  گرم است که در مقایسه با بدنه پلاستیکی آن،  به نسبت دیگر تبلت های سری Galaxy مقداری سنگین نیز به نظر می‌رسد.
0,اما ساخت این تبلت تفاوت خاصی نکرده و جنس پلاستیکی بدنه در این تبلت هم تکرار گشته است.
1,این دوربین توانایی ضبط ویدیویی بسیار با کیفیت Full HD با سرعت 30 فریم بر ثانیه و  HD با سرعت 60 فریم بر ثانیه را دارد.
1,پردازش فلز به کار رفته در این محصول با بخار منیزیم باعث مقاومت بیشتر آن گردیده و در کمال استحکام،  لطافت بسیاری دارد که به کاربر حس خوبی را از در دست گرفتن آن می‌دهد و لذت کار با آن را نیز بیشتر می‌نماید.
1,کیفیت پرینت در هر دو رزولوشنی که گفتیم،  خیلی خوب است و رنگ مشکی کاملا مشخص و غلیظ می‌باشد.
1,• جمع بندی سری 2012 خانواده لپ‌تاپ‌های ProBook S کمپانی HP،  لپ‌تاپ‌های بیزینسی (اداری/مهندسی) فوق‌العاده هستند که نسبت به مدل‌های گذشته تغییرات بسیار خوبی داشته‌اند.
1,خوشبختانه سنسور تصویر حساسیت بسیار زیادی به نور دارد و کمینه‌ی نوری 0.1 لوکس را می‌تواند ثبت کند.
1,باتری 7000 میلی آمپری این تبلت می‌تواند با مصارف روزمره تا دو روز کامل شارژ دهی کند که برای یک تبلت 10.1 اینچی با پردازنده ای دو هسته ای،  میزان بسیار خوبیست.
0,البته برای نمایشگرهای در این سایز از رزولوشن WVGA هم استفاده می‌شود ولی به احتمال زیاد به دلیل پردازشگر گرافیکی نسبتاً ضعیفی که این گوشی داشته،  سونی تصمیم گرفته که از رزولوشن بالاتر بهره نبرد.
0,قاب پشت صفحه نمایش،  یک روکش متالیک دارد و کمی شبیه به فلز برس داده شده به نظر می‌رسد و متاسفانه تا حدودی اثر انگشت را نشان می‌دهد.
1,مرورگر اینترنت این تبلت نیز همانند سایر تبلت های هانی کامبی بسیار عالیست.
1,در پایین کیبورد، تاچ پد بزرگ دستگاه قرار دارد که از کیفیت و حساسیت بسیار بالایی برخوردار است.
1,به هر صورت همانطور که گفتیم،  ZS6 دوربین نسبتا ارزان قیمت خیلی خوبیست که امکانات خوب را در برابر قیمت مناسب ارائه می کند.
1,در مجموع تبلت Sony S یک تبلت بسیار عالی با قیمتی مناسب است که با طراحی چشم نواز و منحصر به فردی که دارد،  خود از سایر رقبای هم رده خود متمایز میکند.
0,سرعت کپی در حالت ADF ( تغذیه خودکار ) در این دستگاه 3.4 برگ در دقیقه می‌باشد که سرعت بالایی نیست.
1,از فلش به طور کامل پشتیبانی می‌شود و حتی صفحات اینترنتی سنگین به راحتی و به سرعت باز شده و همه چیز بسیار روان است.
1,• صفحه نمایش و بلندگوها اپل بر روی نسل پنجم iPod Touch،  همان صفحه 4 اینچی IPS فوق‌العاده iPhone 5 را قرار داده است.
0,همان‌طور که اشاره کردیم،  این سیستم عامل بر مبنای سیستم عامل Symbian و با امکانات محدود طراحی و ساخته شده است.
1,متون در فونت های معمولی و استاندارد 10 تا 12 کاملا شارپ و با رنگ مشکی عمیق هستند.
1,در حالی که FT1 توانایی تحمل فشار آب،  فقط تا عمق 3 متری را داشت،  FT3 می‌تواند فشار آب تا عمق 12 متری را تحمل آورد،  تا حتی اگر یک غواص و یا علاقه‌مند به عکاسی زیر آب هستید،  بدون هیچ مشکلی بتوانید صحنه های بسیار زیبای بستر نزدیک به ساحل یک خلیج را عکاسی کنید.
1,اما یکی از بهترین قابلیت‌های این گوشی،  وجود NFC بر روی آن است.
1,جزئیات بسیار دقیق هستند،  رنگ‌های تولید شده بسیار طبیعی بوده و نویز عکس‌ها کم است.
1,کانن در طراحی آن خیلی استاندارد عمل کرده است.
1,همچنین با داشتن این دستگاه،  یک موزیک و ویدئو پلیر بسیار با کیفیت نیز خواهید داشت.
0,هرچند که ممکن است هزینه‌ی نگهداری و کارتریج آن کمی بیشتر از رقبا باشد.
0,• دوربین یکی از بزرگ‌ترین ضعف‌های نسل چهارم iPod Touch،  دوربین آن بود که دقت آن کمتر از یک مگاپیکسل است.
1,این امکان باعث می شود که این دوربین ها کاملا مناسب کاربران مبتدی قرار گیرند.
1,در کل همانطور که گفتیم،  PJ710v یک پیشرفت خیلی عالی نسبت به مدل های پیشین بوده است.
1,همه این‌ها باعث شده که این گوشی در عین زیبایی،  به یک گوشی بسیار خوش دست و راحت نیز تبدیل گردد که کار کردن با آن حتی برای افرادی که دست‌های کوچکی نیز دارند بسیار راحت خواهد بود.
1,کیفیت ساخت این تبلت بسیار بالاست و با وجود اینکه بدنه ای تمام پلاستیکی دارد،  هنگامی که آن را در دست می‌گیرید متوجه استحکام بالای آن خواهید شد.
0,از نقاط ضعف اصلی دوربین این گوشی می‌توان به فلاش LED آن اشاره کرد که متاسفانه به صورت خودکار فعال نمی‌شود و کاربران باید آن را به صورت دستی قبل از شروع عکس‌برداری فعال کنند.
1,مشخصه‌های بسیار کارآمد و امکان ضبط بر روی هارد 30 گیگابایتی یا کارت‌های حافظه SD از دیگر ویژگی‌های این دوربین به شمار می‌روند.
1,کیفیت ساخت 4540s همانند مدل‌های سال‌های گذشته خانواده ProBook بسیار بالا بوده و بدنه با ضربات وارد شده طی مصارف روزانه، دچار خمش و یا پیچش نمی‌شود.
0,در حالت عادی،  دمای تمام قسمت‌های بدنه نوت‌بوک،  بسیار پایین است اما هنگامی که دستگاه در حال انجام محاسبات سنگین باشد،  دمای بعضی از قسمت‌ها مانند سمت چپ کیبورد،  بسیار گرم می‌شود و ممکن است در دراز مدت کمی آزاردهنده باشد.
0,ZS6 از هر نظر یک کامپکت کاملا معمولی است.
1,آنچه مسلم است طراحی زیبای آیپاد اپل چشمگیر است و با در دست گرفتن آن کیفیت ساخت اپل را احساس خواهید کرد.
1,چینش دکمه‌ها و کنترل‌های دوربین واقعا عالیست.
0,Google Nexus 7 با حافظه داخلی 8 و 16 گیگابایت عرضه خواهد شد و شاید یکی از مهم‌ترین ایرادات وارده بر این تبلت،  عدم پشتیبانی از کارت حافظه microSD باشد.
1,کلیدها بسیار بزرگ بوده و با وجود اینکه کیبورد از نوع جزیره ای نیست،  تایپ کردن با آن بسیار لذت بخش است.
1,تکنولوژی هوش امنیتی یکپارچه (Collective Intelligence) پاندا،  قدرت دو چندانی به این نرم‌افزار بخشیده که می‌تواند جدیدترین بدافزارهای رایانه‌ای را در مدت زمان بسیار کوتاهی شناسایی،  طبقه‌بندی و پاکسازی کند.
1,کیفیت ساخت نیز بسیار بالاست.
1,این رزولوشن،  باعث می‌گردد تراکم پیکسلی این صفحه نمایش 226ppi باشد که بسیار مناسب است.
0,به طور خلاصه،  بلندی صدای بلندگوی iPod Touch نسل پنجم رضایت بخش است ولی کیفیت صدا و همچنین میزان صدای بیس کمی پایین‌تر از حد انتظار ما بود.
0,همچنین اینکه برای اسکن یک عکس 6X4 به بیش از یک دقیقه زمان احتیاج دارد که یکی از کند ترین اسکنرهایی می‌باشد که تا به حال دیده ایم.
1,سرعت پرینت به نوعی فوق العاده می‌باشد،  به طوری که در تنظیمات استاندارد با رزولوشن 600،  این پرینتر توانایی چاپ 18 صفحه‌ی A4 در دقیقه را دارد.
1,• جمع بندی در مجموع به راحتی می‌توان گفت سری 3 لپ‌تاپ‌های سامسونگ جزو بهترین و با کیفیت‌ترین لپ‌تاپ‌های ارزان قیمت موجود در بازار هستند.
1,فقط در همین حد اشاره می‌کنیم که علاوه بر فن آوری هایی که در این دوربین به کار رفته،  از نظر طراحی نیز یکی از بهترین‌ها می‌باشد.
0,اما وقتی متوجه شوید که رزولوشن این صفحه نمایش 800×480 پیکسل است نا امید خواهید شد.
1,مسلما همکاری سامسونگ با کمپانی معتبر Wacom در زمینه ساخت قلم باعث گردیده که قلم‌های ساخت سامسونگ عملکرد فوق‌العاده خوبی داشته باشند که در مورد این قلم نیز این‌چنین است.
1,در کل عکس‌ها و فیلم‌های گرفته شده با این دوربین بسیار رضایت‌بخش و با کیفیت می‌باشند.
0,به محض قرار دادن این دو در کنار یکدیگر نخستین چیزی که متوجه آن می شوید،  فقدان پنجره ی چشمی اپتیکال در مدل جدیدتر است.
1,با وجود این،  رنگ‌های تولید شده توسط صفحه نمایش بسیار زنده و طبیعی هستند و زوایای دید آن نیز به خصوص در حالت افقی،  کاملاً رضایت‌بخش است.
1,در نگاه اول،  بدنه آلومینیومی براق آن،  تنوع رنگ زیاد،  طراحی زیبا،  آرم اپل پشت آن و همچنین دکمه های ساده ای که به زیبایی روی آن قرار گرفته اند جلب نظر می کند.
1,رابط کاربری دوربین نیز بسیار ساده و کاربردی است.
0,علاوه بر این،  شارژ این کارتریج‌ها تا حدودی سخت است و مانند کارتریج‌های مخزنی ساده نیست.
0,چند نکته بسیار مهم وجود دارد که در رابطه با Retina MacBook Pro باید بدانید: اول اینکه پردازنده و حافظه RAM کاملا به برد دستگاه لحیم شده‌اند و امکان ارتقای آن‌ها وجود ندارد.
1,شفافیت صدا بسیار خوب بوده و بلندی صدا نیز مناسب است.
1,حتی عکس‌های پانوراما نیز بسیار شارپ بوده و جزئیات خیلی دقیقی دارند.
1,حافظه رم 1 گیگابایتی این گوشی نیز  به نظر بسیار زیاد و مناسب می‌رسد.
1,همان‌طور که در ابتدا گفتیم،  Retina MacBook Pro تلفیقی از گذشته و آینده است که تبدیل به یک دستگاه دوست داشتنی،  زیبا،  قدرتمند و کم نظیر شده است و برای کسانی طراحی شده است که به دنبال بهترین بهترین‌ها هستند و حاضرند بهای آن را نیز پرداخت کنند.
1,این دوربین به تکنولوژی‌های پیش‌رفته‌ای مجهز شده و می‌توان آن را از جدیدترین‌ها به شمار آورد.
1,وزن این دستگاه تنها 2.3 کیلوگرم است که برای یک لپ‌تاپ 15.6 اینچی،  وزن بسیار مناسبی محسوب می‌شود.
1,این برای پرینت تک رنگ گرافیک ها کاملا مفید می‌باشد.
1,یکی از راه های به همراه داشتن این دوربین،  بستن آن به قسمت سر،  به وسیله ی سربندی است که درست شبیه به سر بند هدلایت ولی کاملا با کیفیت و قدرتمندتر می باشد.
1,پاسخگویی عمومی گوشی واقعاً مثال‌زدنی ست.
0,متاسفانه سایر برنامه‌ها بر روی این صفحه نمایش ظاهر زیاد خوبی ندارند.
1,این دو بلندگو کیفیتی بسیار خوب و فراتر از سطح انتظار ما از یک تبلت را ارائه می‌دهند.
1,اما برگ برنده ی بزرگ P7700 لنز آن است.
0,کنتراست عکس‌ها نیز به نظرمان بیش از حد بالا است.
0,بنابراین دیگر P520 بالاترین مقدار زوم را ندارد.
1,لازم به ذکر است که داخل این کیبورد،  یک باتری بسیار قدرتمند نیز وجود دارد و هنگامی که Infinity را به کیبورد متصل می‌کنید،  طول عمر باتری دستگاه به دو برابر افزایش می‌یابد که در ادامه بیشتر در این رابطه توضیح خواهیم داد.
1,رم بسیار بالای آن،  قابلیت Multi-tasking ،  قدرت بالا در اجرای سنگین‌ترین برنامه های گرافیکی و البته قلم بسیار کاربردی آن.
1,طراحی زیبا،  ابعاد مناسب،  وزن کم،  جدیدترین نسخه سیستم عامل اندروید و پردازنده قدرتمند این تبلت را به انتخابی شایسته برای طرفداران تبلت های اندرویدی تبدیل می‌کند.
0,شاید تنها نقطه ضعف بدنه را بتوان براق بودن سطح خارجی آن دانست که بسیار مستعد جذب اثر انگشت است و ترجیح می‌دادیم که Acer بدنه خارجی دستگاه را به یک روکش مات مجهز می‌کرد.
1,طراحی جذاب و زیبای منحصر به فرد سامسونگ از حاشیه باریک بدنه استفاده می‌کند تا تجربه فراگیرتر و گسترده‌تری داشته باشید.
1,فیلم‌ها کیفیت فوق العاده بالایی دارند و در فرمت MPEG4 و AVCHD ذخیره می‌شوند.
1,• ورودی‌ها و خروجی‌ها از لحاظ پورت‌ها،  4540s بسیار کامل است.
1,بدین ترتیب حتی می توان گفت که X-Pro1 می تواند جایگزینی بسیار مناسب و کوچک برای دوربین های DSLR عکاسان نجومی هم باشد،  چرا که کوچک و سبک بودن دوربین برای این نوع عکاسی یک امتیاز مثبت است.
1,به همین دلیل می‌توان گفت که این تبلت بسیار مناسب علاقه‌مندان به موسیقی است.
0,دوم اینکه در صورت به زمین خوردن دستگاه، احتمالا لنز دوربین آن خواهد شکست که این یک اشتباه غیر قابل جبران است.
1,طراحی گوشی نیز بسیار آرگونومیک صورت گرفته و در قسمت پشتی کاملاً زیبا می‌باشد.
0,هیچ برنامه جدیدی که برای نسخه جدید سیستم عامل اپل نسبت به نسخه پیشین یک برتری ایجاد نماید بر روی iOS 6 قرار داده نشده است.
1,• نرم افزار نسل پنجم iPod Touch از آخرین و جدیدترین نسخه سیستم عامل iOS یعنی iOS 6 استفاده می‌کند.
1,به هر صورت همانطور که گفتیم،  W630 مدل دیگری از دوربین‌های کامپکت ارزان قیمت سونی می‌باشد که امکانات و کیفیتی بسیار عالی را ارائه می‌دهد و عملکرد لنز آن در شرایط نوری ضعیف نیز فوق العاده است.
1,از لحاظ پردازش گرافیکی نیز،  این لپ‌تاپ‌‌ها تنوع فوق‌العاده بالایی دارند و می‌توان در کانفیگ های مختلف از پردازشگرهای گرافیکی Intel GMA HD تا کارت گرافیک‌های مستقل قوی‌تر NVIDIA GeForce دید.
1,برای عکاسی در شرایط نوری ضعیف هم،  گستره‌ی حساسیت سنسور آن از 100 تا 12800 است که کاملاً حرفه‌ای و عالیست.
1,بدنه از ماده ای لاستیک اندود شده ساخته شده که در هنگام لمس احساس خیلی خوبی را منتقل می‌کند.
1,برنامه دیگری که به iOS 6  اضافه شده برنامه Passbook نام دارد که یک برنامه Organizer بسیار قوی با امکانات بسیار خوب است که تمامی فعالیت‌های شما را می‌تواند ذخیره،  برنامه ریزی و یاد آوری نماید.
1,توانایی زوم 5 برابر هم برای آن خیلی مناسب است ولی از همه بهتر کمینه ی نسبت کانونی f/2.8 آن است که باعث می شود عملکرد این دوربین در شرایط نوری ضعیف خیلی بهبود یابد.
1,ابعاد این پرینتر خیلی جمع و جور می‌باشد.
1,قیمت بسیار مناسب آن در مقابل امکاناتی که در اختیار شما قرار می‌دهد توانسته Pixma MX374 را در بین پرینترهای چندکاره ها جزو به صرفه‌ترین و مناسب‌ترین دستگاه‌ها قرار دهد.
1,چه با آن به تماشای فیلم بنشینید و چه به مرورگری وب بپردازید نمایشگر 4.3 اینچی Galaxy S II شما را به این فکر می‌اندازد که احتمالا بهترین نمایشگر موجود بر روی تلفن های همراه تا به این تاریخ است.
1,سرعت عکاسی پیاپی هم با 6 فریم بر ثانیه تا 40 عکس JPEG و 10 عکس RAW خیلی عالیست و بیشتر از دوربین های DSLR سطح مبتدی است.
1,به روز رسانی: از نظر مقدار نویز،  در حساسیت‌های پایین عکس‌های این دوربین وضعیت خیلی خوبی دارند.
1,"نمایشگر 3 اینچی بسیار با کیفیت XtraFine TruBlack نیز کیفیت 921,000 نقطه را ارایه می کند."
0,می‌توان گفت که کمپانی سونی هرچند که سابقه‌ی بسیار درخشانی در تولید دوربین‌های مختلف در سری Cybershot خود داشته،  ولی در این زمینه کمی از دیگر برندها عقب مانده بود.
1,به هر حال می‌توان گفت که لنوو در این کار موفق بوده است و G580 نوت‌بوکی بسیار قابل و خریدی مناسب محسوب می‌شود و قابلیت‌های بسیار بالای آن (مانند کیفیت ساخت بالا،  سیستم خنک کنندگی بی صدا،  پورت‌های USB 3.0 و .
0,مسلما خیلی بعید به نظر می‌رسد.
1,رنگ‌های تولید شده بسیار زنده و طبیعی بوده و نویز تصاویر نیز کم است.
1,منوها خیلی استاندارد می‌باشند و پیش از این شبیه به آن را بر روی دوربین های فیلم برداری پیشین کانن هم دیده بودیم.
1,به هر صورت همانند دیگر دوربین‌های سونی سایبرشات،  HX10v هم کاملا خوش ساخت و خوش دست می‌باشد و با توجه به دستگیره‌ی نسبتا خوبی که بر روی آن قرار گرفته،  ارگونومی بسیار عالی را ارائه می‌دهد که تا حدودی از ارگونومی رقبا در دیگر برندها بهتر می‌باشد.
0,با این حال کیفیت عکس‌ها معمولی هستند.
0,این طراحی دو ایراد را برای دوربین به وجود می‌آورد.
1,کیفیت دید از زاویه هم بهترین است.
1,کیفیت بلندگوها بسیار شفاف است و حتی صدای بیس تولید شده نیز کاملا رضایت بخش است و به راحتی می‌توانند جوابگوی نیاز اکثر کاربران باشد.
1,رزولوشن این دوربین برای یک گوشی در این سطح خیلی خوب است.
1,24 میلی متر خیلی خوب است و می تواند در یک کادر میدان دیدی کاملاً گسترده را در بر گیرد.
1,کار کردن با اینترفیس سیستم عامل سیمبین بسیار ساده است و امکانات بسیار خوب و اپلیکیشن‌هایی متنوع را هم ارایه می‌دهد.
1,از نظر ضبط ویدیویی، فیلم‌های ضبط شده بسیار شارپ و با‌کیفیت هستند.
1,در کل، عملکرد سخت‌افزاری این گوشی بسیار خوب است و در هنگام مرورگری اینترنت،  بازی و یا حرکت در بین منوها،  کاملاً قدرتمند بودن آن را متوجه خواهید شد.
1,با در نظر گرفتن تجهیزات سخت‌افزاری قدرتمندی که درون بدنه جای گرفته، بدنه‌ی باریک Galaxy S II در نوع خود یک شاهکار مهندسی محسوب می‌شود.
1,میزان شارژ دهی این باتری در کانفیگ های مختلف،  بسته به پردازنده،  پردازشگر گرافیکی و سایز صفحه نمایش،  متفاوت است ولی میزان شارژ دهی همگی بسیار خوب بوده و فراتر از رقبای هم قیمتشان است.
1,از نظر کیفیت ساخت و استحکام نیز به ممد استفاده از محفظه ضد آب و پوشش لاستیکی یا Robber Coat آن؛ واقعا درجه یک است.
1,در قسمت پشتی دوربین نمایشگر 3 اینچی 460000 پیکسلی قرار گرفته که کیفیت خیلی خوبی را ارائه می کند.
1,بدنه این گوشی در چهار رنگ آبی،  قرمز،  زرد و البته مشکی طراحی و ساخته شده که انتخاب رنگ‌ها نیز به بهترین و جذاب‌ترین شکل صورت پذیرفته است.
0,HP ادعا می‌کند که این پرینتر توانایی چاپ 18 صفحه در دقیقه را دارد که برای پرینتر لیزری تک رنگ در این رده خیلی خوب است هرچند که به پای سرعت 30 صفحه در دقیقه P2035 نمی رسد.
0,بدین ترتیب که با توانایی زوم 24 برابر این لنز در رده ی پایین تر سوپرزوم ها قرار می گیرد.
0,با اینکه قطر این گوشی حدود 2 میلی متر از آیفون 5 بیشتر است ولی با توجه به این ابعاد می‌توان گفت که اصلا یک گوشی قطور محسوب نمی‌گردد،  ولی با وجود وزن 162 گرمی آن مقداری سنگین به نظر می‌آید.
0,گوشی Motorola Razr M با وجود ابعاد بسیار کوچک تر یعنی 61×122 میلی متر،  صفحه نمایشی با اندازه یکسان با این گوشی دارد،  و این نکته ایست که باعث میگردد به این نتیجه برسیم که HTC در طراحی این گوشی،  یک عقب گرد داشته است،  حتی به نسبت گوشی سه سال پیش خود یعنی HD2 .
1,همچنین تنوع مود بسیار خوبی برای انتخاب مود های مختلف عکاسی وجود دارد تا با آن‌ها بتوان عکس‌هایی با افکت‌های مختلف را ثبت نمود.
1,رزولوشن تصاویر 2448×3264 پیکسل می‌باشد و تصاویر گرفته شده با دوربین این گوشی کیفیت فوق‌العاده بالایی دارند.
1,اما در بالای صفحه نمایش،  دوربین دوم دستگاه با کیفیت 1.2 مگاپیکسل قرار دارد که نسبت به دوربین دوم مدل قبلی که کیفیت VGA را ارائه می‌کرد،  یک بهبود چشمگیر محسوب می‌شود.
1,بازخورد کلیدها بسیار خوب بوده و تایپ کردن با آن بسیار لذت بخش است.
1,نرم افزار نسخه 4 سیستم‌عامل قدرتمند و محبوب اندروید، سیستم عامل منتخب ال جی برای این گوشی می‌باشد.
1,از این جمله می‌توان به طراحی و ساخت بسیار با کیفیت و ارگونومیک،  مودهای عکاسی حرفه ای،  توانایی ضبط ویدیویی 1080p Full HD،  سنسور بسیار پیشرفته و با کیفیت،  نمایشگر خیلی خوب و از همه بهتر لنز با توانایی زوم 15 برابر اشاره کرد.
1,در زیر دستگاه،  دو بلندگوی استریو تعبیه شده‌اند که صدای بسیار خوبی را تولید می‌کنند.
1,به جز این مورد،  کیفیت صدا بسیار خوب،  واضح و شفاف است.
1,• جمع بندی Acer Aspire E1-531 با توجه به قیمتی که دارد،  یک لپ‌تاپ بسیار خوب و یک خرید مقرون به صرفه محسوب می‌شود.
0,در سالهای اخیر اپل بارها از شرکت سامسونگ با ادعای کپی برداری پتنت های اپل و «ظاهر و حس»‌ای پد و تلفن همراه هوشمند آیفون شکایت کرده است و خواهان پرداخت خسارات مادی و معنوی این تخلف شده است.
1,این دوربین توانایی ضبط ویدیویی 720p HD را دارد که خیلی خوب است.
0,برای مثال در حال حاضر مرورگر Google Chrome،  صفحه Retina را پشتیبانی نمی‌کند و همین باعث می‌شود که نه تنها ظاهر رابط کاربری برنامه،  بلکه متون نیز مات نشان داده شوند به طوری که ترجیح خواهید داد که از این برنامه تا موقعی که برای صفحه Retina به روز رسانی نشود،  استفاده نکنید.
1,تلویزیونی را کشف کنید که در آن طراحی حیرت‌انگیز و امکانات برتر مشاهده با هم ادغام شده‌اند.
1,در ضمن،  وجود سخت افزار بسیار قدرتمند نیز مزید بر علت است که همه چیز در این تبلت بسیار روان صورت پذیرد.
1,این دوربین مجهز به لنز 25-600 میلی متری با توانایی زوم 24 میلی متر می باشد که هم حالت واید بسیار عالی را ارائه می کند و هم توانایی زوم آن در سطح بسیار بالا و خوبی قرار می گیرد.
1,در قلب Galaxy S II پردازنده‌ی بسیار قدرتمند ARM Cortex A9 با سرعت 1.2 گیگاهرتز قرار گرفته که در نوع خود فوق‌العاده است.
1,با وجود این مشخصات،  تمامی دستورات در MediaPad 10 به سرعت و بسیار روان اجرا می‌گردند.
1,سنسور BSI-CMOS در شرایط نوری ضعیف عملکرد خیلی بهتری را نسبت به سنسورهای CMOS معمولی ارائه می‌دهد.
0,وزن 680 گرمی آن نیز وزنی تقریبا زیاد برای یک تبلت محسوب می‌گردد.
1,جلو و پشت این تبلت کاملا صاف طراحی شده و لبه های منحنی آن باعث می‌گردد که نگهداری آن در دست بسیار راحت‌تر صورت پذیرد و اطمینان خوبی را به کاربر بابت لیز خوردن از دست خواهد داد.
1,در نقد و بررسی HX100v اشاره کرده بودیم که کیفیت عکس‌های گرفته شده فوق‌العاده هستند.
1,همانطور که گفتیم در سیستم لرزش گیر اپتیکال این دوربین هم پیشرفت چشمگیری نسبت به مدل های پیشین رخ داده است.
1,به دلیل فضای زیادی که وجود داشته، در سمت راست صفحه کلید نیز یک صفحه کلید عددی خیلی خوب قرار گرفته تا کار وارد کردن اعداد خیلی آسان‌تر صورت گیرد.
0,عکاسی پیاپی با سرعت 11 فریم بر ثانیه هم می‌تواند انجام گیرد ولی رزولوشن به 8 مگاپیکسل کاهش می‌یابد.
1,با استفاده از PictBridge می‌توانید دوربین را به رایانه متصل کنید و با سرعت بسیار زیادی به انتقال عکس‌ها و فیلم هایی که گرفته اید بپردازید.
1,همه این کارها در Galaxy Note 8  به لطف قلم تعبیه شده بسیار راحت‌تر و لذت بخش تر از گذشته مقدور می‌باشند.
1,دوربین این تبلت میتواند در رزلوشن HD 720p فیلمبرداری کند که به کمک فوکوس ممتد،  کیفیت بسیار خوبی را ارائه میدهد.
1,به خصوص اینکه با پردازشگر تصویر Truepic III نیز همراه شده تا پردازش عکس‌ها خیلی با کیفیت‌تر و با سرعت بیشتری انجام گیرد.
1,فاصله‌ی فوکوس ماکرو آن نیز 1 سانتی متر می‌باشد که عالیست.
1,نکته‌ی خوب این است که خوشبختانه ویدیوها خیلی روان هستند.
1,در نهایت دیجی کالا GOPro HD Hero را بهترین دوربین ورزشی تجاری ارزیابی میکند و آن را به کلیه علاقه مندان و ورزشکاران پیشنهاد می کند.
0,چرا که تبلت Surface RT برای استفاده های معمولی مانند ارسال ایمیل،  هماهنگ کردن امور در Organizer،  ویرایش اسناد آفیس و یا مرورگری اینترنت طراحی گردیده است و برای کارهای حرفه ای گرافیکی،  هم از لحاظ سخت افزاری و هم به جهت عدم پشتیبانی Windows 8 RT از برنامه های طراحی شده برای نسخه های قبلی ویندوز،  نامناسب می‌باشد.
1,تصاویر گرفته شده با دوربین این تبلت کیفیت فوق‌العاده بالایی دارند.
1,مدیریت بر دو سیم کارت در نسخه دو سیم کارته این گوشی نیز به خوبی صورت می‌پذیرد که امکانات بسیار خوبی را به کاربر می‌دهد.
1,با وزن تنها 270 گرم نیز یکی از سبک وزن ترین‌ها می‌باشد.
0,این مشکل در نقشه های سه بعدی این برنامه بیشتر نمایان می‌شود.
1,به هر صورت همان‌طور که گفتیم،  F660 دوربین کامپکت سوپر زوم بسیار خوبیست که از ویژگی‌ها و فن آوری های خیلی پیشرفته و خوبی بهره می‌برد.
0,کارتریج های این پرینتر نسبتا گران قیمت هستند.
1,جمع بندی صفحه نمایش با کیفیت،  شفاف و روشن Infinity آن را به یک جانشین عالی برای Transformer Prime تبدیل کرده است.
1,پرینت رنگ خاکستری هم خیلی خوب انجام می‌گیرد.
0,اما با وجود ابعاد بزرگ این گوشی،  وجود یک صفحه نمایش 4.3 اینچی بر روی آن مقداری نا امید کننده است.
1,و در انتها،  باید اذعان کنیم که با وجود مشکلات در برنامه Maps و یا کاستی‌هایی که در iOS 6 وجود دارد که شاید در اندروید 4 وجود نداشته باشد،  هنوز این سیستم عامل سریع‌ترین و روان‌ترین سیستم عامل موجود بر روی تلفن‌های همراه و تبلت ها به شمار می‌رود که به کاربر راحتی و آرامش فوق‌العاده ای را اعطا می‌نماید.
0,در مورد عملکرد،  همانطور که گفتیم فوکوس خودکار واقعا بهترین نیست ولی در عین حال Shutter Lag هم وجود ندارد تا به محض فشردن دکمه ی شاتر عکس گرفته شود.
1,طراحی بسیار حرفه‌ای بوده و مواد ساخت اولیه نیز بسیار با کیفیت هستند.
1,اگر جزو کسانی هستید که با تبلت خود زیاد موسیقی گوش کرده،  ویدئو تماشا می‌کنید و یا بازی می‌کنید،  GALAXY Tab 2 10.1 با داشتن بلندگوهای با کیفیت،  صفحه نمایش بسیار خوب و پردازنده قدرتمند،  یک انتخاب بسیار خوب برای شماست و شما را نا امید نخواهد کرد.
1,هرچند که این گوشی فلزی نیست،  ولی از پلاستیک معمولی، بسیار مقاوم‌تر می‌باشد.
1,صفحه نمایش پیش از عرضه Infinity،  تبلت Transformer Prime بهترین کیفیت صفحه نمایش را در بین تبلت های اندرویدی داشت ولی Infinity با بهره گیری از یک صفحه نمایش Full HD با دقت 1920x1200،  روشنایی بیشتر و رنگ‌های طبیعی‌تر،  توانست تخت پادشاهی را از Prime بگیرد.
1,در کل همانطور که گفتیم،  M50 دوربین فیلم برداری بسیار خوب دیگری از کانن است که کاملا کوچک و سبک ساخته شده و در ضمن از امکانات و فن آوری‌های پیشرفته و خوبی بهره می‌برد.
0,درون جعبه ای که ما به نقد و بررسی آن پرداختیم حتی هندزفری هم وجود نداشت.
1,کلیدها فضای کافی برای فشار دادن داشته و بازخورد بسیار خوبی دارند.
1,همانند iPhone 5،  نسل پنجم iPod Touch نیز قابلیت عکاسی پانوراما را دارد که به کمک آن می‌توان عکس‌های عریض بسیار زیبایی تهیه نمود.
1,تعداد زیادی از پیغام‌ها و هشدارها به صورت بسیار کامل و جامع در این صفحه نمایش داده می‌شوند که کاربر می‌تواند نوع پیغام‌های نشان داده شده در این صفحه را بنا به نیاز و سلیقه‌ی خود،  از منوی تنظیمات دستگاه تغییر دهد.
1,بدین صورت که کافی است دوربین را بر روی مود عکاسی Smart Auto قرار دهید و دکمه‌ی شاتر را بفشارید تا دوربین به طور خودکار بهترین و با کیفیت‌ترین عکس را تهیه کند.
1,با وجود این سخت افزار مناسب و البته سیستم عامل روان ویندوز که همواره با مدیریت خوب بر حافظه رم،  سرعت مناسبی را به کاربر ارائه نموده است،  تمامی کارها در این تبلت با سرعتی بسیار خوب انجام خواهند شد.
1,با استفاده عادی از آن مانند مرورگری اینترنت،  تماشای ویدئو،  کار با آفیس،  بازی و یا گوش دادن به موزیک،  چیزی حدود یک روز این تبلت شارژدهی می‌کند که عملکرد بسیار مناسبیست.
0,این رزولوشن تراکم پیکسلی 187ppi را تولید می‌نماید که تراکم پیکسلی بسیار پایینی است.
1,به محض در دست گرفتن این تبلت،  اولین چیزی که توجه شما را به خود جلب خواهد کرد،  طراحی منحصر به فرد آن است.
0,در مقابل رقبایی مانند iPad mini یا Nexus 7 و یا حتی FonePad،  از نظر کیفیت ساخت باید Note 8 را در آخرین رده قرار دهیم.
1,حرکت تصاویر با قابلیت 960Hz Clear Motion Rate بسیار نرم‌تر خواهد بود تا صحنه‌های پر تحرک و هیجانی را با نهایت وضوح تماشا کنید.
1,همانطور که گفتیم،  W630 دوربینی کاملا کوچک،  سبک،  جیبی و خوش ساخت است که از امکاناتی بسیار خوب را ارائه می‌دهد.
0,عمق رنگ مشکلی تولید شده توسط این صفحه نمایش به حدی زیاد است که اگر از عکس پس زمینه مشکی استفاده کنید،  تشخیص دادن لبه صفحه نمایش،  از قاب دور آن کمی سخت است.
0,اما طراحی کلی iOS 6 تنوع جدیدی را در اختیار کاربران قرار نمی‌دهد و به غیر از افزوده شدن یک ردیف بیشتر به برنامه های آن( به علت بزرگ‌تر شدن صفحه نمایش) تغییر دیگری را شاهد نیستیم.
1,تاچ پد طراحی فوق‌العاده خوبی دارد.
1,زوایای دید این صفحه نمایش واقعا عالیست به طوری که حتی اگر از بالا یا پایین به صفحه نمایش نگاه کنید،  هیچ‌گونه تغییر خاصی در کیفیت صفحه نمایش مشاهده نخواهید کرد.
1,در مجموع می‌توان گفت که با توجه به قیمت دستگاه،  G580 از کیفیت ساخت بسیار رضایت بخشی برخوردار است.
0,منصفانه نیست اگر بگوییم ساخت Galaxy Note 8 بی کیفیت یا  نا امید کننده  است،  ولی برای قرار گرفتن در بین تبلت های برتر دنیا،  کمی ضعیف است.
0,سامسونگ بهبود های قابل توجهی در این مدل ایجاد کرده است ولی در بعضی از موارد،  این تبلت یک پله به عقب رفته است.
1,در نهایت اگر به دنبال بهترین تبلت اندرویدی موجود در بازار هستید،  بدون هیچ شک و تردیدی ASUS Transformer Pad Infinity بهترین و به عبارتی تنها انتخاب شما خواهد بود.
0,البته متاسفانه ابن قابلیت در مورد تمامی برنامه‌ها کاربرد ندارد و تعدادی از برنامه‌ها از جمله S-Note ،  مرورگر،  ویدئوپلیر و آفیس را شامل می‌شود که امیدواریم در نسخه های بعدی سیستم عامل،  سامسونگ این نقیصه را نیز برطرف نماید.
0,اما با اینکه صفحه نمایش این تبلت از آیپد جدید بزرگ‌تر است،  رزولوشن آن بسیار کمتر یعنی 768×1366 است که در مقایسه با رزولوشن 1536×2048 آیپد،  حرفی برای گفتن ندارد.
1,گیرنده دیجیتال فراسو مدل FDR-211 با امکانات جدید،  کیفیت ساخت فوق‌العاده و استفاده از تکنولوژی‌های روز به بازار عرضه شده است.
0,متاسفانه عکس‌های گرفته شده با دوربین این تبلت از کیفیت رضایت بخشی برخوردار نیستند.
1,یک پردازنده چهار هسته ای از نوع Cortex-A9 با فرکانس 1.2 گیگاهرتز به همراه یک گیگاهرتز حافظه رم و پردازشگر گرافیکی بسیار قدرتمند،  تشکیل دهنده سخت افزار این تبلت می‌باشند.
1,در صداهای متوسط،  کیفیت صدای تولید شده بسیار شفاف و دقیق است.
0,این لنز فواصل کانونی معادل 43.6-436 میلی متر را پوشش می‌دهد که البته باعث می‌شود در 43.6 میلی متر چندان لنز وایدی نباشد و میدان دید محدودی را در بر گیرد.
1,به طور کلی عکس‌های گرفته با گوشیPlus One X کیفیت بسیار بالایی دارند.
1,همچنین رابط کاربری Timescape بسیار زیبا و روان است و امکانات بسیاری دارد.
1,به نظر ما بهترین گوشی آندرویدی است که تا به حال دیده ایم و برای هر قشری می‌تواند کاملاً کاربردی و کارآمد باشد.
1,HX100v دوربینی فوق‌العاده پیشرفته و خوب،  و یکی از گران قیمت‌ترین دوربین‌های رده‌ی خود در سال 2011 بود.
1,کمینه‌ی فاصله‌ی فوکوس این لنز در مود ماکرو 5 سانتی متر است که عالیست.
0,این دوربین فاقد هرگونه چشمی الکترونیکی است.
1,این کیفیت برای استفاده هایی که p1102 بدان منظور ساخته شده کاملا کافی می‌باشد.
1,بخش استراحتگاه مچ دست بزرگ و کاملاً صاف بوده و فضای کافی را برای مچ دستان فراهم می‌کنند.
1,همانطور که گفتیم،  GoPro HD Hero توانایی ضبط ویدیویی بسیار با کیفیت و با رزولوشن بالای Full HD و رزولوشن 1080p در 30 فریم بر ثانیه را دارد.
1,در ضمن این دوربین یک فلاش Pgr-up بسیار قدرتمند نیز دارد که برد موثر آن به 12.4 متر می‌رسد.
1,در کنار چنان سخت‌افزار قدرتمندی، سیستم‌عامل کاملاً حرفه‌ای و جذاب Android 2.3 با واسط کاربری TouchWiz 3.0 قرار دارد.
1,از نظر پورت ها و اتصالات،  این دوربین کاملاً غنی است.
0,موضوعی که از نظر بسیاری یکی از نقاط ضعف جدی این مدل به شمار می‌رود.
1,وجود سخت افزار بسیار قدرتمند،  صفحه نمایش شگفت انگیز FullHD،  دوربین‌های بسیار با کیفیت و طراحی بسیار خوب در کنار سیستم عامل محبوب اندروید 4،  باعث می‌گردد این تبلت نیز به یک گزینه خوب برای طرفداران تبلت های سطح بالا تبدیل گردد که در این سطح قیمت تقریبا بی رقیب نیز به نظر می‌رسد.
1,همانند عکس‌های گرفته شده،  کیفیت فیلم‌برداری این تبلت نیز بسیار خوب و رضایت بخش است.
1,یک دستگاه خوش ساخت،  شکیل و بسیار با کیفیت که از این نظر حتی می‌توان گفت در مواردی از تبلت های سامسونگ نیز با کیفیت‌تر به نظر می‌رسد.
1,به دلیل وجود پنل IPS بر روی این صفحه نمایش،  عملکرد آن در زوایای مختلف نیز بسیار مناسب و قابل قبول است.
0,سونی از اینترفیس خود بر روی آن استفاده کرده و نمی‌دانیم چرا این قدر سعی داشته که آن را به اندروید نسخه‌ی نان زنجبیلی شبیه کند!
1,"این دوربین مجهز به چشمی الکترونیکی بسیار با کیفیت 0.43"" XtraFine TruBlack با کیفیت 921,000 نقطه می باشد."
1,در استفاده روزانه شامل مرورگری اینترنت،  اجرای بازی‌های مختلف و تماشای ویدئو،  باتری iPod Touch نسل پنجم توانست دو روز و نیم شارژدهی کند که میزان بسیار خوب و رضایت بخشیست.
1,علاوه بر این‌ها مودهای صحنه‌ی خیلی مختلف و متنوعی هم وجود دارند که می‌توانید از بین آن‌ها انتخاب کنید.
1,همانطور که گفتیم دوربین NEX-VG10 مجهز به سنسور 23.4 x 15.6 میلی متری 14.2 مگاپیکسلی موثر Exmor APS HD CMOS می باشد که با کیفیت‌ترین سنسور تصویر سونی است.
0,فقط مقداری خطای رنگی بنفش در مناطق پر کنتراست و گوشه‌های تصویر مشاهده می‌شود.
0,ویدئو پلیر این تبلت نیز از ظاهر بسیار خوبی برخوردار است ولی متاسفانه این تبلت،  همانند اکثر تبلت هایی که از پردازنده Tegra 2 استفاده میکنند،  نمیتواند ویدئوهای Full HD را روان پخش کند.
1,حتی سنگین‌ترین بازی‌های HD نظیر Infinity Blade نیز کاملا روان و بی نقص اجرا شدند.
1,در این طراحی از نمای منحنی گون جذاب و یک پایه نوآورانه استفاده شده است که در کنار هم یک شاهکار کامل هنری محسوب می‌شوند.
0,اما برخلاف لنز Ixus 510 HS که توانایی زوم 12 برابر را داشت،  لنز 24-120 میلی متر Ixus 240 HS توانایی زوم 5 برابر را دارد.
1,کار با این پویشگرها بسیار ساده است.
1,112 گرم برای یک گوشی در این سطح فوق‌العاده است.
1,کیفیت تصاویر تولید شده شفاف و رنگ‌ها نیز کاملا طبیعی و زنده هستند.
0,ولی برخلاف F770 نمی‌توان در فرمت حرفه ای تر و خام RAW با آن عکاسی کرد.
0,این به این معناست که از صفحه نمایش آن نمی‌توان انتظار تصویر چندان خوبی در مقابل صفحه نمایش‌های Super AMOLED و یا Super Clear LCD را داشت.
1,به هر صورت ویدیوها و عکس های گرفته شده با این دوربین کیفیت بسیار بالایی دارند و صدا هم با کیفیتی بسیار خوب،  به صورت استریو و بهتر از مدل های پیشین ضبط می شود.
1,کیفیت نمایشگر خیلی خوب است و به دلیل لمسی بودن،  باعث شده که بیشتر دکمه‌های فیزیکی از روی بدنه‌ی دوربین حذف شوند.
1,جای کمی را بر روی میز اشغال می‌کند و سرعت و کیفیت پرینت خیلی خوبی هم دارد.
1,در عوض همه‌ی کنترل‌های لمسی و غیر لمسی ارگونومی بسیار خوبی دارند و عملکردشان کاملاً راضی‌کننده است.
1,همچنین توسط بسیاری از موسسات و نشریات معتبر به عنوان برترین دوربین ورزشی موجود انتخاب و تحسین شده است.
1,در کل،  باید بگوییم که طراحی این تبلت از طراحی تبلت ها تا به امروز که یا از پلاستیک و یا از آلومینیوم بودند متفاوت می‌باشد و یک نوآوری توسط مایکروسافت محسوب می‌گردد که بسیار دوست داشتنی است.
1,بعد از مدت‌ها از یک کمپانی به غیر از اپل و ایسوس و سامسونگ،  تبلتی با صفحه نمایش بسیار خوب مشاهده نمودیم.
1,در نهایت اگر به دنبال کامل‌ترین و بهترین مالتی مدیا پلیر همراه موجود در بازار هستید،  iPod Touch نسل پنجم،  تنها انتخاب شما خواهد بود!
0,ظرفیت در دسترس برای ذخیره موسیقی در آیپاد شافل،  2GB است که ممکن است برای بعضی کاربران ظرفیت کمی باشد.
1,رزلوشن این صفحه نمایش 1280x800 بوده که تراکم پیکسلی بسیار بالایی را ارائه میدهد و خواندن متون بر روی آن بسیار راحت و لذت بخش است.
1,نتیجه تست‌های مختلف صورت گرفته توسط سایت معتبر آناندتک نشان می‌دهد که باز هم باید آیفون 5 را قدرتمندترین گوشی موجود تا به امروز بنامیم.
1,حتی عکس‌های پانوراما نیز بسیار شارپ بوده و جزئیات خیلی دقیقی دارند.
1,این دوربین با ابعادی کاملا مستطیلی شکل ساخته شده و همانند دیگر دوربین‌های سری Ixus بسیار استایلیش و زیبا می‌باشد.
1,در کل باید گفت که HP LaserJet P1102 به عنوان یک پرینتر لیزری تک رنگ سطح مبتدی عملکرد و ویژگی های خیلی خوبی را ارایه می‌دهد.
1,این پیشرفت خیلی خوبیست و باعث می شود که عملکرد این دوربین در شرایط ضعیف نوری کاملا برتر باشد و بتوان با سرعت های شاتر بالاتری عکاسی کرد.
0,نکته منفی دیگری که در مورد طراحی این گوشی یافتیم،  دوربین خارج از بدنه آن است.
1,کمینه ی فاصله ی کانونی لنز این دوربین 24 میلی متر است که باعث می شود در یک کادر بتوانید میدان دیدی کاملا گسترده را ثبت کنید.
1,ارگونومی، طراحی و ساخت آن نیز کاملاً عالی، با کیفیت و اصولی می‌باشد تا در هنگام عکاسی تسلط کامل را بر دوربین داشته باشید.
1,FDR-211 یکی از قدرتمندترین گیرنده‌های فراسو به حساب می‌آید که با تقویت کننده‌ی داخلی و آنتن رومیزی امکان دریافت کانال‌ها را با بهترین کیفیت ممکن به شما می‌دهد.
1,قابلیت هایی مانند USB Host،  گواهی PlayStation و همچنین قابلیت های مالتی مدیای خاص آن،  این تبلت را به یکی از بهترین تبلت های هانی کامبی موجود در بازار تبدیل کرده است.
1,رنگ‌های تولید شده بسیار زنده و طبیعی بوده و نویز تصاویر نیز کم است.
0,متاسفانه پورت دوست داشتنی USB 3.0 در این لپ‌تاپ وجود ندارد.
0,* سطح امنیت تشخیص چهره به اندازه ورود با شناسه و اسم رمز بالا نیست.
0,همچنین عملکرد آن در زوایای دید مختلف نیز قابل تعریف و تمجید نیست.
0,در تست‌هایی که انجام دادیم به نظرمان نمایش متون خیلی خوب صورت نمی‌گیرد.
1,نسخه 4.1 به لطف بهره گیری از پروژه کره،  افزایش سرعت چشم گیری نسبت به نسخه های قبلی اندروید داشته است.
1,اما یک ویژگی بسیار خوب که بین آن‌ها مشترک می‌باشد،  گیرنده‌ی داخلی GPS است.
0,کیفیت تصویر خیلی معمولی است و چندان حرفی برای گفتن باقی نمی‌گذارد.
0,در پشت این تبلت،  دوربین 5 مگاپیکسلی آن قرار دارد که متاسفانه به فلش مجهز نیست.
1,در نقد و بررسی P510 لنز آن را فوق‌العاده خواندیم.
1,محیط رابط کاربری به لطف پردازنده بسیار قدرتمند چهار هسته ای حتی زمانی که از تصویر پس زمینه متحرک استفاده کردیم،  کاملا روان است.
1,به همین دلیل نیز F660 از لرزش گیر ترکیبی تصویر مکانیکی پیشرفته و الکترونیکی بهره می‌برد تا بتوانید با خیال آسوده و حتی در سرعت‌های شاتر پایین و بزرگنمایی های بالا نیز عکس‌های خیلی شارپ و با کیفیتی تولید کنید.
1,با عینک‌های 3 بعدی سامسونگ می‌توانید تصاویر خارق‌العاده 3 بعدی را با دقت فول اچ دی تماشا 1080p نمایید.
1,رنگ‌های تولید شده و روشنایی صفحه نمایش دستگاه بسیار بالاست و در مجموع می‌توان گفت که کیفیت صفحه نمایش iPod Touch بسیار بهتر از رقبای اصلی مانند Samsung Galaxy Player 5.0 است.
0,رزولوشن اپتیکال این اسکنر،  1200X1200dpi و نسبتا کم می‌باشد.
1,این در حالیست که لنز این دوربین حالت واید خیلی بهتری را ارایه می‌دهد و در یک کادر می‌توانید میدان دید خیلی بزرگ‌تری را در یک عکس ثبت کنید.
1,یک دوربین 8 مگاپیکسلی با سنسور بسیار پیشرفته Backside Illuminated CMOS و دیافراگم f/2.4 که همانند دوربین آیفون 4S عملکرد بسیار خوبی دارد.
0,دوربین جلویی که صرفا جهت مکالمات تصویری تعبیه شده و چندان مناسب عکاسی نمی‌باشد.
0,البته متاسفانه این مرورگر به طور پیش فرض از فلش پلیر پشتیبانی نمی‌کند و در صورت نیاز باید آن‌را جداگانه نصب نمود.
1,بر روی قاب پشتی تبلت نیز دوربین به همراه فلاش LED و بلندگوها جاسازی شده‌اند که با وجود قاب سفید رنگ دوربین،  نمای پشتی تبلت نیز بسیار زیبا و شکیل گشته است.
0,از تنها نقاط ضعف جزئی این دستگاه می‌توان به عدم وجود درایو نوری و پورت شبکه اشاره کرد.
1,در ضمن حالت واید بسیار عالی و بزرگنمایی 11X را نیز ارایه می کند.
0,قیمت این کارتریج‌ها به نسبت زیاد است و این مورد شاید کمی ناراحت کننده باشد.
1,در ضمن، یک دوربین 2 مگاپیکسلی نیز برای انجام مکالمات تصویری وجود دارد که برای این منظور بسیار مناسب و با کیفیت است.
0,حتما دلایلی برای این کار داشته،  با این حال به نظر ما که این یک فقدان خیلی بد است چرا که همواره استفاده از چشمی های اپتیکال در زیر نور شدید آفتاب را دوست داریم.
1,آنطور که اپل ادعا می کند آیپاد شافل دارای طراحی فوق العاده است،  که البته ادعایی غیر واقعی نیست.
0,وقتی این گوشی را برای اولین بار در دست میگیرید،  انتظار وزنی بیشتر و ساختاری فلزی و مستحکم تر را دارید، و ممکن است در وهله اول کمی شما را مأیوس کند.
1,با این حال در کل عکس‌ها از نظر نور دهی و رنگ‌ها خیلی خوب هستند.
1,به هر صورت همانطور که گفتیم،  Hp Laser Jet Pro M1132 MFP پرینتر لیزری سیاه و سفیدی (تک رنگ) است که سرعت و کیفیت بسیار بالایی را در عمل چاپ ارایه می‌دهد.
0,برای شروع،  اپل تمام برنامه های اصلی خود (مانند Aperture،  iMovie،  Final Cut Pro X) را برای این صفحه نمایش به‌روزرسانی کرده است ولی برنامه های جانبی دیگر (مانند مرورگر Google Chrome) که برای چنین دقتی طراحی نشده‌اند،  به این خوبی نخواهند بود.
1,این بسیار عالیست و باعث می شود که همانند دیگر مدل های اخیر G پاناسونیک، این دوربین هم جزو بهترین گزینه ها برای فیلم برداری قرار گیرد.
1,عکاسی با این دوربین کار بسیار ساده ایست،  کافیست که آن را بر روی مود اتوماتیک قرار دهید،  سپس به سوی سوژه نشانه بروید و دکمه ی شاتر را بفشارید تا بهترین و با کیفیت ترین عکس ها بدست آید.
1,مزیت این نوع پردازنده‌ها بیشتر در مصرف انرژی بسیار پایین‌تر و ارائه‌ی قابلیت‌های عالی در مالتی تسکینگ یا انجام چند وظیفه به صورت همزمان است.
1,این نوع نمایشگرهای چرخنده خیلی کارآمدتر از مدل هایی هستند که فقط به بالا و پایین چرخش می نمایند.
1,نوکیا 500 هم در عین سادگی گوشی بسیار پر امکاناتی می‌باشد به طوری که نمایشگر 3.2 اینچی لمسی خازنی آن رزولوشن خیلی خوب 360 × 640 پیکسل را ارایه می‌دهد و کیفیت 16 میلیون رنگ را دارد.
0,با این حال با توجه به ساختار پلاستیکی آن،  نباید استحکامی فوق‌العاده را از آن انتظار داشته باشیم.
1,همچنین تنوع رنگی بسیار خوب مشکی،  سفید،  قرمز و نقره‌ای را هم ارائه می‌دهد.
1,اما در کل،  کار با این تبلت کاملا لذت بخش است که سرعت عمل بسیار خوب آن در کنار تاخیر های کم ،  تجربه جدیدی را به کاربر خواهد داد .
1,آخری به خصوص برای گرفتن عکس‌های ماکرو که به فوکوس دقیق احتیاج دارند بسیار عالیست چرا که وسط نمایشگر هم بزرگنمایی ایجاد می‌شود.
1,روشنایی صفحه نمایش نیز عالیست.
1,شفافیت رنگ‌ها بسیار مناسب و رنگ‌ها بسیار عمیق و خوب نمایش داده می‌شوند.
1,به لطف تراکم پیکسلی بسیار بالای صفحه نمایش و پردازنده قوی یک گیگا هرتزی آن،  مرورگری اینترنت با این گوشی بسیار لذت بخش است.
1,شاید بتوان گفت بزرگترین نقطه قوت و مزیت این دوربین به دیگر دوربین های رایج ورزشی و غیر ورزشی،  بهره گیری از یک لنز بسیار واید 170 درجه است که تصاویری بسیار عریض و خیره کننده ضبط می کند،  قابلیتی که نقش موثری در خلق تصاویر مهیج و زیبا در فعالیت های ورزشی و ماجرا جویانه دارد.
1,به طور کلی عکس‌های گرفته با گوشی 8X کیفیت بسیار بالایی دارند.
1,این دوربین همچنان بسیار خوش‌دست است و در هنگام در دست گیری احساس خوبی را به شما منتقل می کند.
1,این دوربین در ضمن نمایشگر بسیار با کیفیت تری نیز دارد.
1,جزئیات بسیار دقیق هستند،  رنگ‌های تولید شده بسیار طبیعی بوده و نویز عکس‌ها کم است.
1,به طور کلی می‌توان گفت که کیفیت ساخت دستگاه بسیار بهتر از مالتی مدیا پلیرهای رده بالای دیگر مانند Samsung Galaxy Player می‌باشد.
1,هرچند که فقدان چشمی اپتیکال احساس می شود،  با این حال دیگر ویژگی ها چون سنسور تصویر با عملکرد بهتر،  نمایشگر چرخنده،  توانایی فیلم برداری بهتر،  سرعت عکاسی پیاپی بالاتر و از همه مهم تر لنز سریع تر باعث می شوند که در کل دوربین بهتری نسبت به مدل پیشین باشد.
1,سیستم لرزش گیر دست چه در هنگام استفاده از زوم زیاد و چه استفاده از سرعت‌های شاتر پایین عملکردی خیلی عالی دارد.
1,دیافراگم f/2.0 دوربین این گوشی به این معنی است که نور بیشتری به سنسور دوربین برخورد کرده در نتیجه نه تنها سرعت عکاسی گوشی بسیار بیشتر می‌شود بلکه عکس‌ها در فضاهای کم نور از کیفیت بسیار بالاتری برخوردار خواهند بود.
1,"سامسونگ واقعا در ساخت این لپ‌تاپ‌ها با توجه به قیمت پایینی که دارند،  طراحی و مواد اولیه فوق‌العاده خوبی را به کار برده و به اصطلاح ""سنگ تمام گذاشته است!"
1,طراحی سری 4540s همانند اکثر لپ‌تاپ‌های کمپانی HP،  بسیار ساده و در عین حال شکیل است.
1,به طور کلی زمان پاسخ دهی صفحه نمایش این گوشی مناسب است و زوایای دید بسیار خوبی نیز دارد.
1,فلاش LED این دوربین فوق‌العاده قدرتمند است.
1,محیط نرم افزاری به لطف پردازنده بسیار قدرتمند دو هسته ای و حافظه RAM بالا،  بسیار روان است و می‌توانیم بگوییم که به جز حالتی که از تصویر پس زمینه متحرک استفاده کردیم،  تقریبا هیچ‌گونه کاهش سرعتی هنگام کار کردن با این تبلت مشاهده نکردیم.
0,در نهایت می‌توان نقطه ضعف اصلی این تبلت را در طراحی و ساخت آن دانست،  جائیکه از یک تبلت با این امکانات و قدرت،  انتظار بیشتری می‌رفت ولی توسط سامسونگ برآورده نشد.
1,آنتی‌ویروس پاندا 2013، ساده‌ترین، سبک‌ترین و هوشمندترین نرم‌افزار امنیتی برای رایانه‌های خانگی و شخصی به حساب می‌آید.
1,صفحه نمایش 4 اینچی با کیفیت فوق‌العاده در کنار پردازنده قدرتمند به شما این امکان را می‌دهد تا از بهترین تجربه کاری با تمامی برنامه‌ها و بازی‌های سیستم عامل iOS بهره‌مند شوید.
1,همانطور که گفتیم این عملکرد برای دوربینی با سنسور تصویر APS-C فوق العاده است و کیفیتی در حد دوربین های DSLR دارد.
0,البته با این لنزها دیگر فوکوس خودکار امکان‌پذیر نمی‌باشد.
1,اما یکی از بهترین بهبودها در این دوربین نسبت به مدل پیشین در نمایشگر بوده است.
1,این مرورگر از Adobe Flash هم پشتیبانی می‌کند و محتوای آن از قبیل ویدیو و گرافیک نیز کاملاً عالی اجرا می‌شود.
1,حساسیت لمسی خود نمایشگر هم کاملاً عالیست.
1,دوربین فیلم‌برداری GZ-MG555 از دیگر مدل‌های JVC است که کیفیت تصویری بسیار خوبی دارد.
1,در تست تماشای ویدئو با Wi-Fi روشن و روشنایی ثابت،  Retina MacBook Pro  توانست بیش از هفت ساعت و نیم شارژ دهی کند که میزان فوق‌العاده بالاییست.
0,این وضعیت تا ایزو 800 به مراتب بدتر می‌گردد.
1,رنگ‌های تولید شده توسط صفحه نمایش بسیار زنده و طبیعی بوده و زاویه دید آن نیز رضایت بخش است.
0,همچنین اگر یک عکس Raw+JPEG بگیرید ذخیره ی آن بر روی کارت حافظه حدود 8 ثانیه به طول می انجامد که زیاد است.
1,این گوشی همانند اکثر گوشی‌های رده بالای این کمپانی،  دارای بدنه یک پارچه پلی کربناتی است که کیفیت فوق‌العاده بالایی داشته و به کاهش وزن دستگاه کمک فراوانی کرده است.
0,نکته جالب این دستگاه این است که به جز سطوح صاف از خیلی چیزها می توان اسکن تهیه کرد به طوری که ما در آزمایش های خود از صورت و دست خود نیز اسکن تهیه کردیم ولی توصیه می کنیم شما این کار را تجربه نکنید.
1,جمع بندی در کل،  با یک گوشی جالب، منحصر به فرد از نظر ابعاد و البته قدرتمند از کمپانی LG آشنا شدیم.
1,در ضبط ویدیویی Full HD نیز میدان دید 127 درجه پوشش داده می شود که فوق العاده است.
1,تاچ پد نیز به خوبی طراحی شده و از حساسیت و کیفیت بسیار بالایی برخوردار است.
1,لنز ZS6 خیلی لنز خوبی است به طوری که کمینه ی فاصله ی کانونی آن 26 میلی متر می باشد که در این حال میدان دید خیلی گسترده ای را می تواند در یک میدان دید پوشش دهد.
0,همانطور که گفتیم،  S3200 دوربین بریجی در سطح متوسط است.
1,این دوربین از مودهای فیلم برداری خیلی خوبی بهره می‌برد.
1,بلندگوها نیز دارای کیفیت بسیار خوبی هستند که وضوح خوبی را در اختیار کاربر قرار می‌دهند.
1,طراحی این لپ‌تاپ‌ها بسیار خوب بوده و مواد اولیه استفاده شده در ساخت آن‌ها بسیار مرغوب می‌باشند.
0,البته هنگامی که والپیپرهای متحرک استفاده کنید،  محیط کمی کند شده و آن روانی را دیگر نخواهد داشت.
1,تراکم پیکسلی بسیار بالای این صفحه نمایش،  جزئیات را بسیار شارپ و دقیق نشان می‌دهد بطوریکه حتی اگر از نزدیک به صفحه آن نگاه کنید،  هیچ‌گونه شکستگی در متون نخواهید دید.
1,طراحی این کیبورد به صورت شیب دار و گوه ای بوده و کیفیت ساخت آن همانند خود تبلت،  فوق‌العاده بالاست.
1,در تست های انجام شده این سیستم به خوبی می تواند تا 85 درصد لرزش دست شما را جبران کند و در سطح بهترین دوربین ها چون Panasonic X900M قرار گیرد.
1,برنامه S Planner همان‌طور که از اسم آن می‌توان متوجه شد یک برنامه تقویم بسیار کارآمد است که به شما در برنامه ریزی‌هایتان کمک شایانی می‌نماید.
1,اما این بار فوجی فیلم شاهکاری دیگر را خلق کرده است که قطعا در CES 2011 یکی از بهترین‌ها بود.
1,لولایی که نمایشگر را نگه می‌دارد کاملا مستحکم است و دکمه‌ها نیز بازخورد خیلی خوبی دارند.
1,اگر شما یک دانشجو باشید حتما می دانید که به دفعات برایتان پیش آمده که نیاز به گرفتن کپی و یا عکس از یک کتاب و یا جزوه داشته اید،  مهندسین عمران معمولا نیاز دارند که نقشه های خود را همراه داشته باشند،  وکلا همیشه مدارک زیادی را حمل می کنند و چندین مورد دیگر که در تمامی این ها یک پویشگرهای دستی می تواند به راحتی و در زمانی بسیار کوتاه از این مدارک  ،  نقشه ها و متون  اسکن تهیه کرده و بر روی یک حافظه ذخیره کند و درمواقع مورد نیاز در اختیار شما قرار دهد.
1,همانند عکس‌های گرفته شده،  کیفیت فیلمبرداری این گوشی نیز بسیار خوب و رضایت بخش است.
1,به هر صورت همانطور که گفتیم SZ-14 از انواع ارزان قیمت‌تر دوربین های کامپکت سوپرزوم المپوس می باشد که دارای لنزی قدرتمند با توانایی زوم بسیار عالی 24 برابر است.
1,چند سالی است که بازار دوربین‌های دیجیتال کامپکت؛ تنوع بسیار زیادی را به خود دیده است.
0,اما اولین تجربه برای اپل چندان خوش آیند نبود.
1,این دو دوربین توانایی فیلم برداری با رزولوشن HD را نیز دارند که عالیست.
0,همچنین وضوح آیکون‌ها و ویجت ها را نیز خیلی دوست نداریم.
1,به هر صورت معمولا چیزی که بیشتر کاربران از پرینتری پر کار در این سطح قیمت برای خانه و یا دفتر کار انتظار دارند،  تولید پرینت های با کیفیت بالا،  با سرعت زیاد و البته هزینه‌ی نگهداری پایین است.
1,به طور کلی صفحه نمایش Google Nexus 7 کیفیت بسیار خوبی دارد و مشاهده ویدیوها،  عکس‌ها و سایر موارد بر روی آن بسیار لذت بخش خواهد بود.
1,زاویه دید صفحه نمایش Infinity نیز همانند مدل پیشین یعنی Prime،  بسیار بالا بوده و تقریبا هیچ‌گونه کاهش کیفیتی در هیچ زاویه دیدی مشاهده نکردیم.
1,اما با وجود استفاده مایکروسافت از پنل Touch و LCD در یک لایه،  دید در زاویه و همچنین عملکرد این صفحه نمایش در زیر نور آفتاب،  بسیار عالی و راضی کننده خواهد بود.
1,دیافراگم f/2.0 دوربین این گوشی به این معنی است که نور بیشتری به سنسور دوربین برخورد کرده در نتیجه نه تنها سرعت عکاسی گوشی بسیار بیشتر می‌شود بلکه عکس‌ها در فضاهای کم نور از کیفیت بسیار بالاتری برخوردار خواهند بود.
1,رابط کاربری دوربین نیز بسیار ساده و کاربردی است.
0,البته این کاهش ضخامت و وزن،  عواقب اجتناب ناپذیری را به همراه داشته است که مهم‌ترین و بارزترین آن،  عدم وجود درایو نوری بر روی دستگاه است.
1,به قسمت جلوی گوشی که نگاه کنیم؛ با نمایشگر 4.3 اینچی فوق‌العاده‌ی Super AMOLED مواجه می‌شویم که سطح آن کاملا توسط شیشه‌ی ضد خش و بسیار مستحکم Gorilla Glass پوشیده شده است.
1,عکس‌های 8 مگاپیکسلی فوق‌العاده شارپ و با‌کیفیت هستند.
1,به علاوه این تبلت به طور پیش فرض از سیستم عامل اندروید 4.0 استفاده می‌کند که بسیار روان‌تر و بهینه تر از نسخه های پیشین است.
1,به لطف پردازنده چهار هسته ای 1.7 گیگا هرتزی One X Plus،  محیط رابط کاربری بی نهایت روان است و کوچک‌ترین کاهش سرعتی در حین کار کردن با گوشی احساس نخواهید کرد.
1,اپل تمام تلاش خود را کرده تا iPod Touch را باریک‌تر و سبک‌تر کند و در این کار کاملا موفق بوده!
0,جنس بدنه این تبلت با وجود اینکه پلاستیکیست،  از پلاستیک براق بسیار با کیفیت ساخته شده است ولی متاسفانه اثر انگشت را به خوبی جذب کرده و نشان میدهد.
1,در قسمت بالای این دوربین نیز فلش بالا جهنده ای قرار گرفته است که خیلی قدرتمند است و بردی در حد 10 متر دارد.
1,نمایشگر این دوربین بسیار عالیست به طوری که از نوع 3 اینچی با رزولوشن فوق العاده ی 921000 پیکسل می باشد.
1,مرورگر اینترنت آن هم بسیار عالیست و پیشرفت بسیار خوبی نسبت به نسخه‌های پیشین داشته و همچنین از محتوای Flash هم پشتیبانی می‌کند.
0,روی این دستگاه تا حدودی شلوغ بوده و تعداد زیادی کلید وجود دارد.
1,تصاویر گرفته شده با دوربین این تبلت کیفیت فوق‌العاده بالایی دارند.
1,و در آخر، برای مکالمات تصویری شما یک دوربین 1.3 مگاپیکسلی در جلوی دوربین تعبیه شده که بسیار کاربردی است.
1,با وجود چنین تکنولوژی و سخت افزار پیشرفته ای که در این لپ‌تاپ به کار گرفته شده است،  Retina Macbook Pro بسیار باریک و سبک بوده و طول عمر باتری آن بسیار بالاست.
1,عملکرد مرورگر اینترنت موجود بر روی این دستگاه از نظر سرعت بسیار عالیست.
0,GALAXY Tab 2 10.1 را نمی‌توان یک جانشین مناسب برای تبلت معروف GALAXY Tab 10.1 دانست.
0,گوشه های Miro نسبتا تیز ساخته شده‌اند و سعی شده که طراحی آن خیلی مستطیلی شکل باشد.
0,این بدان معناست که هیچ یک از برنامه‌هایی که برای نسخه های قبلی ویندوز یعنی Seven و غیره نوشته شده‌اند اجرا نمی‌شوند.
1,در ضمن کمینه ی فاصله ی کانونی این لنز در مود ماکرو 2 سانتی متر است که فوق العاده می باشد.
1,این دوربین ها مجهز به نمایشگر 2.7 اینچی 230000 پیکسلی می باشند که برای دوربین هایی در این سطح کاربری و قیمت کاملا مناسب هستند.
1,اگر به دنبال لپ ‌تاپی زیبا،  خوش ساخت و با قیمتی مناسب هستید،  مطمئنا لپ‌تاپ‌های سری 3 کمپانی سامسونگ،  جزو بهترین انتخاب‌های شما خواهند بود.
0,به علاوه فلاش LED به طور خودکار عمل نمی‌کند و باید آن را به صورت دستی فعال کنید.
