1,Prosit Edward Scicluna għax-xogħol serju li qed tagħmel u urejt lill-oppożizzjoni kif isiru l-affarijiet fejn jidħlu l-finanzi tal-gvern.
0,X'differenza minn oħrajn li biex iħammġu lil art twelidhom jaslu biex jigdbu.
1,Prosit Animal welfare għal kif qed tieħdu ħsieb il-klieb immaltrattati. Ħafna nies ma jafux kemm il-klieb għandhom qalbhom kbira għal sidhom u kemm huma kumpannija matul il-ġurnata kollha.
0,"Vera ma jafx x'qed jagħmel, moħħu biss biex jagħmel ħsara lill-gvern mingħalieh."
0,"Naħseb li għażaqt waħda u sew, għax meta tara l-bankini u partijiet minn toroq li kienu taħt idejk jekk tagħsarhom ma ssib l-ebda waħda sura ta' nies."
0,Ipproteġu L-Maltin għax ħadd ma qatt tagħna l-għajnuna imma l-Maltin stess ħadmu biex ikollna pajjiż tagħna.
0,Il-flus tal-multa li weħel min ser jeħodhom?
0,"Il-belt Valletta dawn l-aħħar sentejn saret belt mitluqa, mimlija karozzi, speċjalment governattivi, li jipparkjaw fejn iridu u li ħadd ma jista jkellimhom."
0,"Filwaqt li qed tkun irranġata l-anomalija fil-pensjoni tal-ħaddiema li kienu fis-servizz Ingliż, imma ma' dawk li kienu fis-servizz ċivili ma sar assolutament xejn!"
1,"Fejn jidħlu ġbir ta' fondi, Bandi u Peppi minn tal-ewwel."
0,"Nittama li dawn il-flus imorru għal dawk in-nies li huma fil-bżonn kif ukoll lil ta' Puttinu Cares l-aktar. Kif ukoll għal  dawk l-eluf ta' nies li huma f'riskju ta' faqar hawn Malta,
niftakru fihom ukoll li għal ħafna minnhom għaddejjin minn problemi ta' saħħa kif ukoll problema ta' poverta minħabba l-għoli tal-ħajja u xogħol."
0,Biex tikkritika mhux neċessarju li tuża kliem perikoluż u allarmanti.
1,Grazzi Mary Rose ta' kemm ferraħt nies tul il-karriera sabiħa tiegħek fuq il-palk.
0,Dan biex aktar taħbu? Nispera li le u nistgħu nkunu nafu l-ismijiet u l-karigi ta' dawn in-nies li ser jiffurmaw dan it-tim il-ġdid ?
0,Tkellem għalik sieħbi. Malajr ħadtha r-risposta. President tal-ġenn għandna. U poplu tal-ġenn (ħlief għal xi ftit eċċezzjonijiet bħalek).
0,"Kemm xtaqt nisma kelma waħda fuq il-biedja organika, fuq miżuri sabiex jitnaqqas l-użu ta' pestiċidi, herbiċidi u prodotti sintetiċi għall-ħarsien tal-pjanti."
1,Strieħ fil-paċi MaryRose u grazzi ta'kollox.
1,"Grande l-President, ara x'ser nitilfu."
0,Naqbel assolutament ma' Mazzola. Jidher li l-gideb minn naħa tal-MEP's Nazzjonalist isir anke hawn Malta biex iħammġu l-MEP's Laburista.
0,Jista xi ħadd jgħidli kemm inġabru flus minn Għawdex għax ma smajtux? Grazzi.
0,Għalfejn dan il-ħafna paroli fil-vojt li qed tgħidu biex il-prim ministru jneħħi lil ministru? Mela intom kontu hemm u tafu x'ġara eżatt?
0,"Iċ-ċuċ ta' din l-istorja huwa ta' dak il-bniedem bla qalb, bla ruħ u imsejken li ma ħasibx fuq affarijiet oħrajn li seta għamel aħjar barra dak li wettaq fuq din l-imsejkna kelba."
0,Jista jkun li dan il-bniedem qiegħed jagħmel il-kalkoli ħżiena għax waqaflu l-arloġġ.
0,"Narah imkabbar wisq bih innifsu, u ngħid dan bla ebda disprezz lejh."
1,"Jiena kelli ħafna rispett għal xi wħud mill-presidenti li kellna qabel. Pero għall-eċċellenza tagħha Marielouise Coleiro Preca, għalija għandha xi ħaġa speċjali aktar li kienet tidher fiha minn dejjem."
0,Ftit huma dawk li iridu jdaħħlu idejhom fil-but u jagħtu.
0,Jiena ma ngħidx li l-kobba mħabbla... Jiena ngħid li dawn qed jitħabblu fil-kobba tagħhom stess!
0,"Dawn iridu jaqsmu l-Ewropa għax huma mhux kapaċi jgħixu bħala aħwa, imma biss jinqdew bir-reliġjon biex juru il-ħdura u l-għira li għandhom għal -umanita."
0,"M,ediċina problemi ta' xejn, għandek bżonn operazzjoni urġenti, tħabbilx rasek, mur fi sptar privat u n-nursers il-ħin kollu bit-tbissima fuq fommom issaffru u jidħqu."
0,Miljuni mormijin l'hawn u l'hemm bla rendikont u tberbiq ta' flus fuq proġetti falluti.
0,"Arrestawh, ħudulu d-debba u itfgħu lilu fil-kamra u tuh bil-frosta ħa jkun jaf x'qegħda tħoss dik il-povra debba u tuh multa kbira u lanqas tħalluh irabbi annimal ieħor għax naħseb li hu annimal."
0,Daqt joħroġ xi ħadd u jgħid li l-qorti immanipulata mill-gvern ukoll issa.
0,Anke l-gvern għandu bżonn restawr għax laqtitu sajjetta ukoll.
0,Fastidju huwa meqjus bħala aġir irresponsabbli li jilgħab mal-paċenzja u mat-tolleranza ta' kull individwu.
0,Imnlla inqala dan l-inċident għax il-PN nsewh il-baġit u dawn ir-riżultati !!!
0,Fil-medja bosta drabi jinkiteb kliem ilellex minn xi individwi.
1,"Fuq kollox, ir-rappreżentanti tal-gvern barra minn Malta dejjem ifahhru lil Malta. Għax huma patrijotti."
1,Il-proġett il-ġdid f'Pjazza t-Tokk m'għandux iservi bħala post kummerċjali għal -imwejjed ta' ħwienet ta' madwar iżda għandu iservi bħala post ta' mistrieħ għaċ-ċittadin.
1,"Dak li għidt int ġie korroborat fil-gazzetti tal-lum. Issa nafu x'tip ta' nies ser japplikaw, nies ta' kalibru."
0,"Waqt li qed insegwi dak li għaddej dwar l-isparatura tax-xufier tal-Ministru Manwel Mallia, ma tantx qed nisma dwar il-barrani Smith, jekk dan hux arrestat jew ġiex interrogat u dan qed iħassibni ħafna."
0,Jien nippretendi li pajjiżi Islamiċi ġenwini mhux jikkundannaw biss imma jikkontrollaw lil dawn il-kriminali li qegħdin iħammġu ir-reliġjon Islamika. Iktar minn hekk huma stess jirrappurtaw lil min jaħsbu li huma fanatiċi.
1,Naħseb li l-Fun Run tibda minn diversi postijiet ħadmet. Naħseb li jekk sena oħra  jiżdiedu postijiet aktar il-konkorrenza tkun akbar għax naħseb li ħafna jħossuha tqila sabiex imorru l-bod mill-lokal tagħhom.
0,Qed naraw liż-żejt qed jitla' f'wiċċ l-ilma! Issa qed nibdew naraw min bagħbas fil-verita!
0,"Nivvutaw…xbajt niġbidlek l-attenzjoni u kollox jitħalla għaddej...ma jinbiddel xejn… ħafna jitħallew għaddejjin, iħawdu u jagħfġu."
1,Jiena onestament naqbel ħafna ma' din il-miżura. Dan għaliex tipproteġi ħafna lill-Oppożizzjoni li ripetutament tispara għal saqajha.
1,Tajjeb li wieħed jagħti ċifri eżatti lil'ħinn minn kull sfera politika u mingħajr ma nsemmu fejn daħlu jaħdmu u min daħħalhom. 
1,Prosit eċċellenza President ta' Malta. Bik għandna Sandro Pertini Malti. Unur għal pajjiżna li għandna President bil-kwalitajiet kollha u l-kapaċità li jgħaqqad poplu Malti kollu. Aħna ma rridux President nazzjonalist/laburist. Aħna rridu President li jkun kapaċi jgħaqqad iċ-ċittadini flimkien li huma fil-kwalitajiet ta' George Abela u s-sinjura tiegħu. Prosit!!!
0,"Tgħid il-każ li ressaq Ryan Callus quddiem l-Ombudsman, idum xi sena biex ikun deċiż bħal ma qed jiġri f'ċertu każi?"
0,"Fl-aħħar fetaħ ħalqu li ġo Ħaż-Żebbuġ dawn l-aħħar 10 snin kien hawn telqa kbira, anzi għamlu naqa t-triq il-ġdida u xi toroq ġo Ħal-Mula, imma fadal ħafna x'isir lejn tal-Grazzja għax il-qamar aħjar minn ċertu toroq li hemm."
0,Kemm hu ndispensabbli dan ir-raġel. Possibbli m'għandekx persuna aħjar minnhu biex jokkupa dan il-ministeru?? Ejja kuraġġ u tajjru!!
0,"Kieku veru jridu jaqtgħu l-bullying kulħadd jaf x'għandu jagħmel, imma ġo din l-art ħelwa ħadd ma jagħti każ."
1,Grazzi ħafna MaryRose ta' kemm kont taspalla għal  marid u kemm neħħejt dwejjaq ta' solitudni minn qalb ħafna anzjani tagħna mmnikta bil-karattru sabiħ umli u sempliċi  tiegħek.
0,Il-PN għal ġol-ħajt taħt Simon u s-sur segretarju tiegħu. Irridu lil Jason Azzopardi kapo ġdid.
1,Hija mara tal-fatti u mhux tal-paroli biss u iva ħaqqha l-onur għax taħdem għall-ġustizzja u favur il-promozzjoni tal-ħarsien tad-dinjita tad-drittijiet tal-bniedem.
0,"Hekk sew! Dawk l-inħawi mdawwrin bil-grounds, u aħna tal-Kottonerta lanqas ground m'hawn fejn nitrenjaw! Bqajna l-istess!!"
0,Għadna lanqas sentejn fil-leġislatura u xejn ma nbiddel fl-attaggjament tad-dipartimenti. Kollox baqa kif kien.
0,Il-poplu Malti għamel żball kbir meta ma takx ċans tmexxi.
0,L-aqwa li nibqgħu l-ilsiera tal-barrani kemm ta' fuq u kemm t'isfel. Qegħdin għar minn meta konna kolonja; prosit lil politiċi hekk jgħidu Maltin.
0,Veru. Il-bullying qed iġib ruħu barra mid-djar ukoll. Ħafna drabi dan il-bullying jiġi b'nuqqas ta' edukazzjoni minn naħa tal-ġenituri.
1,Kull partit serju għandu jkun ċert li jirrispetta lill-istituzzjonijiet inkella jitlef il-fiduċja tal-poplu.
0,Uħud minn dawn lanqas jixirqilhom ikunu fejn qegħdin għaliex m'għandhomx la l-kapaċità u lanqas l-esperjenza tal-kariga li tpoġġew fiha.
0,"Kieku xi ħadd minn din l-amministrazzjoni jsemmi lil pensjonanti ta' taħt il-75 sena!!!! Koppja b'pensjoni waħda taz-żewġ terzi, se jmorru minn taħt bil-miżuri li se jittieħdu f'dan il-baġit."
0,"Nittama li dawn ir-residenti li jingħataw permess biex ibiddlu djarhom f'boutique hotel, jinsabu f'żoni turistiċi u mhux qalb toroq residenzjali fejn żgur iżidu t-traffiku u periklu għar-residenti speċjalment għat-tfal."
0,Ara kif spiċċaw b'moħħ ivvelenat uliedna grazzi għat-tgħallim li tul dawn l-aħħar 18-il sena ngħataw kontinwament fuq drittijiet u responsabbiltajiet xejn.
0,"In-nies tal-politika jissejħu 'politiċi' mhux politikanti. Il-politikanti huma nies li ma tantx jifhmu fil-politika, allura meta politiku tirreferi għalih bħal a politikant tkun qed tinsulentah."
0,Arukaża kbira għax anzjana waħedha jagħmlulha hekk.
1,"Tajjeb li n-nies jagħmlu użu aħjar mit-transport pubbliku, 'taxis' u forom oħra ta' transport."
0,Għafiġha sieħbi għax intom kontu qed tistennew li jippronunzja ruħu kontra l-kaċċa fir-rebbiegħa u ħarġilkom  is-sorpriża.
0,Naqbel perfettament ma' dak li kiteb laburist leali dwar il-pensjonanti tal-gvern li jieħdu l-pensjoni tat-teżor. Dawn qed jiġu misruqa!
0,"Kemm hawn ġenituri li għandhom moħħhom magħluq. Biex ma tħammarlux wiċċu, ġiegħel lil bintu tiżżewweġ kontra r-rieda tagħha.."
0,Mill-kitba tiegħek ngħid li m'għandix nemmnek.
0,Wara li jservi s-sentenza keċċuh għal għomru minn Malta.
0,"Forsi issa n-nies jindunaw għaliex in-Nazzjonalisti, f'kull ċans li jkollhom jippruvaw iħammġu lil Dr Mallia. Ma jistgħux inniżżluha minn griżmejhom li dan kien tagħhom u ħarbilhom minn taħt idejhom..."
0,Nemmen li jsir min isir isqof ta' Malti il-knejjes ser ikomplu jitbattlu mill-fidili.
1,Għoġobtni u naqbel miegħek mija fil-mija
0,Jekk minix sejjer żball għamel żmien jaħdem wara l-bar PV. Ili ma narah.
0,Naqbel ma' Joseph Cauchi perfettament. Dawk li kienu pensjonanti qabel l-1979 għal darb'oħra reġgħu ġew minsija.
0,Jien Belti u mhux ser nivvota għal dan it-titolu. U dan ser nagħmlu għax minix ipokrita imma għax jien sinċier.
0,Liġijiet li ma jpoġġux l-interessi tat-tfal l-ewwel u qabel kollox ikunu qed jagħmlu ħsara liċ-ċittadini futuri Maltin.
1,"Prosit ibqa sejjer hekk, aħdem għal ġid tal-poplu Malti u Għawdxi kollu flimkien ma' sħabek tal-kabinett u l-membri parlamentari kollha."
0,"Partit tal-miljunarji iva, partit tan-nies tax-xogħol le. Il-verita hi li n-nies tax-xogħol iridu ekonomija li toħloq ix-xogħol."
0,X'differenza minn Metsola u Mizzi. L-ewwel waħda tipprova tkasbar lil pajjiżha u t-tieni waħda tipprova tara kif titkabbar il-protezzjoni tat-tfal.
0,U n-nazzjonalisti għadhom jitkellmu fuq sparatura.
0,Il-knisja trid tinbidel !!!
0,Imma dan mhu xejn komparat ma' dawk l-iskandli li saru taħt gvern tal-PN.
0,Ħela ta' ħin għal kulħadd fil-parlament.
1,Naf ċert li int qegħda hemm fejn il-Mulej tkompli tferraħ lil qrabatna li marru jiltaqgħu mal-Mulej ukoll.
0,Maħmuġin minn rashom sa' saqajhom kienu u hekk jibqgħu.
1,Il-persuna trid timxi maż-żminijiet tal-lum.
0,Prosit Sur Ray Zammit. Tajthom risposta lil min iddubitak u għamillek il-ħsara. Kompli kif int għaddej u aħdem ħalli każijiet antiki isolvihom għax hemm bżonn.
0,"Tal-mistħija, dan kollu għax qiegħed itihom x'jieklu? Min jaf x'ħa jiġri bl-annimali issa u fejn ser jeħduhom."
1,"Naqbel ħafna fis-sistema tas-""Sentencing Guidance' speċjalment fuq każijiet serji bħal stupru, vjolenza domestika, abbużi fuq l-anzjani u persuni b'diżabilita, eċċ. Ma nistgħux ninsew it-tbatijiet kbar li jgħaddu minnhom il-vittmi ta' dawn ir-reati."
0,La mmut jiena din mhix se tiġi intitolata li tieħu 2/3 tal-pensjoni tiegħi għax la hi marti u anqas il-partner tiegħi.
1,"Prosit Dr.Luciano Busuttil, kollu minnu li qed tgħid."
0,Dil-bużżieqa li nefħu qed tisplodi f'wiċċhom mid-dehra!
0,"Meta Dr.Alfred Sant kien iltaqa mal-istudenti tal-universita, is-saħħara l-ħażina u velenuża kienu ibbujawh u swietlu l-elezzjoni li ħareġ tellief fuq il-velenu anke ta' dak li kien għamel bħad-dittaturi meta ħoloq lilu inniffsu bħala kap ta' Malta Repubblika."
1,Prosit tassew lil kull min ħa sehem f'din il-biċċa xogħol li qabdu lil dawn in-nies li jistaw jeqirdu lil uliedna.
0,Basta jitfgħu il-ġebla u jaħbu idejhom wara darhom.
1,Kuraġġ ministru.
1,"Eċċellenza , ser nerġa' nirrepeti dak li għidt . Nixtieq nerġa' narak President għal ħames snin oħra. Dak li wettaqt int ser nibqgħu napprezzawh għal dejjem. Grazzi ta' kollox u nawguralek is-saħħa u s-sena t-tajba lilek u l-familja."
0,Fuq dawn il-figuri pożittivi kollha l-oppożizzjoni u l-medja preġudikata tal-lemin ma jgħidu xejn.
1,"Jistħoqqilhom aħjar għax dawn huma umani wkoll. Mhux sens komun dan, jewwilla!"
1,Dawn Maltin ta' vera li qabżu għal pajjiżna għax issa xbajna pajjiż żgħir u invadewh... prosit tassew.
0,Hemm bżonn li l-gvern jieħu passi serji bis-serjeta biex din l-arroganza tal-Melita tiġi ikkontrollata !!!!
0,Ħlief imaqdru u kollox ħażin ma jafux jgħidu. 
0,Beppe tiftakar meta missierek ħareġ ta' giddieb meta lejliet l-elezzjoni gideb fuq Alfred Sant ???
0,Dan mhux sew u l-amministrazzjoni tal-PBS għandhom jaraw dan.
0,"Dak li qed nieħdu bil-moviment ħieles tal-Unjoni Ewropea, fejn kulħadd jibqa' dieħel mingħajr ħadd ma jippreżenta passaport."
0,Ngħid lil dar-raġel jiġi siegħa xogħol miegħi u jara minn xiex ngħaddu.
0,Ir-referendum ħa jsir għax il-poplu xebgħa jara partiti politiċi ibaxxu rashom għal kaċċaturi u jiġu jitmejlu x'jaħsbu l-bqija.
0,Aħna hawn Malta diġa qegħda tinħass u għalhekk għandna nħaddmu moħħna u ningħaqdu speċjalment meta ssir xi dimostrazzjoni bħal din fejn għandha ssir pubbliċita li tasal għand kulħadd anke jekk jkun bżonn inħallsu.
1,Dawn Maltin ta' vera li qabżu għal pajjiżna għax issa xbajna pajjiż żgħir u invadewh... prosit tassew.
1,Ministeru li jinkludi responsabbilta kbira ħafna imma persważ li kapaċi tmexxi bl-integrita li tipposjedi.
0,Hemm bżonn li l-ministru responsabbli jiċċaqlaq u jara li l-pulizija tmexxi immedjatament fuq dan il-każ u fuq il-każ fejn raġel beda jsawwat żiemel bla ħniena.
1,Qumu ftit fuq tagħkom. Ingħaqdu u ġġieldu għad-drittijiet tagħkom. Sejħu laqgħa u ibdew ħudu azzjoni.
1,Prosit Sur President u sinjura tiegħu ta' xogħol li għamiltu għall-Istrina u preżenza tiegħek matul il-ħames snin tagħkom.
0,"Hemm ħafna aġġettivi aktar dispreġjattivi li nixtieq nuża fil-konfront tiegħek, imma għax nirrispetta lil dan il-ġurnal kif ukoll lill-qarrejja, ser nieqaf hawn!"
1,Fun Run kienet suċċess bħal ma kienu attivitajiet oħra  organizzati mill-president.
0,Fejn hi l-onesta tagħkom meta ġejna magħrufin li tagħjtu l- flus kolla li ħadtu fl-onorarja meta mhux veru.
1,Nkompli nikkonferma kemm Dr. Borg qiegħed ikompli bil-ħidma ma tieqaf qatt sabiex iżomm standard għoli kemm fĦad-Dingli u kemm f'Malta inġenerali b'xogħol li jawtorizza u jaħdem biex isir.
0,"Il-bniedem li wasal l-ewwel fuq il-post u ordna li titneħħa l-karozza jiġi ħu t-tfajla tas-surġent, mela l-kobba tkompli titħabbel."
0,Jien minn hawn nagħmel appell lil Melita Cable sabiex ma tkomplix tidħaq bil-klijenti tagħha. Qed ngħid dan għax il-livell tal-Programmi li toffri il-Melita huma kolla medjokri.
0,Lanqas biss aħna konxji li l-istorbju f' Malta huwa problema.
0,Iġri jkollna president ġdid għax dan dejjaq lil kulħadd
0,Tas-Sliema illum mhijiex xi ħaġa aqwa minn pajjiż ieħor anzi ngħidlek li hija post tedjanti.
0,"M'għadhomx jiġu magħżula la l-isqof ta' Għawdex u lanqas l-Isqof Scicluna, għax nerġgħu mmorru għas-snin ħamsin u sittin tas-seklu l-ieħor."
0,"Oppożizzjoni bla sinsla, flok jikritikaw il-baġit qabduha fuq l-isparatura, u dawn x'iridu jgħidu għal petrol daqs kemm raħsuh huma għax kull xahar jogħla kien u jien għadni ma nsejtx."
0,Issa aħna sibniha d-diffikulta bil-preżenza tagħhom....għax m'hawnx bizżejjed... meta ħa nqumu mir-raqda? 
1,"Kull ma jrid il-korp tal-pulizija hu daqxejn ta' ""polish up"". . Iridu jiftakru fil-ġurament li jaqdu dmirhom b'onesta u mill-aħjar abbilta tagħhom. L-uniformi għal hekk jilbsuha."
0,"Tgħid x'tgħid Moira, jien niġi nitmellaħ għax jien nikkmanda l-vot tiegħi! Nappella biex min għandu xi delizzju ta' kull xorta jivvota iva għax illum il-kaċċa u għada delizzji oħra. "
0,"Dr Joseph Muscat u Dr Mallia , naqbel ma' Gianni Borg, ħudu ħsieb personalment dal-każ ta' dan is-surġent għax fil-pulizija hemm min mhux jieħu pjaċir li hawn il-gvern tal-PL u lest akkost ta' kollox li jħammeġ il-gvern."
0,"Ftit ftit qed toħroġ lil Malta mid-diżastru li kellha fil-finanzi, wirt storiku."
0,Ara vera hawn nies injoranti. Mela żball jista jitranġa bi żball ieħor?
0,"Nixtieq inkun naf meta ħa toħroġ ir-riżultat tal-inkjesta, meta inqala d-dawl u passi l-gvern ħa għax inutili tagħmel sigurta u jekk imur id-dawl ma jaħdem xejn."
1,"Sewwa min ħaqarhom u qatilhom ma weħel xejn, u dan ir-raġel għax iħobbhom, weħilha miskin."
1,Wasal iż-żmien li jinkixfu l-istrateġiji tal-PN tat-tmeninijiet. Kuraġġ Manwel.
0,Żball ma jitranġax b'ieħor. Kas ċar daqs il-kristall u fih tagħlima.
1,Issa qed naqraw li peress li għadda xi żmien mhux ħażin studenti ta' moħħ aktar nadif u progressiv ltaqgħu ma' Dr.Alfred Sant fi Brussels u ħadu ritratt miegħu bħala rikonoxximent ta' ħidmietu.
1,"Hemm bżonn kbir, jekk verament irridu li l-affarijiet jimxu kif inhu sewwa u xieraq, li kulħadd għandu jinżamm responsabbli u fejn jinstab li ma kienx qal verament is-sewwa għandu jiġi ikkastigat bis-serjeta."
1,Nifraħhielha tas-suċċess kemm tal-Fun Run li kienet organizzata professjonali imma anki Rockestra.
0,Eġajna bil-Victory Kitchen? Suppost kellna neqirdu l-faqar mhux inħallu lil min hu bagħtut fi stat ta' karita.
0,Kif ma tistħuhx tkomplu b'din l-attitudni tagħkom li kull ma tgħid l-oppożizzjoni huwa kollu gideb?
0,Jien kien hemm min kien hemm fil-gvern il-ħażin dejjem ktibt li kien ħażin imma nies bħalek fihom ħasra għax jaħsbu b'moħħ ħaddieħor u mmexxija minn imnieħerhom.
0,Kemm nieħu pjaċir meta nara artikli bħal dawn. Artikli bħal dawn juru tajjeb kemm il-politikanti verament fuq din il-qoxra qegħdin jgħaddu ż-żmien bis-soċjeta Maltija.
0,L-inċentivi li ttieħdu kienu kollha mmirati biex il-mara u r-raġel joħorġu jaħdmu mhux biex irabbu t-tfal u jagħtuhom il-ħin!
0,Mhux il-bogħod meta lanqas iroddu s-salib ma jħalluna lilna l-Ewropej minħabba l-ħafna li qed jinvadu l-Ewropa u minħabba l-ħafna restrizzjonijiet minn diversi gvernijiet.
0,"Tibżgħux, attakki bħal dawn għad iridu isiru f'kull pajjiż tal-Ewropa."
1,Kunu intom għalihom u tħossukomx ferm u ferm ferħanin aktar minn meta tgħin bniedem ax bniedem wara jagħmel ta' bir-ruħu li ma jafekx...
1,Jien ukoll irrid ngħid prosit lil kulħadd. Pero' ejjew inkunu sinċiera magħna nfusna. Il-parti l-kbira tal-flus miġbura ngħataw mill-banek. U dawn il-flus ta' min huma? Mhux tal-poplu Malti!!
0,Sewqan taħt l-influwenza tax-xorb hu irresponsabbli u kundannabli. Għandu xorti m'għamilx għar milli għamel.
0,"Hemm bżonn li meta jkun hemm xi protesta bħal tal-lum joħroġ bi hġaru mhux qas konna 100 ruħ, basta kulħadd iparla li ma jriduhomx jiġu Malta."
0,Il-ħafna kawżi kriminali tal-qrati jsiru minħabba l-istess aggressuri li ma jitgħallmux iġibu ruħhom tajjeb!
0,U l-flus tal-fuel li seraq lin-nies u s-sidien tal-fabbriki u l-ħsara li għamel lil vetturi ser iroddhom lura fi flus?
1,Kull ħabsi għandu jingħata ċans ieħor għax kulħadd jista jiżbalja.
0,Jidher ċar li l-kap tal-oppożizzjoni m'għandux il-polz tal-poplu u wisq aktar m'għandux il-polz tal-laburisti li minn dejjem kellhom għal qalbhom lil PL.
1,"Mela l-pajjiż kompla mexa aktar il-quddiem .... Mhux kif beżżawna xi wħud li ser nispiċċaw dritt ġol-ħajt ... u li ser nitolbu ""bail out"" u nfallu bħal Ċipru u l-Greċja... Rekord ġdid fl-Istrina .... ir-risposta u l-verita differenti ferm minn dak li qalilna xi ħadd ftit xhur ilu !"
0,"Jekk jattakkaw Brussell lanqas jimporta xejn, anzi sewwa jagħmlu , forsi fl-aħħar l-EU tqum mir-raqda u tieħu azzjoni konkreta kontra dan l-influss bla rażan ta' nies minn barra l-Ewropa."
0,Qisha d-daqqa li ta lill-PN fl-aħħar elezzjoni.
1,"Għamilli pjaċir, titkellimx f'ismi. Jien nivvota MLP imma il-kaċċa ma ddoqlix u se nivvota biex tieqaf imqar fir-rebbiegħa. Almenu nkunu nistgħu ingawdu l-kampanja u l-għasafar aktar fit-tul."
0,Ħsara fiżika ma ġratx imma bl-umilta kollha ma naħsibx li kienet ħaġa f'waqtha.
0,Il-fatt li ż-żewġ mexxejja qed jaqblu ma tantx iddoqqli u ddeċidejt li nivvota le għal kaċċa fir-rebbiegħa.
0,Jekk tridu tkun tafu dwar it-tniġġis tal-ħsejjes ejjew Birżebbuġa ħdejn it-terminal 1 tal-Freeport li għadu kif ġie estiż bl-approvazzjoni taż-żewġ partiti. Fis-sajf ħadd ma jista jiftaħ tieqa fl-inħawi.
0,Biex il-Melita tkun kredibbli trid tagħtina mill-anqas stazzjon flok La-Sette.
0,Fatti rridu mhux paroli. Min ħa flus għandu jirritornom u min ma ħallasx taxxi għandu iħallasha għax il-ħaddiem komuni kollox iħallas. Jekk ma jsirx hekk inkunu kompliċi ta' serq.
0,Tajjeb jidher fuq il-karta. Imma l-fatti jidhru ħażin għax Għawdex għadu l-istess.
0,"Allura min iparla kuljum fuq ħmerijiet u riżenji, ma jerfax responsabbilta politika fuq il-ħela u jirriżenja?"
0,Tilqa l-autogoals qiegħed Joseph. Responsabbilita politika m'għandha x'taqsam ma' l-ebda inkjesta.
0,"Il-qattusa għaġġelija frieħ għomja tagħmel, u hekk ġralhom tal-PN għax twildilhom ferħ għami."
0,"L-istorja tirreppeti ruħha. Iż-żebgħa u l-Franċiżi iffakruni fl-istorja li ġrat fil-konkatidral ta' San Ġwann fi żmien il-ħakma Franċiża f'Malta.
"
1,Ibqa sejra hekk President. Vera prosit.
1,"Fuq kollox, għalih Malta tiġi l-ewwel u qabel kollox. Bl-ebda mod ma tisimgħu jikkritika lil Malta."
1,"Jekk jittieħdu l-prekawzjonijiet meħtieġa, jiġifieri li t-tebut ikun issiġillat, allura ma narax problemi għas-saħħa."
0,Min jagħmel din il-krudelta j'Alla jesperjenza l-istess krudelta ħalli jitgħallem. Ġibu ritratt sew tal-kelba ħalli min jagħrafha u jista jgħid ta' min hi jinforma il-ġustizzja.
1,Prosit lil kull min ħadem fil-Fun Run u lil Presidenta.
0,"Sur Simon Busuttil, x'mort tagħmel għall-Istrina fuq il-palk tħeġġeġ lin-nies sabiex jikkontribwixxu?? Mela insejt li kelkhom tagħmlu bojkot lill-Istrina. X'ipokrezija."
1,Prosit. Sit għandu storja u moħli mhux użat kollu. Fiż-żmien kienu ikun mimli xerrejja speċjalment tal-ħut u tal-laħam.
0,Tinsewx li dawn it-terroristi għandhom il-moviment ħieles u jistgħu jiġu Malta bla ebda xkiel kif qed jiġu l-kriminali l-oħra jisirqu minn pajjiżna.
0,Minn president ġdid kont nistenna xi ħaġa ġdida. Replika tas-snin li għaddew anke l-preżentaturi tal-Istrina. Intenni prosit tal-ġabra imma ftit krejattivita pretendejta.
1,Avukat tajjeb!
0,"Bħala gradwat, jekk minix sejjer żball, fl-inġinerija hi vera ħasra li gaffa mkissra ma tindunax li ma tistax tintuża."
0,Issa jekk jinstab ħati li seraq in-nies nispera li jibbukkja ċella Holiday Kordin.
1,Malta tilfet mara u teżor kbir.
0,Prosit tassew! Fil-verita liema mħallef jew ġudikatur ser jidħol f'balbuljata bħal din?
0,Xi ħadd minnhom jaf xi ħsarat jagħmlu għeruq ta' ċerti siġar meta jinfirxu taħt id-djar fejn ikunu mizrugħin?
0,Il-PN qiegħed iżeblaħ  lill-istituzzjonijiet u dan mhux sew speċjalment minn partit li f'25 sena ippermetta s-serq sfaċċat tal-benefiċċji soċjali!
0,"Ma kienx ħaqqu jeħel daqshekk fuq dan il-każ, din mhux  ġustizzja meta tara każijiet oħrajn !!!!!"
0,Ara huma mhux joqgħodu siekta u jistennew l-eżitu tal-inkjesti. L-aqwa li jagħmlu konferenza kuljum sabiex jidhru!!
1,"Nifraħlek Sur Mizzi, j'alla triqtek tibqa din!"
0,"Min ikun fil-borma jħoss dak li jissejjaħ raġel, ħelset minnu. Nawgurala ssib l-imħabba veru, jiena ġrali l-istess. Żejt jitla f'wiċċ l-ilma, jipprova jagħmel ħafna vendikazzjonijiet, ħalli nibża minnu."
1,Prosit Ministru Scicluna. Nittama li Times Talk u Xarabank jagħmlu  programm dwar dan il-progress ekonomiku u finanzjarju fil-pajjiż.
0,"Il-ħamallata kollha, li fdal-pajjiż ċertu xogħolijiet jingħataw lil persuni mhux tajbin għax-xogħol għax ikunu xi ħbieb  jew kanvazers ta' ministru....kemm taħt gvern u kemm taħt ieħor, pero lejber wiegħed l-meritokrazija u din biha kien qed jitnejjek bik u bija."
1,"Iżda jekk jirrizulta li ma kellu ebda tort, il-ministru ser jibqa hemm ikompli x-xogħol kbir li qed jagħmel , speċjalment biex inaddaf il-ħabs minn supermarket tad-drogi li kien sar taħt il-PN !!!!!"
0,"Simon ixxukkjat għax Joseph qal li s-single parenthood mhijiex professjoni. Ovvja, għax hi status mhux professjoni."
0,Min jaħqar l-annimali jrid lezzjoni biex jitgħallem iġib ruħu ta' nies magħhom.
1,Chad Evans la skonta sentenza l-ħabs għandu jingħata ċans ieħor.
0,L-aktar għasfur li jagħmel ħsara lill-bidwi u jagħmel ħsara lis-siġar tal-frott ser jiġi protett. Nispera li tafu x'qed tagħmlu jew forsi għalikhom mhux importanti li dan jagħmel danni kbar fl-uċuħ tar-raba.
0,Nixtieq ngħid xi ħaġa lil din il-mara li ħlist ħelsa minn raġel (jekk tista ssejjaħlu raġel) li ma jiswiex karlin. Issa jmur isib waħda minn dawk il maħmuġin li jħobb jara.
0,Anzi tal-PN qalu li dan ma jagħmel xejn. Prosit Anton!
1,"Ma nixbax naqra l- kitbiet tiegħek. Dan l-artiklu fih x'tifhem, miktub b'mod maħsub u oġġettiv."
0,Aħjar ħasbu naqra fina pensjonanti għax lanqas immorru darba fil-ġimgħa sal-Belt mhu ser nkunu naffordjaw!
0,Din l-unjoni taf kemm hemm impjegati neqsin f'dan l-isptar?
0,"Tajba, ngħinu lil ħaddieħor u nirregolaw atti illegali li qegħdin isiru enmass u nissograw li indaħlu mard infettiv u bla kura lil poplu Malti li ħadem u stinka tul is-snin biex ġab il ġid f'pajjiżu."
1,Għandu raġun  Cassar jgħid hekk għax fi żmienu bħala ministru kollox kien miexi fuq ir-rubini.
0,Mhux sewwa li f'pajjiż ċivilizzat jkollna dawn il-kummiedji. Kull ċittadin rasu fuq għonqu jrid jirribella għal dan. Min jiddefendihom billi jsemmi fejn naqas ħaddieħor juri kemm m'għandux prinċipji.
1,"Il-qalb tajba li għandha din il-mara qegħda żgur iġġiegħlha tbati. Ma tinsa lil ħadd u tħobb ta' vera lil kulħadd, m'hemmx kuluri għaliha, kulħadd xorta."
0,Għandu bżonn iduq il-frosta hu wkoll dal-bully. Postu mhux man-nies ċivilizzati.
1,Ma noħodlux xogħolu lil Beppe u biex tkun taf kemm hu umli staqsi lil kandidati li joħorġu fuq l-istess distrett tiegħu.
1,Hekk titlob is-serjeta u mhux jitħalla kollox għaddej.
0,"Il-mizinformazzjoni jew il-maqlub tal-fatti, hija l-politika li daħal ex kap tal-Partit Nazzjonalista fil-vokabolarju ta' dizzjunarju tal-partit."
1,"L-aktar parti importanti u storika tal-binja mhijiex il-faċċata iżda l-istruttura tal-ħadid fondut. Meta sar, din kienet teknoloġija ġdida."
0,F'dan ir-rigward naqblu żgur....hija tal-mistħija li s-soċjeta sana tagħna spiċċat f'dan l-istat.
1,Grazzi ta' kemm ferraħtna tul dawn il-ħamsin sena.
1,"Prosit Conrad. Nistennew bi pjaċir Marzu għat-tieni roħs fil-kontijiet tad-dawl u ilma u wara bl-istess pjaċir nistennew il-Power Station il-ġdida ""non smoker""."
0,"Pawlu, il-PL ser jitlef il-maġġoranza li għandu mhux għar-raġunijiet u ċ-ċuċati li semmejt int, imma għal-mod kif xi wħud fil-PL li minn dejjem pappewha, qed jittrattaw mal-laburisti ta' veru."
0,Trasparenza kien qalu....issa min ivvutalhom iċċapċpilhom. 
0,"Hija tal-mistħija kif qed ikunu appuntati ċertu nies fuq kumitati. Iva, veru hemm min ġie appuntat fuq 4 kumitati."
0,"Dik hija l-verita. Dejjem l-istess klikka baqgħu jerdgħu sal-aħħar nifs, u dawn qatt ma brillaw imma qatt ma bidluhom."
1,Ix-xogħol għandu jibda malajr kemm jista jkun. L-importanti li jsir xogħol bil-galbu u ma jweġġa ħadd.
0,Min jabbuża u jerfa idejh fuq ħaddieħor għax mhux kapaċi juża moħħu flok idejh.
0,"Jaq, xi dwejjaq ta' nies miż-żewġ naħat, iddaħħlu l-politika f'kollox. Tagħlmu għixu mingħajr politika u tagħjir imqar għal ġurnata waħda fis-sena."
0,Kulħadd jista joħroġ paġna hekk u naħseb li ħa naraw ħafna minn dawn sabiex inħawdu l-imħuħ.
0,"L-awtoritajiet għandhom jagħmlu ispezzjonijiet mingħajr twissija fejn ikun hemm suspetti li qegħdin jitrabbew din ix-xorta ta' annimali. Għandhom jaraw jekk hemmx spazju biżżejjed, u jaraw jekk humiex jinżammu skond il-liġi."
0,Sirna naraw kollox u kulħadd maħmuġ!!!
0,Kelma waħda fuq fomm kulħadd: għalfejn dir-rabja kollha. Ir-rabja ma ssolvix problemi.
0,Aħna familja Laburista kbira u ngħidlek li taħt Gonzi konna stmati aktar minn dan Gvern Nazzjonalist u klassist.
0,Dawn it-tip ta' nies ikunu veru indannati u mdejjqin bihom infushom. Ġustizzja serja jekk jogħġobkom !!
1,Il-fiduċja u 'teamwork' fid-dipartiment tal-pulizija huma ferm importanti.
1,"L-ewwelnett nawgura lil President ta' Malta għal ħidma li qed twettaq, mill-qalb grazzi ta' kollox."
0,"Prosit Malta Enterprise, issa xbajna naqraw insinwazzjonijiet minn gazzetti bl-Ingliż biex wara ma jkun vera xejn."
0,"Il-ġenituri tal-bullies iridu jinżammu responsabbli u jeħlu l-multi. Fl-iskejjel irid ikun hemm CCTV. Il-bullying isir fil-klassi, fil-playground u fil-minibus tal-iskola."
0,Naħseb li qrastek b'argument tiegħi għax taf li dak li ktibt huwa veru.
1,F'Malta għandna partit u leader fil-gvern li huma bil-qabda superjuri għall-Oppożizzjoni.
1,"Pawlu kien bniedem ta' prinċipju sod, dnub li ma tawhx il-post ta' president."
0,X'kien m'għamilx hu dak li qiegħed jgħid illum meta kien responsabbli hu fil-gvern ta' Gonzi ?
0,Aħjar tibdew tagħmlu xi ħaġa għax s'issa ħlief paroli ma smajniex !!!!!!!!!!!!!!!!!!!!!!!
1,Dawn il-kwalitajiet ta' liġijiet għandu pajjiżna.
0,Issa biex tkunu rġiel u nisa u turu li veru tħobbu l-għasafar għidu lil sħabkom (jekk għandkom) fl-Ewropa biex jagħmlu bħalkom u jitolbu li l-kaċċa fir-rebbiegħa fil-pajjiżi kollha tal-Ewropa ma ssirx kaċċa fir-rebbiegħa.
0,"Tal-linja, speċjalment filgħodu, għadhom diżastru biex tmur ix-xogħol."
0,Jiddispjaċini biss għal kemm kelhom isofru l-annimali u daqshekk u d-doppju nixtiequ lilu u lil familja min għamel hekk..
0,Jekk forsi dan il-bniedem qiegħed jara dan l-artiklu ngħidlu min jaf li kieku jagħmlu hekk lilek? Jew għax forsi hija faċli għalik tiżvoga l-ħdura ma' annimal li ma jafx jiddefendi ruħu ?
0,"L-irġulija hekk iġiegħlek tagħmel, imma jidher biċ-ċar li inti nieqes minnha u trid tibqa imwaħħal mas-siġġu tal-poter."
1,"Wara l-ħażin kollu li sar fuq din il-kelba, issa l-aqwa li din ġiet salvata minn ħalq il-mewt."
1,J'Alla l-edukaturi tagħna jgħallmu lil uliedna li f'ħajjithom  jgħarrfu jgħażlu t-tajjeb mill-ħażen.
1,Kun sinċier imqar mal-partitarji tiegħek u għidilhom il-verita għax din il-verita hemm ix-xhieda għaliha.
0,"Nies jinqatlu bl-amment mill-qawwa Israeljana, bini illeċitu  fuq art tal-Palestina...u għal Ewropa qisu ma ġara xejn, għax imġebbda bl-ispag tal-Amerika.....issa sew għax l-Ewropej ġew front line biex jiddefendu l-interessi tal-Amerika."
1,"Nemmen li l-esperjenza u d-dedikazzjoni, barra li jaf il-qoħob ta' kulħadd, tgħinu jiġġieled u jegħleb lil kull min flok jagħti l-eżempju, ikun qed jabbuża mill-istess poter li għandu fil-kolp."
1,Prosit Daniela għal dawn l-artikli.
0,"Tant kienet tibża minn missierha li ta'16 il-sena marret ma' raġel, mela kieku ma kienitx tibża x'kienet tagħmel."
0,Jien nixtieq ngħid li l-fiduċja fil-pulizija ilha li spiċċat għalija.
0,Possibbli li tgħid dan l-inċident tappan ix-xogħol tiegħek.
0,"Il-popolazzjoni Musulmana f'Malta qed tikber sew, biżżejjed tmur timxi tas-Sliema u ħlief Musulmani ma tarax. Irridu nibżgħu għal  dak li hu tagħna."
1,Ikolli nammetti li n-Nazzjonalisti huma onesti u perfetti wisq.
1,Ta' min jgħid ukoll li Agtatha Barbara kienet tħobb ħafna l-gżira Għawdxija.
0,"Hawn irġiel li huma f'din is-sitwazzjoni veru, imma raġel ħafna drabi huwa ħafna iktar b'saħħtu, u meta jittratta mara ħażin fejn jidħol swat ħa jweġġaħha u hu d-daqqa tiegħu hija aktar b'saħħitha u fejn tidħol vjolenza verbali mara ħafna drabi mhux dejjem, hi tkun aktar dgħajfa."
0,Imma kemm tifilhu tkun giddebin u ma tgħidux l-fatti. Mhux minnu li Malta biss tapplika għal deroga tal-kaċċa fir-rebbiegħa.
0,"Dan il-filmat rawh aktar minn nofs miljun ruħ madwar id-dinja fuq il-Facebook, u kulħadd ikkundannah, nispera li l-pulizija isib lil dan il-monstru u jieħu li ħaqqu, għomor il-ħabs."
0,Kemm huma ħelwin dawn tal-partit mejjet nazzjonalista!!!!!
0,Kemm intom bravi biex tattakkaw lil dak u lill-ieħor u fl-istess ħin tinħbew wara isem anonimu!!
1,Il-pajjiż tagħna fih ħafna nies intelliġenti. Għalhekk għandu juża r-riżorsi umani kollha tiegħu.
0,U kemm ha ddum tiġi umiljata?
1,F'din is-siegħa tal-prova nemmen li ser joħroġ bl-unuri u kulħadd jirrealizza li jmissu ilu li ġie appuntat Kummissarju!
0,Dawn kriminali li qed iżebilħu ir-reliġjon Islamika u joqtlu nies innoċenti biex jissodisfaw il-ħdura tagħhom.
1,Il-Kavallieri ta' Malta ta' żmien La Valette ħallewhielna wirt storiku kbir.
0,Jekk dak tgħidlu pożittiv għad irridu naraw il-frott tiegħu...li żgur li hemm oqsma li diġa qegħdin iħottu dak li kien inbena matul iż-żminijiet.
0,Kulħadd għandu dritt għad-delizzju pero ħadd m'għandu dritt joqtol.
0,Il-Maltin igergru għax iħossuhom abbandunati mill-gvern. Jekk tmur fuq Facebook taqra ħafna tgergir minħabba l-ħmieġ li hawn f'ħafna rħula u li l-gvern jew il-kunsilli jinjoraw.
0,"Nappella lil Mons Scicluna biex iwaqqaf b'urġenza kummissjoni oħra għal ħarsien mill-abbuż psikoloġiku fuq il-poplu nisrani li jisma r-radio tal-knisja, l-RTK, li mill-kamra tal-aħbarijiet tiegħu, immexxija minn nazzjonalisti ppatentjati, qed tibqa' ittella' programmi li jiżirgħu firda kbira fost il-poplu."
0,Jien daqshekk ilni ma nemmen lil dan il-partit.
0,Jien għidt il-fatti u iva jien bravu għax la kont naf x'inhu dan il-bniedem qatt ma mort għandu u qatt ma issuġerejtu lil ħadd!!
0,Huwa iktar inkwetanti l-fatt li jista jintbagħat messaġġ li tista tpinġi fejn trid u fuq kollox.
0,Ikun min ikun hemm fil-gvern hemm bżonn li dan it-tip ta' ħmieġ jitneħħa jekk vera rridu pajjiż politikament nadif. Irrelevanti min ikun hemm fil-gvern.
1,Ser nimmisjawk għażiża nanna tal-poplu Malti u Għawdxi.
1,Malta għandha xorti li għandna lil Alfred Sant fil-Parlament Ewropew. Dan intelliġenti u struwit; espert f'dak kollu li hu Ewropew.
0,Huwa reat kriminali li wieħed isuq vettura mingħajr polza ta' assigurazzjoni.
0,Nispera li wara sena u fuqhom imissu jtina l-flus lura li ħaddilna...
1,"Prosit Cohen Malti, ilqatt il-musmar fuq rasu."
0,Jien le bil-qalb ħa nivvota. L-ambjent u l-ħolqien t'Alla tagħna lkoll u mhux ta' 4 egoisti.
0,Mark naħseb li mintix tirraġuna tajjeb hawn. Jien ċert li kieku kienet taf minn xiex ser tgħaddi żgur ma kienitx tieħu dik id-deċiżjoni.
0,Jaħasra se jispiċċa anqas joħroġ barra għax jibda jistħi jidher quddiem in-nies
0,Iva idħqilna waħda sinjura President!!! M'għamilnielek xejn!!
1,Ir-raġuni ma fihiex forza. Trid tirraġuna bis-sens. Dak kollox.
0,"Imma issa troppo tardi, ħareġ wisq ħmieġ biex tirkupraw."
1,Laqgħa entużjażta lil Ministru Manuel Mallia.
0,Mela kieku ma kienx dgħajjef x'kien jagħmlilkom?
0,"Kemm hu vili, dawn in-nies ħaqqhom jitilgħu l-qorti."
0,Tajjeb hekk hux Sur Ministru min bagħatha nġustizzja mill-1979 baqa b'xejn.
0,Hemm bżonn li ssir ġustizzja u jiħraxu s-sentenzi f'dawn il-każijiet.
0,Min hu responsabbli għal dan imissu jistħi.
0,"Tajba din, naħdem u nirsisti jien biex il-ġid li nagħmel ikolli naqsmu ma' barrani li jaf itini mard terminali."
0,"Ara veru l-flus jami lil kulħadd. Prosit Moira, oħroġ kontra l-kaċċa imbagħad għax hemm il-flus fin-nofs tagħmel programm kif issajjar is-summien."
1,"Osservatur, naqbel miegħek li jsiru ispezzjonijiet imma nassigurak li dawn l-annimali kienu bil-permess għax huma tal-familja."
1,Azzjoni f'waqtha minn iben Ħad-Dingli. Iben li r-raħal dejjem ġie l-ewwel.
0,"Minn dejjem hekk nafhom dawn in-nies jien, ħlief ħsara ma jafux jagħmlu. Ma nafx kif jibqgħu jivvutawlom, hemm xi erba moħħhom magħluq li ma jkunux jafu xinhu jiġri."
0,"Kulħadd qed jaħdem bihom, iħallsuhom ftit u l-Maltin jispiċċaw barra mix-xogħol u ħadd mhu jagħmel xejn. Fejnhom l-awtoritajiet biex immorru jiċċekkjaw jekk għandhomx permessi biex jaħdmu dawn in-nies?"
1,Prosit Conrad. Irid ikun dan is-sit u gazzetta tal-PL biex nisimgħu kuljum aħbarijiet tajbin.
1,Raġel ta' qalb kbira mingħajr dubju ta' xejn.
0,"Iva, Sur Prim Ministru, dan il-baġit, lilna l-koppji li ngħixu b'pensjoni waħda taz-żewġ terzi, tefghana lura, u ħafna jħossu li huwa nġust magħna."
1,Prosit! Vera ħaqqhom.
0,"Ħalluh ħa jlablab fil-vojt lil Xmun, għax bis-saħħa tiegħu qegħdin naraw kemm għamlu ħnieżrijiet f'25 sena."
1,Il-president ta' Malta l-ecc. tagħha s-Sinjura Marie Louise Coleiro Preca hija mara kbira u b'qalb ħafna aktar minn tad-deheb.
0,"Jaqbdu ma' xi ħaġa ħalli jisvijaw l-attenzjoni minn fuq il-ħafna miżuri tal-baġit, u jibqgħu kuljum jirrepetu l-istess diska !"
1,"Prosit lil kulħadd, mill-President l-isfel, anke lil dawk li riedu jagħmlu bojkott għax issa hemm il-Labour fil-gvern. Jiddispjaċini ngħaddi rimarki hekk f'dawn iż-żminijiet pero' smajt aktar minn kumment wieħed f'dan is-sens."
0,Tista tgħidilna l-MUMN għaliex qed tabbanduna l-problemi li għandhom in-nurses li jaħdmu fl-isptar Mater Dei?
0,"Kif ma sar l-ebda tnaqqis, meta suppost konna mwegħdin li ser jingħataw b'xejn."
0,"X'onesta ta' nies, dnub li l-poplu ma reġax tellahom fil-gvern għax veru mingħajrhom Malta ma timxix."
0,"Insomma, għal egoiżmu u n-nuqqas ta' prudenza Malta dejjem tiġi minn tal-ewwel!!"
1,"Bla dubju l-aqwa President tar-Repubblika f' dawn l-aħħar snin, tibqa' tissemma b' mod pożittiv għal ħafna snin."
0,"Tista jekk jogħġbok tgħidli inti x'int. Pensjonant, ħaddiem mal-privat, ħaddiem mal-gvern, negozjant, mangapassiga? Jew forsi ser tgħidli li għadek kif spiċċajt mix-xogħol u sirt pensjonant issa eżatt wara l-baġit? Għal darba ipprova kun konsistenti."
0,"Minn kif jidhru l-affarijiet, nispera li Nostradamus jiżbalja fit-tbassir tiegħu rigward Malta!"
0,Jien ma nafx imma naħseb li l-anqas l-istess membri tal-għaqda ma kienu jafu bil-protesta għax kieku kienu jafu allura nasal biex ngħid li biex minn elf ruħ membri attendew mija biss naħseb li jafu bl-amment l-istorja tal-ġolġol tal-ġrieden u l-qattus.
0,"Jekk għandhom ikunu rranġati l-inġustizzji, għandhom ikunu rranġati kollha u mhux ta' min ifettillu l-ministru."
0,Ma jgħidrilkomx ta' żewġ avukati li intom li dak li qed tgħidu intom huwa biss indħil fl-amministrazzjoni tal-ġustizzja.
1,Ma nemminx li min ikun ser jikkommetti reati bħal dawn ikollu l-benedizzjoni mill-partit li jappoġġa.
0,"Il-ministru ""spjega wkoll li mhux is-sidien kollha taż-żwiemel jifilħu jħallsu polza tal-assigurazzjoni."" Aħseb u ara kemm jistgħu iħallsu l-ħsara meta jisfratta xi żiemel."
1,Hekk għandhom ikunu l-persuni fit-tmun.
1,"Agata kienet mara ta' lazzar b'qalb tad-deheb, fis-60's konna nbiegħu l-gazzetti għalhekk kellna ħafna kommunikazjoni magħha. Kienet ġentili u tilqagħna f'dara."
0,Min ma jindunax kemm huma serji dawn l-affarijiet tassew fanatiku liebes nuċċali tal-ħmir.
1,Dan grazzi għall-Gvern Laburista għax qabel lanqas dawk ta' 18 ma rieduhom jivvutaw tal-Partit Nazzjonalista.
1,Marlene Mizzi titkellem barra minn Malta favur l-interessi ta' Malta. Mhux kulħadd patrijott bħalha.
1,Sewwa għamlitlek il-MEPA.
0,L-awtorita tal-konsumaturi għandha taqbeż għal-dawk il-passiġġieri li diġa ipprenotaw għal titjiriet tas-sena d-dieħla. Dawn xtraw il-biljetti bil-premessa li kollox baqa’ kif kien.
0,Nissuġġerixxi li naħtru nkjesta biex naraw fejn marru dawn il-flus jew inqabdu l-uffiċju tal-awditur biex jaraw jekk għal li jista jkun sarx xi żball u nfieq fuq xi ħaġa oħra  sabet ruħha fuq wieħed minn dawn it-tlett kontijiet
1,"Ħallieh jaħdem il-gvern favur il-poplu biex ma jkunx hemm ħafna stennija Mater Dei u wara tgħid li m'hemmx staff, tobba, u nurses biżżejjed Sur Pawl."
0,Jien ser nivvota le għaliex il-kaċċa fir-rebbiegħa ġiet abbużata wisq u minħabba l-arroganza tal-kaċċaturi.
0,"It-terroristi huma għedewwa tal-bniedem, mela la għandhom u lanqas jistgħu jgawdu mid-drittijiet tal-bniedem."
0,Illum il-ġurnata l'ilsien sar għar minn arma.
0,Simon qed jiżra firda u mibegħda stil ta' EFA għax jaf li dan l-istil rebbaħ lill-PN.
1,Kien jidher is-suċċess tal-attivita sa mill-ġurnata tagħha.
1,"Prosit Joe Mizzi, kontrattakk f'waqtu u f'postu. Qed isir avvanz madwar Malta u Għawdex kollu f'kull settur."
0,"Għal dan ivvutatjat lil Partit Laburista! U hawn eluf li huma bla impjieg, grazzi tal-fiduċja Sur Prim Ministru. Issa tieħdu l-vot minn għandi fl-elezzjoni li jmiss."
0,"Min jasal biex jagħmel atroċità bħal din, mhux ser jiddardar jagħmel l-istess fuq il-bniedem."
0,Kien hemm ħaddiema li ħadmu għal aktar minn 25 sena u tilfu kollox u oħrajn li ħadmu anke għal 5 jew ftit iktar gawdew miż-żewġ terzi. Din mhijiex ġusta u nispera li GWU tirrifletti u taħdem fuqha.
1,Il-ġenituri fil-maġġoranza tagħhom iridu lill-uliedhom aħjar minnhom.
0,"Jien wieħed li tajt il-flus għal min vera għandu bżonn, mhux għal annimali..kull clip li jkun hemm fuq it-TV kollha għal nies fil-bżonn, nispera li l-aktar li jieħdu flus huma, huma. Nispera li annimali ma jieħdux l-istess li jieħdu in-nies morda li jirrikorru għand il-Community Chest Fund għal għajnuna."
0,Daqqa għax iridu jiddiskutuha u daqqa għax ma jafx fejn qiegħed. Dan kollu jfisser li mhux veru jemmen hekk imma għax ma setgħax jagħmel mod ieħor.
0,F'dan l-istaġun festiv jiżdiedu r-riskji ta' nies isuqu b'nuqqas ta' responsabbilta.
0,"Il-poplu jħallas u l-gvern jissparpalja. Kulħadd kuntent, kulħadd ferħan."
0,Dan news? Iċċekkjaw mal-kunsill qabel ma tinsinwaw. Forsi għalaq il-kuntratt.
0,"L-aktar ħaġa importanti hija t-tindif mill-kurja ta' dawk li l-iżjed jimpurtahom mill-politika bħalma dejjem kienet il-ġerarkija ekkleżjastika f'Malta. Sur arċisqof ġdid, issir meta ssir, naddaf il-kurja darba għal dejjem mill-għanqbut  li tħalla jikber."
0,Tgħallem għid xi ħaġa ġdida u wara mur oqgħod aħseb u kejjel dnubietek.
1,Sieħbi serraħ rasek li b'Joseph Muscat prim ministru għad irridu naraw u nduqu opportunitajiet kbar.
1,Jien naqbel ma' din il-miżura. Lanqas water pistol m'għandu jitħalla għax jista jkun hemm sparrow li jispiċċa fellus imxarrab.
0,Mela dan dejjem kellu konvinzjoni għax dejjem emmen fid-deroga u mbagħad ħalla tmient ijiem biex jgħid li ser jivvota iva.
1,"Hekk sewwa u hekk għandu jkun. Għandhom jitħawlu jew jitpoġġew aktar siġar f'bosta inħawi madwar ir-Rabat, Pjazza Savina, Pjazza San Gorg, tul triq ir-Repubblika u inħawi oħra."
1,Kemm ilu jiggverna dejjem mexa skond id-deroga dwar il-kaċċa u meta ried jieħu deċiżjoni minħabba xi żewġ kaċċaturi irresponsabbli ħadha.
0,Allura mhux ser tagħmlu libell lil Malta Indipendnet ta' dan il-gideb malinn?
0,Hawn Malta mhux ħa naraw filmati bħal dawn għax ma raħasx il-prezz ta' petrol u diesel.
0,Dak inhar missierek aġixxa b'mod irresponsabbli u malinn !!!
0,Giddieb huwa Muscat u l-gvern kollu tiegħu.
0,"F'Malta hawn apatija kbira u sakemm ma jeqirduhiex, it-tgergir ser jibqa' u anke jiżdied."
1,"Indikatur pożittiv ieħor. Prosit lil poplu Malti kollu li għal  dan iż-żmien sabiħ ukoll, warrab in-negattiviżmu u wera' enerġija pożittiva. Awguri."
1,"Missu mhux jaħdem għal qalbu Lou Bondi meta il-prim ministu Dr.Joseph Muscat ireġġagħlu 30,000 Ewro fis-sena."
0,Prosit PM Joseph Muscat. Din tas-single parents dejjem kien hemm dubji u abbuż f'ħafna każi. X'kien qed isir huwa ovvju.
0,Jaħasra x'mentalita. Kieku għamilha ma' ħajt ngħidlek neħħiha minn hemm għax il-Belt Valletta hi Barokka. Imma fejn għamilha m'għamel ħsara lil ħadd. X'injoranza.
1,"Naqbel 100 %, la tmut x'tambihom? Jekk tista issalva lil xi ħadd salvah hux."
1,"Qatt ma qbilt mal-fehma (politika) ta' Dr.Demarco, imma li kien ġentili u ta' qalb tajba u raġel serju la jien u lanqas ħadd ma jiċħdu."
0,Min jifqa' karozza u jibqa' sejjer tgħidlu nies?
0,"Dr. Muscat, żgur mhux il-laburisti li ġabu l-gvern tagħna dahru mal-ħajt. Min tahom il-ħatriet għandu imiss idu ma' qalbu."
0,"Tajjeb, kollox bħal ""low cost"" barra l-prezz tal-biljetti!"
0,"Trid tkun fjakk bħal Pietru biex tikkritika l-prezz tal-fuel issa, meta għal ħamsa u għoxrin sena sħaħ kellna prezzijiet mgħola l-infern."
1,ċittadin onest.
1,"Artiklu miktub bis-sens, u sa ċertu sens apolitiku. Kemm nixtieq naqra u nara iżjed kitba u ħsibijiet hekk, mingħajr ħafna lagħaq żejjed."
0,Li kien għalija malli l-ekonomija tkun tajba ntajru dik il-kruha ta' ħakkikha tal-ġobon u nerġgħu nagħmlu l-pjazza kif kienet u nerġgħu nibnu biex il-belt li kien iħares il-Belt Kapitali.
0,Għandhom jittieħdu passi u t-tellief ikollu jħallas tal-ħsara li jkun wettaq.
1,Din hija l-akbar somma li qatt ġiet preżentata waqt l-Istrina. Ma niftakar l-ebda somma daqshekk.
1,Prosit Sur President u s-sinjura tiegħu. Grazzi ta' dawn il-ħames snin xogħol siewi li tajt. Urejt lil pajjiżna kif ikun vera President.
1,Lil Pawlu ngħidlu aħjar tipprova timita lil min hu bil-għaqal u jifli sew dak li jkun qiegħed jiġri qabel ma jibda jpaċpaċ.
0,"U ħaddieħor ħsiebu f' inċidenti, sparar u ċuċati oħra !"
0,Li tikkonsidra s-satira bħala arma tal-għadu tiegħek tikser l-liberta ta' espressjoni li tista u għandha tkun eżerċitata f'pajjiż demokratiku.
1,L-ikbar rigal li tagħni huwa meta raħħasli l-kont tad-dawl b'25% u s-sena dieħla ħa jraħħsu lil kumpanija fejn naħdem biex ikompli jassigurali xogħli.
1,"Naqbel ma' ta' qabli li frankament ftit jimpurtahom. Wara kollox, wara il-ħafna daħk tal-bidu kollha l-istess jispiċċaw."
1,"Prosit, dan il-gvern sar qisu ""Jukebox"" dejjem rikordji ġodda f'kull qasam."
0,Kull ċittadin konservattiv jiġġenera madwar elf tunnellata ta' paroli vojta kull sena.
1,Jiena nemmen li Fr Rene Camilleri huwa l-għażla idejali biex imexxi l-knisja l'quddiem.
0,Naħseb mhux qed jaħdem għal qalbu dak li hemm ħdejn il-ministru.
1,Grazzi lil dawn il-persuni kolla li jagħtu dan is-servizz.
1,"Nemmen li huwa baġit tajjeb, imma nies bħali ta' aktar minn 50 sena ma ssibx min jimpjegak, minkejja li l-gvern ta' inċentivi tajbin għal min iħaddimna."
0,"Hemm bżonn li l-gvern idur fuq in-negozjanti Għawdxin u bis-sewwa jew bid-dnewwa jħeġġiġhom jagħtu sehemhom għal aktar pubbliċità għat-turiżmu intern u mhux dejjem jistennew kollox mill-gvern tal-ġurnata, minn flus il-poplu. Flus il-poplu għandhom jiġu investiti aħjar minn hekk."
0,Allaħares kien Malta għax diġa għamlu show bih.
0,"Rabbi ftit għaqal u tkunx prużuntuż iż-żejjed għax qiegħed tirredikola ruħek. Ħasra, jaħasra għadek żgħir."
0,Min jobżoq fl-ajru jiġi f'wiċċu.
0,"Min mhux kapaċi joħroġ mid-dar mingħajr ma joqgħod  sura ta' nies, jibqa d-dar ... sempliċi l-affari!"
0,Imissek tistħi taqbeż għal min qiegħed jinvadina.
0,"Dan x'ġenituri għandu, x'għarukaża."
1,"Jiġri x'jiġri u jagħmlu x'jagħmlu, il-poplu xorta kuntent b'dawn l-affarijiet."
1,Din in-nomina hija kruċjali għal-knisja Maltija. Malta għandha bżonn isqof żagħżugħ u fuq kollox ta` maż-żagħżagħ u li jiftaħ il-bibien beraħ tal-knisja għal  kulħadd.
0,"Aqbel ma' xi ħaġa Sur Pawl, mhux dejjem kontra."
0,"Dr.Demarco, x'taf fuq il-liġi ma nafx imma fuq ekonomija, industrija u entraprizi jidher li int un bel zero. Tkomplix tirredikola ruħek. Kont nagħmlek iktar serju. Jekk qegħdin jġegħluk tagħmel hekk ibgħathom jixxejru u ibża għal  ismek"
0,"Tajba din, il-kelliem uffiċjali tal-gvern ta' Muscat din is-sena diġa ġiet ikkundannat darbtejn mill-qorti li hu giddieb. Hu dan qed jitħallas minn butna."
1,Jagħtu merħba kbira lill-ministru li jinsab fuq fomm kulħadd anke barra minn Malta.
1,"Fid-dinja l-""roll model"" tat-tfal għandhom ikunu l-ġenituri u ħadd iżjed. Il-ġenituri għandhom id-dover u dmir li jieħdu ħsieb uliedhom."
0,Inutili l-ekonomija tirreġistra titjib u l-faqar ikompli jiżdied. Dan m'għandux iserraħ ras pajjiżna.
0,Darba numru ta' tfal weġġħu lill-ibni fil-playground. L-għalliema superviżorji kienu ġewwa jieħdu l-kafe' u jien għedtilhom li żżommhom responsabbli.
0,Jekk hemm xi ħaġa tinten nixtieq kieku xi ħadd jispjega.
0,Il-Malti jgorr għaliex ikollu għal xiex igorr u l-aktar lj jgorru huma dawk li-jħossuhom dgħajfa ma' min ikollu xi daqsxejn poter mgħoti lilu/a minn xi politikanti.
0,Il-ministru nappellalu biex jieħu ħsieb it-telqa u l-ħmieġ li qed jħallu s-sindki nazzjonalisti ġewwa Għawdex.
0,Dawn il-pensjoni tagħhom ilha iffriżata mir-reviżjoni li kienet saret fis-sena 1995.
0,"Naħseb li annimali ta' din ix-xorta m'għandhomx jitrabbew f'postijiet residenzjali, fejn ikunu ta' dwejjaq għal -ġirien."
0,Mela tista tibqa tieħu probation wara oħra avolja tiksirhom????????????
1,Jien kuntent ħafna li f'Malta hawn partit tal-onesta u tal-indafa.
1,Grazzi kbira lil poplu Malti u lil President Gorg Abela u s-sinjura tiegħu li għalmu lil kulħadd x'jiġifieri tkun president...bla dubju l-aktar president li ħadem mill-presidenti kollha.
1,"Il-knisja taf li issa s-suġġett ser ikollu l-kompetizzjoni, u bħala ġenitur nagħmel minn kollox biex uliedi jitgħallmu dak kollu li hu sabiħ u tajjeb bla stress żejjed."
1,Prosit ngħid lil Malta Enterprise.
1,Sewwa ħafna qalet Marlene.
1,Proset ħafna lil BOV għall-inizjattiva li ħa b'risq min għandu bżonn.
0,Hemm ġrieden xjuħ li għandhom tattika kif jispjunaw fuq in-nies. Dawn affarijiet serji.
1,Nifraħlek għax imxejt aħjar mid-darba ta' qabel.
0,Tgħid l-irwejjaħ ta' dawn l-annimali kienu qed idejqu lil xi ħadd?
0,X'ħasra. Ħajja maħsuda intortament.
0,Kull żieda li ħadu l-ħaddiema tad-Drydocks wara reviżjonijiet ta' pagi/salarji wara dik is-sena m'affetwatx lil dawn il-pensjonanti għax ma ħadu xejn.
0,"Għal lura jekk tinqabad tevadi t-taxxi dan ikun reat kriminali u tista tmur il-ħabs mal-ħamalli, mhux ta' b'xejn jippruvaw jaħarbu."
0,Kemm tiflaħ tkun ipokrita!
0,"Il-Maltin jinkwietaw ħafna bl-immigrazzjoni u bl-integrazzjoni. Issa jekk ma ngħatux każ tax-xewqa tal-poplu, ma nistgħux inkunu demokratiċi."
0,"Kemm hawn minnkom min hu vojt, injurant, u insolenti anke f'okkażjonijiet bħal dawn! Aħsbu naqra f'min hu fil- bżonn u għalqu ħalqkom. Ftakru dejjem li qegħdin fid-dinja bħal ħaddieħor."
0,Verament il-Melita tistma lin-nies ta' żibel !!!
0,"Jekk il-ministru għamel xi ħaġa ħażina u kien involut f`xi ""cover up"" kif allegaw tal-PN, il-ministru jirriżenja minn jeddu."
0,Ma nagħtikx tort għax tidher li għadek ma tistax tiġi f'tiegħek wara t-tlett tkaxkiriet li ħaddtu.
0,Tista tgħid x'tgħid għax mhux ser nħallu wieħed jew waħda minnhom hawn Malta u fittex irriżenja għax il-poplu Malti ma jridx lil min jimminah bl-immigrazzjoni illegali.
0,"Tgħid wasal iż-żmien li ċertu mediċina li tiswa ħafna flus, fejn ċittadini ġieli biegħu d-dar tagħhom biex jiġġieldu u jippruvaw isalvaw ħajjithom, dawn il-mediċini ser jibdew jingħatalhom b'xejn?"
0,"L-ewwelnett ma naqbel xejn dwar vendikazzjonijiet, anzi nikkundanna dak kollu li ġara."
0,"Ħaġa waħda ngħidlek, li n-nazzi huma ndannati U nvażati bid-dwejjaq li għandhom għax ma jifilħux it-tkaxkira għal darba tnejn li ħadu !!!!"
0,Din il-kelma nużaha għal dak kollu li hu ħażin.
0,"Min jipprattika is-cyber harassment ikun aggressiv u aktarx aħdar, ma ninsewx li persuna ta' dan it-tip possibbilment ikollha xi mard mentali"
0,"Jekk koppja pensjonanti għandhom biċċa karozza u insurance fuq propjeta, diga se jmorru l-baħar!!"
1,"Taħrig interessanti ta' veru, prosit lil kull min ħa sehem."
0,"Qabel jitilqu l-emigranti illegali minn Malta ma jistax jinqata il-prekarjat, kemm ilu li bdew deħlin huma inħoloq il-prekarjat."
0,Ħadd ma qal għan-nuqqas ta' esperjenza imma l-fatt hi li maġġoranza kbir ta' karigi ingħataw lill-persuni li ma jifhmu xejn fuq x-xogħol li ngħataw.
1,Ir-rispons tal-kommunita internazzjonali għal dan l-att terroristiku huwa qawwi.
0,"X'differenza, għandna membri Maltin fil-Parlament Ewropew li qegħdin jaraw kif jagħmlu xogħol siewi għal  Kommunita Ewropea kollha waqt li għandna oħrajn li ma jafux jagħmlu ħaġa oħra ħlief li jippruvaw iħammġu isem pajjiżhom anke bil-gideb."
1,Prosit Dr. Fearne għax-xogħol siewi li qed tagħmel fis-settur tas-saħħa.
0,Illum fuq stazzjon Taljan għaddej dokumentarju biex juri f'liema stat ġiet l-Italja bl-invażjoni tal-immigranti illegali fejn sa 2020 il-popolazzjoni ta' barranin ser tilħaq it-30%.
1,"Prosit, laburist ta' veru. Ma nistax ma naqbilx miegħek mija fil-mija."
0,Mill-elezzjoni sa'llum għandi ma smajt bl-ebda fabbrika ġdid jew kumpaniji ġodda investew u fetħu fabbrika hawn Malta.
0,"U l-oħra , m'għamlithiex għax ma kienx hemm dak li ħasbet , imma l-intenzjoni xorta waħda kienet hemm u kieku kien hemm dak li ħasbet kienet teqirdu."
0,Hemm hekk ċertu pulizija vera kattivi u huma għar mill-kriminali nnifishom. Għalhekk affarijiet bħal dawn tistennihom.
0,Dawn it-tnejn f'din il-kultura telgħu u ma niskantax meta nara u nisma t-tattika ta' Simon llum. Nappella lill-gvern biex joqgħod attent.
1,Jien nħoss li r-rebbiegħa għanda tkun ħielsa mill-kaċċa għax dak żmien kruċjali għall-għasafar. Issa ġieni ċ-ċans nesprimi ruħi b'vot u hekk ħa nagħmel.
0,Pero jiena mhux qed nara jikkrejaw impjieg ta' kwalita ferm għolja għal ħaddiema Maltin Prim Ministru!
1,"Tnejn minnhom, is-sur Gorg Pullicino u s-sur Tonio Fenech, jagħmlu ġid kbir lil partit nazzjonalista."
0,Qum poplu ħalli dawk li ħadu minn wara dahar il-poplu irroduh lura.
0,L-arroganza tal-PL hija insult lejn min ivvuttalu.
1,"Ovvju li għax int raġel sinċier u ħdimt għal din id-deroga, issa ser tibqa iżżomm dak li ħdimt għalih."
0,Min jerfa idejh fuq ħaddieħor għax injorant u mhux kapaċi juża moħħu.
1,Prosit għal dan it-tnaqqis fil-prezz tal-mediċina.
1,Il-ħatra ta' Arċisqof hija importanti ħafna.
1,"Attriċi brava u mara umli ħafna, strieħ fis-sliem."
1,Prosit għażiż. Int f'qalbna għal dejjem. L-umilta tiegħek ftit kien hawn bħala.
0,"Monsinjuri li tant għalmuna nxerrdu l-paċi u l-imħabba bejnietna, kunu kuraġġużi u ieqfu darba għal dejjem lil min qed jabbuża mir-radju tagħkom u ta' kulħadd."
0,Min għamel frodi jħallas hu u l-familja tiegħu mhux inħallas għalih jien u l-familja tiegħi.
0,Xorta waħda wara dan kollu hemm id-dubju li ċertu nies qed jitħallew barra.
0,Miskin min wiegħed kollox qabel l-elezzjoni u ma jafx minn fejn ser jibda bil-wegħdiet li għamel lil kulħadd.
0,"Jekk ma jifilħux iħallsu għal polza ta' assigurazzjoni aħseb u ara kemm ikunu jifilħu jħallsu tad-danni li jistgħu jikkawżaw, iktar u iktar jekk Alla ħares qatt imut xi bniedem!!!"
0,Għandu jkun hemm pulizija pajżana u vicin pulizija armati jarrestaw mill-ewwel. Din l-istorja diġa ġrat fejn persuna bi problemi ġie msawwat u misruq fl-istess inħawi.
0,Qabel kien isiru l-konfoffi u l-laqgħat sigrieti fir-raba sular tal-kwartieri tal-Labour u issa qed isiru laqgħat ta' terrur fir-raba sular tal-Ministeru tal-edukazzjoni. Li nesa Dr.Cassar huwa it-terrur li ħalla warajh fid-Dipartiment tas-saħħa.
1,Nappella l-poplu Għawdxi biex jipparteċipa f'dawn l-attivitajiet tal-Istrina fejn dak li nagħtu ikun ta' ġid għal  ħutna fil-bżonn.
0,Minn fuq il-Facebook biss ma naslux. Il-pubbliċita trid issir kullimkien u minn ġranet qabel mhux ċum bum.
0,"Moira tajbin kienu s-summien li beda jsajjar il-kok tal-programm tiegħek, jekk ma kilthomx xammejtha r-riħa u ma tlaqtx il-barra."
1,Kemm hi sabiħa l-għaqda u disskussjonijiet ċivili madwar mejda flok direttivi bl-addoċċ u mhux fwaqthom.
1,"Jiena nirrispetta u nifhem il-pożizzjoni tal-kap, hekk titlob l-irġulija u l-onesta."
0,"Veru Mr.Callus, qażżiżtna issa b'din l-aħbar."
0,"Il-pulizija jagħmlu  tajjeb li joqgħodu għassa għal dawk il-klandestini li jkunu qegħdin ħdejn il-monument tal-gwerra ta' ħdejn il-parkeġġ privat, ħdejn it-terminus tal-karozzi tal-linja u anki fit-terminus ħdejn gabbani u warajha ħdejn il-latrini."
0,"Kif għandkom il-wiċċ tgħidu li ser tibnu fuq l'onesta meta ħadtu dawk il-flus, għidtu li irritorajtu kollox u nqbadtu li qed tigdbu??????????? Tina spjegazzjoni Sur Simon."
1,Strieħ fis-sliem u grazzi ta' kemm il-darba ferraħtna bil-karattru tiegħek.
1,"Pawlu Xuereb, raġel fuq l-irġiel. Bniedem onest u umli. Eżempju tajjeb għal kull politiku."
0,"Id-dipartiment tal-Agrikoltura naħseb li għandu imħuħ li jafu dwar siġar ta' preġju u allura jistgħu jsiru siġar ta' preġju u dak li kważi hu marradi mhux aħjar li jinbidel ma' dak sabiħ, u b'hekk dan it-tokk jisbieħ u ma jibqax qisu mara b'nofs ilbies kif nara ċertu siġar bla sbuħija ta' xejn. Viżjoni moderna"
0,U jien irrapurtajt kas ta' drogi u prostituzzjoni ġol-blokka tal-flats tiegħi u l-pulizija qalluli li ma jistaw jagħmlu xejn.
0,Veru li Scicluna u Grech mhumiex sew fir-relazzjoni tagħhom?
1,"Ħabib, prosit, ma stajtx tagħti stampa iktar ċara ta' Dr Alfred Sant."
1,"Malta saret bħal  ""juke box"", rikordji ġodda kulljum. Prosit lill-poplu Malti u Għawdxi għal-ġabra li saret. għandna president kollha enerġija u dedikażzjoni."
0,"Kemm kellna każi, l-iżjed f'Malta, inċidenti b'annimali eżotiċi? Inċidenti permezz ta' żwiemel? Inċidenti permezz ta' klieb u qtates?"
1,Grazzi mill-ġdid u awguri
0,"Naħseb l-annimal sar ta' żewġ saqajn. Barra ħabs, ħaqqu xeba frosta hu."
1,Il-Moviment Laburista għandu biex ikun kburi li għandu tlett deputati li s'issa dejjem urew li qegħdin hemm biex jaħdmu għal ġid tal-bniedem komuni Ewropew.
0,Is-sigurta trid tkun għal fuq l-ibħra territorjali ta' Malta wkoll. Min ma jidħolx mill-bieb jaf jidħol mit-tieqa!!
1,Kieku kulħadd kien bravu bħalek ħadd ma kien jaqlaha.
1,Ili ħajti kollha nsaqsi. Grazzi tal-aħbar!
0,Poplu minn dak jinteressah mhux mis-sentenza sospiża!
0,"Jekk jerġa jkun hemm isqof ġdid li hu arci-konservattiv u jipprova jdeffes imnieħru għal kull ħaġa f'affarijiet li ma jappertinux lilu, id-destin tal-knisja (fl-opinjoni tiegħi) imur għall-agħar!"
1,"Prosit Dr. Busuttil int raġel fuq l-irġiel, għalkemm ma taqbilx mal-kaċċa."
1,"Ibqa sejjer hekk, bravu Xmun."
0,Ma nafx imma mill-fehma tiegħi l-kumpanija li ipprovdiet dawn it-telefonati għanda toħroġ u tagħti apoloġija lilna l-klienti.
1,President ħabrieka u team ħabrieki. Kont preżenti f'ħafna attivitajiet li saru u tinnota dejjem il-ħeġġa u l-professjonalita fost l-organizzaturi.
0,"Hemm ħafna affarijiet li jista jagħmel il-gvern għal din il-kategorija, iżda jidher li ma tantx għandu ċans jaħseb fihom."
1,"Jiena nifhem u nfaħħar id-deċiżjoni ta' Busuttil, jien xorta ser nivvota kontra l-kaċċa fir-rebbiegħa."
0,Għaliex fuq il-medja hawn ħafna tgergir kontra l-gvern?
1,Fl-istess ħin ma jadura lil ħadd u lanqas lill-istess Ewropa. Jgħid il-fatti kif inhuma u speċjalment kif huma ta' ġid għal Malta. Sħabu l-istess.
1,Jiena nemmen li l-aġent kummissarju ser jitfa' dawl fuq dak li ġara jew qed jiġri!
1,Ħbieb ejja ninsew il-politika partiġġjana u nieħdu pjaċir b'dan il-ġest nobbli u nifirħu wara il-president ħabrieki tagħna.
1,Prosit tal-ġabra.
1,"Marielouise, kif konna nsejħulek aħna s-soċjalisti, mhux ser ninsewk qatt u int ser tibqa f'qalbna għal dejjem. Inħobbuk ħafna u nawguralek il-festi t-tajba."
0,"Ktibt hekk kontra qalbi, iżda ma niflaħx iżjed. Kif ukoll għax nixtieq li darba oħra  t-tkaxkira li qala Xmun u sħabu tkun akbar."
0,"Boycott lil min għandu ħanut u s-sid huwa Klandestin, ħadd m'għandu jgħin lil dawn in-nies."
0,Nispera li ma jintesewx il-pensjonanti senior staff tad-Drydocks.
0,L-art pubblika għanda tingħata lura lil poplu u mhux isservi biss ftit ħwienet  biex jimlew bwiethom.
0,Jaf jaqra jew le?
0,Għamlet sewwa l-Malta Enterprise għax il-Malta Independent għandha tgħid il-verita jekk tkun tafha mhux tivvinta!
0,Alla jbierek kollox hu beda u lesta. Mur emmnu!!!
0,Għandu jinstab ħati u jintbagħat 7 snin ħabs mill-inqas.
0,"Ms. Metzola, ara jekk Ms. Mizzi jkollhiex ċans tagħtik ftit lezzjonijiet fuq kif għandek taġixxi biex ma tirredikolax ruħek u fl-istess ħin tagħmel xi ftit ġid kif suppost qegħda hemm biex tagħmel."
0,Kull m'għamlu ġew ġabru s-siringi li ħarġu bil-borża taż-żibel u telqu l'hemm.
0,Inutili nwaħħlu fil-ġenituri jew l-għalliema meta s-sistema edukattiva Maltija hija waħda diskriminatorja minn għeruqha.
0,"J'alla jinqabad u jieħu li ħaqqu. Barra hekk, min hu, għandu bżonn kura psikjatrika wkoll."
