0,تھرپارکر میں 21 دنوں میں 22 بچے غذائی قلت سے جاں بحق، سندھ حکومت غافل
0,سعودی عرب: القاعدہ کی حمایت پر خواتین کو سزائیں
1,پاکستان کی جانب سے انضمام الحق کی ٹیسٹ کرکٹ میں 25 سنچریاں ہیں
0,کراچی کے بیشتر علاقوں میں نیوز چینلز کی نشریات بند
1,ٹی وی سے فوٹو کیوں کھینچ رہیں ۔ گوگل کرکے تصویر لگا دیں :)
0,اور دس نارمل فیصل عابدییے رحلت فرماویں تو ایک جعفر پیدا ہوتا ہے ۔
0,انقلاب آیا نہ جانے کدھر گیا ،، اک شہر تھا آباد اجڑ گیا
1,لاہور: انٹری ٹیسٹ کو ختم نہیں کیا، معاملہ زیر غور ہے ۔ صوبائی وزیر رانا مشہود
0,سٹی ٹریفک پولیس نے رواں ماہ کے دوران مجموعی طورپردوسوبارہ مقدمات درج کرائے
1,بلدیاتی الیکشن کرانے کو تیار ہیں ، الیکشن کمیشن اجازت دے via
1,سوچا تھا شہباز شریف وہاں سے کام آگے لے کر جائیں گے جہاں ہم نے چھوڑا چودھری پرویز الہٰی چودھری نے پنجاب تباہ کیا شہباز نے ترقیاتی کام کیے پنجاب کو سنوار دیا
0,گوجرہ میں قتل اور ڈکیتی کے گرفتار ملزمان کی نشاندہی پر اسلحہ برآمدپولیس نے قتل اور ڈکیتی کے گرفتار ملزمان کی۔۔۔
0,لاہور :محرم ،سیکیورٹی کیلئے انتظامات کو حتمی شکل
1,غم کے لاکھوں دکانداروں سے اک تبسم فروش بہتر ہے
0,تو کیا آپ یه کهنا چاهتے هیں که دهشتگردی روکنے کیلئے ضرب عضب آپریشن روکنا هو گا؟
1,اپ مدعا سمجھے ہی نہیں
0,""": خواب ہوتے ہیں دیکھنے کے لئے ان میں جا کر مگر رہا نہ کرومنیر نیازی"""
0,ﺯﻧﺠﯿﺮ ﮐﻮﺋﯽ ﻻ ﻣﺮﯼ ﻭﺣﺸﺖ ﮐﮯ ﺑﺮﺍﺑﺮﺍﮎ ﺗﯿﺮﮮ ﮐﮩﮯ ﺳﮯ ﺗﻮ ﭨﮭﮩﺮﻧﮯ ﮐﺎ ﻧﮩﯿﮟ ﻣﯿﮟ
0,®[انقلاب/دھرنا/ڈیل]ماڈل ٹاﺅن میں جاں بحق ہونے والوں کوخون بہادینے کے علاوہ قادری کوعلیحدہ سے ستر کروڑدینے کابھی یقین دلایاگیا-رپورٹ
0,"45 سے پیپلز پارٹی ایک ھی نعرہ لگا کرحکومت میں آتی رھی اورمکرتی رھی۔ کیاپوچھاکبھی کسی نے کہ کدھرھے روٹی, کپڑا اورمکان۔"
1,اسلام آباد اور پشاور میں محرم الحرام کا چاند نظر اگیا هے تمام اھل اسلام کو نیا سال مبارک ھو
0,سیالکوٹ : پاکستانی فورسز نے بھارتی فائرنگ کا منہ توڑجواب دیا،آئی ایس پی آر
0,ناچ گانے والا پاکستان نہیں چاہیے لیکن میری بیٹی اچها ناچتی ہے ۔راناخطابت اور ٹهمکے ساتھ ساتھ ۔۔ شرمیلا
0,جب کسی کو یہ اندازہ ہوجائے !!کہ ہم اس کے بغیر ادھورے ہیں وہی لوگ آپ کا مذاق بنا کر آپکو ادھورا چھوڑ جاتے ہیں !!!زویہ
0,میں ابھی باہیک پر مری روڈ راولپنڈی سے آیا ھوں ۔ میٹرو کے کام کی وجہ سے مری روڈ پر بہت زیادہ گرد و غبار ھے ٹریفک کا جام رہنا معمول ھے
0,دبئی، پہلا ٹیسٹ: آسٹریلیا کے خلاف پاکستان کی دوسری وکٹ گرگئی:
1,محرم کاچاند نظر آگیا کراچی :ﮈﯼ ﺟﯽ ﺭﯾﻨﺠﺮﺯ ﮐﯽ ﻣﺤﺮﻡ ﮐﮯ ﺩﻭﺭﺍﻥ ﺍﺳﻠﺤﮧ ﻟﮯ ﮐﺮ ﭼﻠﻨﮯ ﻭﺍﻟﻮﮞ ﮐﯿﺨﻼﻑ ﺳﺨﺖ ﮐﺎﺭﺭﻭﺍﺋﯽ ﮐﯽﮨﺪایت
1,لاہور: بڑا ہسپتال نہیں سیالکوٹ اور ہارون آباد میں چھوٹے یونٹس بنا رہی ہوں ۔ میرا
0,مسجد میں ریپ کرنے والے امام کو 20 سال قید۔۔صرف بیس مزید پڑھیں
1,خواجہ عمران نذیر نے مریضوں سے علاج معالجے کی سہولتوں سے متعلق دریافت کیا
1,مینار پاکستان سے تکمیل تحریک پاکستان کے ایجنڈے کولے کر ملک بھرمیں اس تحریک کو پھیلائیں گے ۔ امیر صوبہ ڈاکٹر وسیم۔۔۔
0,کام بھی ایک جیسے ہوتے ہیں
1,مشرف کے دوست شیرافگن نے کہا تھا کہ فضل الرحمن کواس شرط پر اپوزیشن لیڈر بنایا گیا تھا کہ وہ مشرف کی پالیسیوں کی حمایت کریں گے ڈیزل کی اصلیت
1,نئ گیند
1,تحریک انصاف نے استعفوں کی تصدیق کیلئے اسپیکر کے سامنے پیش ہونے کا فیصلہ کرلیا - سچ ٹی وی
0,"مولانافضل الرحمان نے جس طرح عورتوں سے متعلق بات کی ہے وہ انتہائی شرمناک ہے ،شیریں مزاری"""
0,قرآن و سنت کی روشنی میں لفظ مہاجر کی بے حرمتی پر فتویٰ جاری کیاجائے گا ، احتجاجی پروگرام کا انعقاد اور بھوک ہڑتال کی جائے گی
0,بے بس بھکاریوں کی طرح توڑ کر انا کشکول لے کے تیرے در و بام تک گے ۔۔
0,ملا کی اذاں اور مجاھدکی اذاں ۔۔۔ ملک زیشان اشرف کی جانب سے کیا شاندار کمنٹ آیا ہے
0,"ہم پیپلز پارٹی سے اپنے حکومتی تعلقات کو ختم کررہے ہیں ،فاروق ستار"""
0,ﺳﻮﺩﮐﮭﺎﻧﮯ ﻭﺍﻟﮯ، ﺍﺱ ﮐﮯ ﻭﮐﯿﻞ، ﺍﺳﮑﮯ ﮐﺎﺗﺐ ﺍﻭﺭ ﺍﺱ ﮐﮯ ﮔﻮﺍﮦ ﭘﺮ ﻟﻌﻨﺖ ﻓﺮﻣﺎﺋﯽ ﮨﮯ ﺍﻭﺭ ﻓﺮﻣﺎﯾﺎ ﮐﮧ ﻭﮦ ﺳﺎﺭﮮ ﺑﺮﺍﺑﺮ ﮨﯿﮟفرمان S A W W
0,اوہ معذرت، بے دھیانی، کئی مہینوں بعد فون سننا پڑ گیا دماغ ہی بند ہوگیا، عادت نہیں فون پر بات کرنے کی :پ
1,حدیثا الله کاذکر ایمان کاجھنڈا شیطان سے حفاظت کا قلعه اور بھڑکتی آگ (نارجهنم) سے نجات کاذریعه ھے )گلدستهء فقر صفحه118(
1,حنیف محمد کے پوتے شہزر محمد نے پاکستان کرکٹ میں پی آئی اے کی طرف سے سنچری بنا کر ریکارڈ بک میں اپنا نام منفرد تعارف کے طو پر درج کرا دیا
0,ہ نئی احتیاط دیکھی ہے آئینے سے حجاب کرتے ہوایک دن نہ عدم جو پی تو کیاروز شغل شراب کرتے ہوعبدالحمید عدم
0,سیتا وایٔٹ کا وقوعہ تو مملکت خداداد پاکستان کی حدود سے باہر کا ہے ،اس لیے اسلامی حد لاگو نہیں ہو سکتی،
0,دھرنا ختم کرنے پر عوامی تحریک کے کارکنان پھوٹ پھوٹ کر روپڑے
1,تبدیلی آ نہیں رہی تبدیلی آگئی ہے ;)
0,کہیں پڑھا تھا جمیعت علما پاکستان بریلوی فقہ کے علما کی ہے ، لیکن یاد نہیں ٹھیک سے ۔
0,کشمیر کی صورتحال!!! اقوام متحدہ بھی خاموش نہ رہ سکا۔۔۔بھارت کا سخت جواب۔۔۔!!!
0,ﺗﺤﺮﯾﮏِ ﺍﻧﺼﺎﻑ ﺍﻭﺭ ﻋﻮﺍﻣﯽ ﺗﺤﺮﯾﮏ ﮐﯽ ﺳﻮﺷﻞ ﻣﯿﮉﯾﺎﻭﺍﺭ ﺩﻭﻧﻮﮞ ﮐﻮ ﮐﻤﺰﻭﺭ ﮐﺮ ﺩﮮ ﮔﯽ۔ﺩﺷﻤﻦ ﮐﻮ ﻣﻮﻗﻊﻣﺖ ﺩﯾﮟ ﺩﻭﻧﻮﮞ ﺗﺒﺪﯾﻠﯽ ﻭﺍﻟﮯ ﻣﺘﺤﺪ ﺭﮨﯿﮟ
1,متروک مسترد کاسہ لیسوں کی کسی بھی مارچ کی حمایت کرنا تاریخی جرم ہوگا متروک-مسترد-کاسہ-لیسوں -کی-کسی-بھی-مارچ-ک/
1,حضرت علی رضی اللہ عنہ کہتے ہیں رسول اللہ صلی اللہ علیہ وسلم نے فرمایا: ’’مہدی ہمارے اہل بیت میں سے ہو گا اور۔۔۔
1,اتنا کام پڑا ہے اور میں کھیل رہی ہوں اردو کی بورڈ سے
0,دولت واقعی آزمائش ھے ۔ اساتذہ اور تحقیق کرنے والوں کیلئے ھمارا بجٹ صرف 10 ھزار ھوتا ھے جبکہ ساوں ڈ سسٹم والے ڈی جے کیلئے ستائیس لاکھ :)انصاف
1,پاکستان- آسٹریلیا ٹیسٹ سیریز سے قبل بین الاقوامی کرکٹ کونسل نے ٹیسٹ رینکنگ جاری کردی ہے
0,ﺍﮮ ﺁﺭ ﻭﺍﺋﯽ ﺩﯾﮑﮫ ﮐﺮ ﻣﯿﺮﮮ ﭘﺎﭘﺎ ﮐﻮ ﻣﺮﮔﯽ ﮐﮯﺩﻭﺭﮮ ﭘﮍﺗﮯ ﺗﮭﮯ ﻣﺒﺸﺮﻟﻘﻤﺎﻥ ﮐﻮ ﺩﯾﮑﮫ ﮐﺮ-- ﺣﻤﺰﮦﮐﻮ ﻟﻘﻮﮦ ﮨﻮ ﺟﺎﺗﺎ ﮨﮯ-- ﻣﺮﯾﻢﮔﻠﻮ ﺑﭩﻨﯽ
0,پاکستان میں تشدد پسندی-بے حسی اور دوسروں کو تکلیف میں دیکھ کر خوش ہونے کے رجحان جیسی بیماریوں میں اضافہ ھو رھا ہے افسوس یہاں انسان نہیں رہتے
0,اور اگر پی ٹی آئ نے کها که الیکشن ضمنی نهیں ھونے دینے تو پانچ فی صد ٹرن آوٹ ھوگا۔ اور یا نهیں ھونگے ۔
0,لوٹ آنے کی امیدیں ٹوٹ پائی هی نهیں بند هو پائے نهیں هیں اب بهی در، کهنا اسے (ملک عدنان احمد) بے سہارا محسوس کر ریا ہوں
0,شکریہ لیکن مت ضرور وج گئی ہے ، اب خان صاحب کو بھی خیال کرنا چاھیے
0,نیوز سنگدل شخص نے بیوی اور بچے کو فائرنگ کرکے قتل کردیا: : پاکستان
0,یہقاں تو فالوور بھی جان کو اٹک جاتا ہے ،لیڈر سے سوال کرنے کی کون جراؑت کر سکتا ہے ۔
1,ڈیزل خان نے تمبو میں اکیلا رہنے کی پیشن گوئی کر دی ، ناکام ڈیزل خان
0,دبئی ٹیسٹ: پاکستان کے خلاف آسٹریلیا کی آٹھویں وکٹ 170 رنز پر گر گئی
0,یه لڑکی فاقه کش هوتی تو بدصورت نظر آتی۔
0,آپ کہاں سے ہو بھیا کینیڈا سے یا شوکت خانم ہسپتال میں پیدا ہوئے تھے ؟ چندے سے انقلاب
0,جس عہد میں لٹ جائے ایدھی کا چندہاس دور کا حاکم ہے کوئ گنجا
1,ﺍﻧﻘﻼﺏ ﮐﺎ ﺍﯾﺠﻨﮉﺍ ﻧﮧ ﺑﺪﻻ ﮨﮯ ﻧﮧ ﺑﺪﻟﮯ ﮔﺎ، ﮐﯿﺌﺮﭨﯿﮑﺮ ﺣﮑﻮﻣﺖ ﺑﮭﯽ ﻗﻮﻣﯽ ﺣﮑﻮﻣﺖ ﺑﻦ ﺳﮑﺘﯽ ﮨﮯ ﻣﮕﺮ ﻣﮏ ﻣﮑﺎ ﻭﺍﻟﯽ ﺣﮑﻮﻣﺖ ﻧﮩﯿﮟ ﭼﺎھتے ۔طاہر القادری
1,"کور کمیٹی کے اجلاس میں 30 نومبر کے دھرنے سے متعلق بات کی، شیریں مزاری"""
0,ﺍﺳﺘﯿﻌﻔﯽٰ ﻣﺎﻧﮕﻨﮯ ﻭﺍﻟﮯ ﭼﻨﺪﮦ ﻣﺎﻧﮕﻨﮯ ﭘﺮ ﺁﮔﺌﮯ۔۔۔
1,میٹھی پیا کریں میٹھے ہو جائیں گے :))
1,پیپلز پارٹی نے ہمشہ سندھ کارڈ استعمال کیا : الطاف حسین
0,دلالوں کی اصلیت اب کسی سے چھپی نہیں رہی ہے ۔ کل تک جو نظام لپیٹنے کی باتیں کر رہے تھے آج کھسیانے ہو کر اسی نظام۔۔۔
0,یونس خان آسٹریلیا کے خلاف ایک ٹیسٹ میں دو سنچریاں سکور کرنیوالے چالیس سال میں پہلے کھلاڑی بن گئے
0,پی آئی اے کا مالی بحران شدت اختیار کرگیا
1,کتنے خوش نصیب ہیں وہ لوگ جنہیں اللہ رب کائنات نے ماہ محرم میں نواسہ رسول امام حسین علیہ السلام کا ذکر کرنے ذکر سننے کے لئے چن لیا
0,جھپٹنا پلٹنا۔۔ پلٹ کر جھپٹنا لہو گرم رکھنے کا ھے اک بہانہ ڈاکٹر طاھر القادری نے اسلام آباد کے دھرنے کو پورے ملک۔۔۔
1,بھارتی مقبوضہ کشمیر میں بین الاقوامی مبصر کی تعیناتی خطے میں پائیدار امن کیلئے ناگزیر ہے
1,لبرل اس لئے بنتے ہیں کہ یہاں اقلیت میں ہیں اکثریت میں ھوتے ایران عراق شام کی طرح تو عمر عثمان عائشہ نام رکھنے پر لٹکا دیتے
0,عمران خاں زنا اور اپنے ناجائز بچوں کو پرائیویٹ معامله کھتا ھے کیا ایسے شخص کے پیچھے قوم کو چلنا چاھیے
1,مولانا صاحب آپ کی عزت لوگ آپ کے والد صاحب کی وجہ سے کرتے ہیں ، کل آپ کے مدرسوں پر بھی کئی سوالات اٹھ سکتے ہیں
1,مذہبی امور کے وزیر سردار محمد یوسف اور رکن قومی اسمبلی محمد صفدر نے اسلام آباد میں وزیر اعظم محمد نواز شریف سے ملاقات کی
0,ڈیزل ڈیزل کپتان ڈیزل
0,ایم کیو ایم کو منانے کی کوئی کوشش نہیں کی،رحمان ملکگویا اس بار خود ہی ذلیل ہو کہ واپس آ جاویں گے جیسے طاھرکینیڈوی ذلیل و رسوا ہو کہ آ گئے
0,راولپنڈی فتح جنگ میں وین اور ٹینکر کی ٹکر 2 لوگ فوت 10 زخمی جماعت اھلسنت کی طرف سے کراچی میں حضرت عمررضی کی شھادت کے موقعے پر ریلی نکالی گئی
0,مریم نواز کی بحیثیت چیئرپرسن یوتھ لون اسکیم تقرری پر وفاقی حکومت سے جواب طلب
1,لاہور: سروسز ہسپتال میں آئی سی یو قائم کردیا گیا۔ ڈی جی ہیلتھ
1,ر ایک بچے کی سکول میں موجودگی یقینی بنانے کے لئے ریاست کو تعلیمی معاملات سے نمٹنے کے لئے نئی قوت کے ساتھ عزم کو یقینی…
1,رسم قل جلد آذادی چوک میں ادا کی جاے گی
0,جلسے کی ناکامی کا غصه جیو نیوز کے نمائیندے پر اسکا کیمره توڑ کر نکالا گیا۔ خان جی آپ حقیقت چھپا نھی سکتے
0,بھائی زرداری صاحب سیاست کے بجائے اپنی کرپشن بچا رہے ہیں ۔
1,لوگوں سے دھرنے کے لیے چندہ مانگنے والا اپنا 300 کنال کا بنی گالہ کا گھر کیوں نہیں پیج کر دھرنے خرچے پورے کرتا؟
0,اللہ جانے وے ماہی تیرا پیار کی اے دل دی اوداسی نی جاندی
0,شاہد آفریدی الیون نے آئی ڈی پیز الیون کو ہرا دیا
0,ن لیگ وہ پارٹی ہے جوضیاکی بندوق کے زور پہ وبائی مرض کی طرح پهیلیجبکہتحریک انصاف آہستہ آہستہ خوشبو کی طرح اپنا اثر دکھا رہی ہے
0,شیخ جیسا بے شرم جسے میں اپنا چپڑاسی بھی نہ رکھو۔سچ ہی تو کہا ہے چپڑاسی نہیں رکھے گا پارٹنر بنائے گا۔
0,اسلام آباد ان دھرنوں کے لئے موزوں ہے ۔ امیروں کا شہر ہے ریڑھی والے غریبوں کا خرچہ نکل آتا ہے
1,میں نے ایٹم بم بنایا ھے ۔۔۔۔او بھائی ایٹم بمب کوٹ لکھپت والی اتفاق فیکٹری میں نہیں بنتا۔ایٹم بم کہوٹہ کی ایٹمی۔۔۔
1,بریکنگ :- دبئی ٹیسٹ، دوسری اننگز، یونس خان کی آسٹریلیا کے خلاف سنچری مکمل بریکنگ :- دبئی ٹیسٹ، یونس خان کی۔۔۔
0,نبہیا چوہدری کی مبینہ خود کشی ذہنی دبائو کا نتیجہ قرار
1,+ تاکہ سوشل میڈیا پرختم نبوت کے کام کو بہتر اور منظم انداز میں کیا جاسکے ، ساتھی کل ہونے والی کانفرنس میں شرکت لازمی بنائیں چناب نگر کانفرنس
1,ﭘﺎﮐﺴﺘﺎﻥ- ﺁﺳﭩﺮﯾﻠﯿﺎ ﭨﯿﺴﭧ ﺳﯿﺮﯾﺰ ﺳﮯ ﻗﺒﻞ ﺑﯿﻦ ﺍﻻﻗﻮﺍﻣﯽ ﮐﺮﮐﭧ ﮐﻮﻧﺴﻞ ﻧﮯ ﭨﯿﺴﭧ ﺭﯾﻨﮑﻨﮓ ﺟﺎﺭﯼ ﮐﺮﺩﯼ ﮨﮯ
1,یکم محرم الحرام یوم فاروق اعظم رضی الله عنه ملک بھر میں مذهبی عقیدت و احترام سے منایا جاے گا سیدنا عمر فاروق
0,سالا چار اوورز تک کوئی وکٹ نہ گرے تو میچ بورنگ بورنگ لگنا شروع ہو جاتا ہے
0,ملک میں مذہب کے نام پر فرقہ واریت کی آگ بھڑکائی جا رہی ہے جس سے ملک کھوکھلا ہو رہا ہے : طارق جمیل
1,ایرانی دہشتگرد امین شہیدی نے 30 اگست کو اسلام آباد میں مولانا فضل الرحمن سے انتقام کا اعلان کیا تھاوہی ہوا۔۔ بس الله نے مولانا کو بچا لیا
1,اگر تحریک انصاف اسمبلیوں سے استعفے دیدے گی تو یہ سیٹیں ن لیگ، مولانا فضل الرحمان، اے این پی، ایم کیوایم کے پاس چلی جائیں گی
0,اور اگر کہیں فٹ ہوتی تو وہاں کر بھی لیں :(
0,بجلی کٹ گیَ ، لہذا چندہ براے َ ڈیزل ہے میرے چندہ
1,ڈاکٹر طارق سلیم کو امیر ضلع گجرات منتخب ہو گئے
1,24 اکتوبر کو گجرات جلسہ میں حلقہ کی عوام بھرپور شرکت کریں ۔ چوہدری زبیر احمد ٹانڈہ
1,جزاک اللہ میں اسی کے انتظار میں ابھی تک سویا نہیں
0,جہلم،تحریک إنصفاف سونامی کی لہریں سولہ نومبر کو جہلم سے ٹکرایں گی،،
1,آج میرے مضمون کا عنوان ہے کہ بھائی صرف وہ ہوتے ہیں جنہیں اللہ نے ہمارا بھائی بنایا ہے کچھ لوگوں کو میرا۔۔۔
0,جناب اسپیکر آج سے نون لیگ کو منافق لیگ کا نام دیا جائے کیونکہ نون لیگ نے سچ تو کبھی بولنا نہیں
1,سبزے کو جب کہیں جگہ نہ ملی بن گیا روئے آب پر کائی ۔۔ غالب
0,اس ملک کو بدنام کرنے میی لفافہ صحافت نے باقی کسر پوری کردی
1,اس بطح کے منہ والے سے سوہنا تو میں ہوں :))) کیسے سمجھ آئے ؟
1,خوبصورتی کی انتہاء ہو گئی ۔۔۔۔
0,اب مزا دينے لگا درد محبت مجھ کو مجھ کو اس درد کی اب کوئی دوا مت دينا
0,رقم کچھ زیاده کریں پهر خاں صاحب سے بات کرتے ہیں
0,کچھ بھی نھیں ھوگا۔اسکا نوٹس تو سپر کورٹ کو خود لینا چاہیے تھا بھت پھلے ۔کوکین اب گولی کے نت نئے مزے مدھوشی !!
0,لوہا نائلون، پرانا پلاسٹک، ٹین ڈبے ، پتریاں گراریاں ، پرانے ٹائر ٹیوب، یہ سب چیزیں چندے سے انقلاب میں کافی مددگار ہو سک۔۔۔
1,آقا صلی اللہ علیہ و آلہ وسلم کے صحابہ صحبت کی وجہ سے ہی اتنے پختہ ایمان اور یقین والے تهے اور ان میں ان کے مرشد کا عکس تها
1,دبئی: چوتھے دن کا کھیل ختم، آسٹریلیا کے 59 رنز، 4 کھلاڑی آئوٹ
1,میرا کپتان نہی بولا تو ہمیں بھی PAT کے دوستو کو کچھ نہی بولنا۔ہمیں اپنے راستے پر چلنا ہے اور منزل کی جانب بڑھنا ہے ۔انشااللہ نیا پاکستان
1,کراچی: گیارہویں آرٹس ریگولر و پرائیویٹ کے نتائج کا اعلان ۔
1,کتاب - دستک انتساب میری زندگی، ان رشتوں کے نام، جو عجیب بھی ھیں اور غریب بھی - جو محبت اور اذیت کا نایاب۔۔۔
1,پیار ایک بار ہوگا۔۔۔ بار بار نہیں ہوگا ۔
1,ہلکی غذا لو سوپ پیو
1,حضرت امام حسین کا صبر شکر توکل اور رضائے الٰہی کائنات کے انسانوں کیلئے علم و عرفان کا مینار ہیں ‘ ۔۔۔
1,جا چکے ھو مگر نہیں جاتے تم تو ہجرت کمال کرتے ھو
1,دبئی: پہلا ٹیسٹ، پاکستان کا آسٹریلیا کیخلاف ٹاس جیت کر بیٹنگ کا فیصلہ
0,تم سے بڑا گھپلا کون ہے
0,1/2 ایک جماعت سندھیوں کے جذبات سے کھیل رہی ہے کہ مہاجر قابض ہو رہے ہیں جبکہ دوسری جماعت مہاجروں کے جذبات سے کہ سندھی قابض ہو رہے ہیں
0,ﻣﺮﯾﻢ ﻧﻮﺍﺯﮐﯽ ﯾﻮﺗﮫ ﻟﻮﻥ ﺍﺳﮑﯿﻢ ﮐﯽ ﭼﯿﺮﭘﺮﺳﻦ ﺗﻌﯿﻨﺎﺗﯽ ﮐﮯﺧﻼﻑ ﺩﺭﺧﻮﺍﺳﺖ ﮐﯽ ﮨﺎﺋﯿﮑﻮﺭﭦ ﻣﯿﮟ ﺳﻤﺎﻋﺖ ﺍﺩﺍﺭﮮﮐﯽ ﺗﺸﮑﯿﻞ،ﭼﯿﺮﭘﺮﺳﻦ ﮐﯽ ﺗﻘﺮﺭﯼ ﮐﮯﻃﺮﯾﻘﮧ ﮐﺎﺭﺍﻭﺭﺩﯾﮕﺮﮐﺎﺭ۔۔
1,کلاسک ویڈیو گیم کی شکل میں بنایا گیا منفرد کیک!: نیویارک ۔۔۔۔۔۔کیک خواہ سالگرہ کا ہویا کسی اور۔۔۔
0,فیصلہ عوام دا پرویز راٹھور حرام دا سیاسی لطیفے
1,گنجو کا فوٹو شوٹ تو هو گیا نا
1,کچھ لوگوں کو شکریہ کہنا ہے جو۔۔۔پٹوریوں کو ان کی زبان میں جواب دیتے ہے اورکا دفاع کرتے ہے وغیرہ کو
0,تم مرو یا جیو اب میں کیا کر سکتا ہوں ؟
0,دھرنے کے خاتمے پر منفی بیان بازی نہ کی جائے ، وزیر اعظم کی ہدایتاسلام آباد: وزیر اعظم میاں محمد نواز شریف نے ۔۔۔
0,مقامی سیشن کورٹ نے نواز گھمن سکنہ ڈھک
0,ہر کچھ عرصے بعد انقلاب کے نام پر یہ ناٹک اس خوف کے پیش نظر رچایا جاتا ہے کہ عوام کہیں حقیقی انقلاب کے لئے ہی کھڑے نہ ہو جائیں ۔
1,عیش کرو۔۔کم پڑجائے تو بکرے کا سر بھی ہے
0,اعصاب شکن میچ میں کپتان ایسی ہی غلطیاں کرتا ہے ۔ عمران خان
1,ریالٹی تو یہ ہے ہمارے دونوں انقلابی گو نواز گو اور جلسوں کو اپنی کامیابی قرار دے رہے ہیں ۔یہ دونوں کام تو ان دھرنوں کے بغیر بھی ہو سکتے تھے
1,رسول ﷲ ﷺ نے فرمایا: خبردار کبھی بالارادہ نماز نہ چھوڑنا، کیونکہ جس نے دیدہ و دانستہ اور عمداً نماز چھوڑدی تو اللہ کا ذمہ اس سے بری ہے (ابن ماج)
0,دوبئی ٹیسٹ کے پہلے دن پاکستان کی آسٹریلیا کے خلاف بیٹنگ مشکلات کا شکار۔۔ ۔۔۔میچ پی ٹی وی سپورٹس پر براہ راست
0,غازی تربیلہ :اسکول میں بجلی کا تار گرگیا، 11طلبہ جھلس کرزخمی
0,ﮐﻤﯿﺸﻦ ﻧﮯﻧﻨﺪﯼ ﭘﻮﺭﺑﺠﻠﯽ ﻣﻨﺼﻮﺑﮯﻣﯿﮟ ﺗﺎﺧﯿﺮﮐﺎﺫﻣﮯﺩﺍﺭﻭﺯﺍﺭﺕ ﻗﺎﻧﻮﻥ ﮐﻮﻗﺮﺍﺭ ﺩﯾﺎ، ﺗﺎﺧﯿﺮﮐﮯ ﺑﺎﻋﺚ ﻭﺯﺍﺭﺕ ﺧﺰﺍﻧﮧ ﮐﻮ 113 ﺍﺭﺏ ﺭﻭﭘﮯ ﮐﺎ ﻧﻘﺼﺎﻥ ﮨﻮﺍ، ﻭﺯﺍﺭﺕ ﭘﺎﻧﯽ ﻭ ﺑﺠﻠﯽ
0,لاہور: شہباز شریف نے ۵ ہزار پرائمری سکولز بند کروادئیے ۔ چودھری پرویز الہی
1,کبھی کبھی یوز کرتا ھوں
1,میں حُر ہوں ابھی لشکرِ یزید میں ھوں میرا حسینؑ ابھی کربلا نہیں پہنچا
1,ﺗﻤﺎﻡ ﻣﺴﻠﻤﺎﻧﻮﮞ ﮐﻮ ﻧﯿﺎ ﺍﺳﻼﻣﯽ ﺳﺎﻝ ﻣﺒﺎﺭﮎ ﮨﻮ ﺩﻋﺎ ﮐﺮﺗﮯ ﮨﯿﮟ ﺍﻟﻠﮧ ﺗﻌﺎﻟﯽٰ ﺗﻤﺎﻡ ﻣﺴﻠﻤﺎﻧﻮﮞ ﭘﺮ ﺍﭘﻨﮯ ﮐﺮﻡ ﺳﮯ ﺭﺣﻤﺘﯿﮟ ،ﺑﺮﮐﺘﯿﮟ ﻧﻌﻤﺘﯿﮟ ﻧﺎﺯﻝ ﻓﺮﻣﺎﺋﯿﮟ ﺁﻣﯿﻦ ﺛﻢ ﺁﻣﯿﻦ
1,صرف اسلام آباد میں بیٹھے رہنے سے عوام کا شعور بیدار کیا جا سکتا تو ڈاکٹر طاہر القادری۔۔۔
0,کوئی آہٹ، کوئی جنبش، کوئی دستک نہیں ہوتیہمارے شہرِ ویراں میں بڑی فرصت کا موسم ہے !
0,® مریم نواز کی بحیثیت چیئرپرسن یوتھ لون اسکیم تقرری پر وفاقی حکومت سے جواب طلب ہائی کورٹ نے وفاقی حکومت سے وزیر ۔۔۔
1,اسپورٹس: پاکستان پھرین ٹیسٹ جی بی اننگ 286/2 تی ڈکلیئر کری آسٹریلیا کی 438 رنسن جو ٹارگیٹ ڈئی چھڈیو۔
1,سب سے بڑی دولت زبان ذاکر دل شاکر اور زن فرمانبردار ھے )امام غزالی(جس کے پاس بیوی گھر نوکر اور سواری ھو وه بادشاه ھے )مجددالف ثانی(
1,حضرت عمرؓ نے سعد بن وقاصؓ کے نام فاروقی حکم نامے میں لکھا جومال تقسیم کے بعد بچ جائے اسے قرآن کی تعلیم حاصل کرنے والوں کو دے دینا۔ مشاہیر الاسلام
0,’’وہ‘‘چلاجائے ،’’ہم‘‘ آجائیں ،دھرنے والوں کیلئے یہی تبدیلی ہے ،حاصل بزنجو
0,جس عہد میں لٹ جائے فقیروں کی کمائی ۔۔۔اس دور کے سلطاں سے کو ئی بھول ہو ئ ہے ۔۔۔
1,یہ بھی حقیقت ھے کہ لوگ اپنی سیاسی قائدین پہ اندھا اعتماد کرتے ہیں
1,خلیفہ ہارون رشید؟
1,پوتن نے روس اور اسرائیل کے دوستانہ تعلقات میں نیتن یاہو کے بڑے کردار کو بے حد سراہا
0,میں تحریک انصاف اور عوامی تحریک کے کارکنوں سے کہتا ہوں کہ اگر ہم سے کوئی سے کوئی بھی پیچھے ہٹے اسے چھوڑدینا، اگر ۔۔۔
0,لگتا ہے آسٹریلیا کی ٹیم بہت برا پرفارم کر رہی ہے ۔ ہماری حالت تو جوں کی توں ہے
1,وہ جو بیچتے تھے دوائے دل،،، وہ دکان اپنی بڑھا گئے ۔ شاہراہ دستور سے عوامی تحریک کے کارکنوں کی واپسی،، سی ڈی اے نے صفائی مہم شروع کردی
1,لاہور: وزیر اعلی نوٹس لے کر داد رسی کریں ۔ مظاہرین
1,لاہور: اگلے جلسے سے پہلے واپس آجائیں گے ۔
1,بالآخر تیری مصروفیت کے پیش نظریہ تہہ ہوا کے اب تجھے یاد نہ کیا جائے
0,وہ میری آخری سرحد ہو جیسے سوچ جاتی ہی نہیں اب اُس سے آگے
1,اَلسَّلاَمُ عَلَيْكُم ُصُبحَ بَخَیر اللہ تعالیٰ سے بخشش مانگو! بے شک اللہ تعالیٰ بخشش / مہربانی کرنے والا ہے ۔‘‘
0,ایک سے 16 گریڈ کے ملازمین کے انتقال پر خاندان کو 25 لاکھ روپے دیے جائیں گے -
0,کراچی: باپ بیٹے اورسابق ایف آئی اے ملازم سمیت 5 افراد ہلاک
1,فرانس: اب ڈرونز بھی ریس لگاتے نظر آئیں گے : پیرس۔۔۔۔۔۔۔۔کار ریسنگ اور بائیک ریسنگ ماضی کا قصہ ہوگئی ہیں کیونکہ۔۔۔
0,اسکا کوئی حل نہیں
0,قرض اتارو ملک سنوارو میں غریب کی شلوار تک اتر گئی مگر قرض مزید بڑھ گیا۔
0,عدالت نے چالان موصول ہونے پر ملزمان کے خلاف ٹرائل شروع کر دیا
0,لمحہ فکریہ!
1,شہباز شریف نے جھنگ کے سیلاب زدگان کو چیک دئے تھے ۔ وہ کل باونس ہو گئے ۔
1,یہ دقیق اور باریک گتھی اپ ہی سلجھائیں
0,چلو کچھ دیر ہنستے ہیں محبت پرعنایت پرکہ بے بنیاد ہیں باتیں سبھی رشتے ، سبھی ناتے ضرورت کی ہیں یجادیں کہیں کوئی نہیں مرتاکسی کی واسطے جاناں
0,پارلیمنٹ ، صوبائی اسمبلیاں ، وفاقی اور صوبائی حکومتیں عوام کی پریشانیوں اور معاشرے کی بدترین ٹوٹ پھوٹ سے بے خبر ہیں ۔
1,عالم پناہ نے جان نہیں لی شکر نہیں کرتے
0,راؤ جانی اس پر روشنی ڈالے گا ، میرے لیول سے اوپر کی گیم ہے یہ
1,وہ تو بس ایسے ہی دل چاہ رہا تھا میرا ڈائلاگ مارنے کا :)
1,اسلام آباد: چیرمین تحریک انصاف عمران خان کا کہنا ہے کہ محرم الحرام آنے کے باوجود ہم اسلام آباد سے نہیں جائیں گے ۔۔۔
0,مک جائے نام تیرا سیاست کے فسانے سے تیرا رونا ہی بنتا ہے زمانے میں -
0,ہمارے ممبر چچا چنگم کی جانب سے بلاول کی کراچی جلسے میں کی گئی تقریر کی زبردست پیروڈی بھابی ہوں میں بھابی ہوں -۔۔۔
1,پاکستان تحریک انصاف کا 29اکتوبر کو استعفوں کے معاملے پر بات کرنے کیلئے اسپیکر قومی اسمبلی کے سامنے پیش ہونے کا فیصلہ
1,نواز شریف کی بھارت کے بعد اسرائیل کو خوش کرنے کی کوشش حکومت کی ناک کے عین نیچے اسرائیلی اسٹال
1,عوامی تحریک جمعہ کو ایبٹ آباد میں جلسہ کرے گی: انقلابیوں کا اگلا پڑاؤ اب ایبٹ آباد میں ہوگا…
0,میں نے پوچھا کہ زندگی کیا ہے ہنس دئیے پھول، رو پڑی شبنم
0,رانا مشہود نہیں رانا مشکوک
0,زندگی بھی تو پشیماں ہے یہاں لا کے مجھے ڈھونڈتی ہے کوئی حیلہ مرے مر جانے کا۔ ۔ ۔!!!
1,﷽ ٭ قل ھواللہ احد٭ اللہ الصمد ٭لم یلد ولم یولد ٭ولم یکن لہ کفواً احد٭
1,لاہوریوں نے اجتماع عام کے لیے دل کے دروزے کھول دیے ۔ ڈونرز کانفرنس میں ڈیڑھ کروڑ سے زائد رقم جمع کروا دی
0,نماز فجر کے بعد چند جنونیوں کا مسجد کے سپیکر پر دهاوا کسی ٹارچر سے کم نهیں شور
0,لیاری گینگ وار کے اہم کردار شکیل بادشاہ کا قریبی ساتھی الطاف بابا گرفتارکراچی پولیس نے لياری گینگ وارکے اہم۔۔۔
0,قیامت کی نشانیاں
0,تحریکِ انصاف کے دوست دل کھول کر برا بھلا کہیں ،گالیاں دیں ۔۔۔لیکن وقت آئے گا کہ ثابت ہو جائے گا کہ ہمارا فیصلہ ہم۔۔۔
0,اب کے برس بہار بصیرت کو ڈس گئی فکرو نظر کے جھومتے باغات جل گئے ساغر کٹے کٹے ہیں ستارے بجھے بجھے شائد میرے نصیب کے دن رات جل گئے
1,وادی ہنزہ میں خواتین کے لیے کوہ پیمائی کا اسکول
0,بات کہنی ہو کوئی وعدہ نبھانا ہواسے آواز دینی ہو اسے واپس بلانا ہوہمیشہ دیر کر دیتا ہوں میں مدد۔۔۔
0,طاہر القادری پاکستان تین مہینے کے لے آیا تھا۔ویزے کی مدت ختم دہرنا ختم اورقادری اپنے ملک روانہ
1,وقت کا تقاضا ہے کہ وسائل کی منصفانہ تقسیم کے لیے انتظامی بنیادوں پر صوبے بنائے جائیں ۔ انھیں مالی وسیاسی اختیارات دئے جائیں ۔ وفاق مشترکہ وحدت بنے ۔
1,نیا بلاگ کب تک پوسٹ کریں گی آپ؟؟؟؟
0,ہر اک کو اپنی پڑی ہے میری فکر ہی نہیں
0,طاہر القادری صاحب ہاشمی کی طرح بے بنیاد انکشافات کب شروع کریں گے
0,جس قسم گندے الفاظ فضلو نے دھرنے کی خواتین کے بارے میں استعمال کئے اس پر تمام سیاسی اور مزھبی جماعتوں کو انکا بائکاٹ کرنا چاہئے
0,بالکل ایسا ہی ہے بھائی۔۔۔ سیاسی دھرنا اور مذہبی اجتعمات پر دونوں پہ پابندی لگنی چاہییے
0,ٹھرکی سے یاد آیا کہاں ہے آجکل؟
1,اتفاق سے میں پرچہ حل کرنے کیلئے جارہاہوں ۔۔۔دو بجے پیپر ہء
1,جو چیز ﷲ نہ دے بندوں سے نہیں مانگنا چاہیے ۔۔
0,میں کب کا چکا ہوں ہوائیں مجھے نہ دو
0,ٹویٹر معاشرے کی تباہی اور تمام برائیوں کی جڑ ہے ، سعودی مفتی اعظم
0,اسے میرا، مجھے اس کاخسارہ۔۔۔۔ مار ڈالے گا
0,سہیل بخاری کا کہنا تھا کہ تعزیتی ریفرنس میں یاسین ملک کے قریبی دوستوں کی شرکت نہ کرنے پر انہیں بہت افسوس ہے
1,قادری صاحب سمجھ تے تسی گے ہو گے
0,پشاور میں آب درہ روڈ پر واقع پلازہ میں سلنڈر دھماکہ دھماکے میں خاتون سمیت 2ا فراد زخمی
1,کیا اس سے زیادہ بھی تماشے کی تمنا ھے تمھیں
0,صرف 16 فیصد کے بل زیادہ آئے ،انھوں نے بجلی زیادہ استعمال کی، خواجہ آصف
0,ابن ڈیزل ہواُکرے کوئی میرے درد کی دوا کرے کوئی
0,حق پرست رکن سندھ اسمبلی سمیتا افضال کی علالت پر جناب کا اظہار تشویش
1,:تبدیلی ڈول بجانے سے نہیں آتی ، عملی کام کرنے سے آتی ھے ،
0,کوہلی اور انوشکا کب شادی کررہے ہیں ، عامر خان کو بھی فکر لاحق ہوگئی via
0,گو نواز گوگو قادری گوگو شہباز گوگو ذرداری گوگو بلاول گوگو ۔۔۔
1,محرم الحرام کا چاند نظر آ گیا، یوم عاشورہ چار نومبر کو ہوگا
1,آسٹریلوی ٹیم پاکستان کے سکور سے اب بھی341 رنز پیچھے ہے ۔
0,شرمناک پراپگینڈامیرا بھائی جامع گجرات میں پڑھتا ہے اس نے تو ایسی کوئی رپورٹ نہیں دی اس نے
0,سابق چیف جسٹس پاکستان کو شدید خطرات لاحق via
0,پاک ایران گیس پائپ لائن پر امریکا نے پابندی عائد کررکھی ہے ،وزیر پٹرولیم»
0,قادری انکل نے جو کفن سِلوایا تھا نواز حکومت کے لیے وہ کہاں گیا؟
1,آسٹریلوی ماہرین کا طبی میدان میں اہم کارنامہ ، مردہ دل کی کامیاب پیوند کاری
1,"جوانوں حاضری لگانے کا وقت هو چکا هے ؟ ,آفواج پاکستان زندہ باد"
0,بڑے بے آبرو ہو کر تیرے کُوچے سے ہم نکلے ۔۔۔
0,چندے سے انقلاب اور عمران خان وزیر اعظم نہیں بن سکتے
0,دس روپے کے بعد یہ اب کالے بکرے کی سری بھی مانگیں گے ۔چندے سے انقلاب
0,مؤرخ لکھے گاکہ مملکتِ خداد پر ایسا کڑا وقت بھی آیا کہ ایک ڈی جے کو پالنے کیلیے کسی لیڈر کو چندہ مانگناپڑ گیا۔چندے سے انقلاب
1,عوامی تحریک کا دھرنا ختم ہونے پر اسلام آباد میں عید کا سماں
0,کو جواب دینا چائے اب هر غریب کارکنوں کو جو اپنا سب لوٹا کہ سابت قدم رهے ظالموں سے زیادہ ظلم کیا هے بغیر مشورہ لیے دهرنا ختم کر کہ
0,یہی دل تھا کہ ترستا تھا مراسم کے لئے اب یہی ترکِ تعلق کے بہانے مانگے ۔ ۔۔۔۔
1,السلام علیکم - باغ آزاد کشمیر سے کوئی ساتھی ہوں تو مجھے ان باکس کریں ۔ جزاک اللہ
0,ایم کیو ایم کو دھمکی آمیز خطوط بھیجے جا رہے ہیں ، رہ نما ایم کیوایم آصف حسنین
1,اے اللہ تیری ذات پاک ہے خوبیوں والیاور تیرا نام برکت والااور تیری شان اونچی ہے اور تیرے سوا کوئی معبود نہیں ۔<3
1,تیز بارش ہو ، گھنا پیڑ ہو ، اِک لڑکی ہوایسے منظر کبھی شہروں میں تو پائے نہ گئے
1,سردار بنے سے پہلے علم حاصل کرو، کہیں ایسا نہ ہو کہ سرداری کا غرور تمہیں طلبِ علم سے روک دے اور تم جاہل بن کر زندگی گذارو ۔ سیدنا عُمر فاروقؓ
0,چندے سے انقلاب انقلاب تو بهاگنا ہی تها جہاز سے کنٹینر سے جہاز ا
0,۔ تحریک انصاف ضمنی انتخابات میں حصہ نہیں لے گی،ترجمان شیریں مزاری۔ جی ہان مگر قبضہ مافیا اور لوٹوں کی حمایت ضرور کرے گی
1,"لاہور: سعد اختر بھروانہ ڈی آئی جی ٹریننگ تعینات،نوٹی فکیشن جاری"""
0,ٹریفک کے بہاﺅ میں خلل پیدا کرنے پر انسٹھ ،تجاوزات قائم کرنے پر سات مقدمات درج کرائے
0,بلوچستان میں جنگلی کتوں کو آزاد چھوڑنے کے بعد وزیر اعلی کہتے ہیں حالات کو خراب کرنے میں غیرملکی ہاتھ شامل ہے ۔
1,ایکس نیوز۰ محرم الحرام،ایکس نیوز کی جانب سے تمام مسلمانوں
1,دیکھو نعرے مت مارو اس نشئی عمران کا ذریعه معاش بتادواگر تمھیں پته ھے تو میں اس لاکھ درجے خود دار ھوں اپنی کھاتا ھوں
0,میں منٹو سے شرمنده هوں آج۔ ۔ ۔ دل چاہاکہ ترتیب ٹهیک کردوں ۔ ۔مگر امرتا پریتم سب سے نچلی شیلف میں دیکه کر دو آنسو حلق میں اتارے ۔
1,ہاں یہی احساس پیدا کرنا ہے
1,پاکستان مسلم لیگ ن کا یہ انتخابی ترانہ
1,نیوز پاکستان عوامی تحریک کے سربراہ طاہر القادری بیرون ملک جائینگے : : :
0,لاہور: چھاپہ مار ٹیم نے موقع سے مردار گوشت ھی برآمد کرلیا۔ عائشہ ممتاز
0,*لیکن ہم نے جنگلا بس بنانی ہے *ملتان میں پینے کا صاف پانی نہیں لیکن ہم نے جنگلا بس بنانی ہے ۔ملتان میں ساری سڑکیں ۔۔۔
1,لگ تو یو ہی رہا ہے کہ پاکستان میچ آسانی سے جیت لے گا
1,تمام مسلمانوں کو نیا اسلامی سال مبارک ہو۔
0,اورنگی ٹاؤن کے 2 بچوں میں پولیو وائرس کی تصدیق
1,حسان ریاض جیت نہیں رہا-حسان ریاض جیت گیا ہے -مبارک ہو مبارک ہو مبارک ہو
1,انقلاب کی لغت میں مایوسی اور بے یقینی نہیں ہوتی۔ ڈاکٹر طاہر القادری انقلاب آنے کو ہے
1,میں ڈیزل ڈیزل کردی آپے ڈیزل ہوئی ۔۔
1,مجھے ایسا لطف عطا کیا، جو ہجر تھا نہ وصال تھامرے موسموں کے مزاج داں ، تجھے میرا کتنا خیال تھاکسی اور چہرے کو۔۔۔
0,ایم کیو ایم کا سندھ حکومت کے بعد آزاد جموں کشمیر حکومت سے بھی علیحدگی کا اعلان ۔ڈاکٹر فاروق ستار
0,نہیں میں شیو نہیں کرتا، صرف ٹویٹ کرتا ہوں بغیر ٹائپو والی ؛ڈ
0,دھرنا ختم کرنے پر عوامی تحریک کے کارکن رو پڑے ۔۔۔۔۔یہ خبر ایسے لوگ بھی شئیر کر رہے ہیں جو دن رات یہ کہا کرتے تھے ۔۔۔
0,اللہ آپ کا بھلا کرے ۔ یہی حضرت ہیں ۔آج بھی اسی حلیے میں تھے ۔ یہ فیصلہ کرنامشکل تھاکہ بدبوکامرکزکچراتھایا ان صاحب کے کپڑے
0,چھاپہ مار ٹیم نے ٹاپ ٹریٹمنٹ کے نام سے قائم فیکٹری کو سیل کردیا
1,تمام اہل اسلام کو نیا اسلامی سال مبارک ہو ۔الله پاک یہ سال ہمارے لیئے رحمتوں اور برکتوں کا باعث بنائے ہمارے حال۔۔۔
1,زاہد‘ یہ میری شوخیِ رندانہ دیکھنا!رحمت کو باتوں باتوں میں بہلا کے پی گیاسر مستیِ ازل مجھے جب یاد آ گئی دنیائے اعتبار کو ٹھکرا کے پی گیا
0,پیتل کی بالیوں میں بیٹی بیاھ دی اس نے باپ کام کرتا تھا سونے کی کان میں
0,ایم کیو ایم کا سندھ حکومت اور آزاد کشمیر حکومت سے علیدگی کا علان فاروق ستار
1,عوامی تحریک کے رہنماء کی کارکنوں کو آبائی علاقوں میں جا کر بلدیاتی انتخابات کی تیاری کرنے کی ہدایت
0,پاکستان کی قومی کرکٹ ٹیم کے سابق کپتان شعیب ملک کا باوٴلنگ ایکشن بھی مشکوک قرار دے دیا گیا، روزنامہ اُردو پوائنٹ
1,مبارک ہو۔ ہمیں آپ پہ فخر ہے ۔الله آپکو مزید کامیابیاں عطا فرمائے ۔آمین
0,رو عمران رو ۔۔یہ قوم بے حس۔۔ڈھیٹ ۔۔اور بے غیرت ہو چکی ۔اسے احساس نہیں ہو سکتا کے کرپٹ حکمران انکے ساتھ کیا کرتے
0,لوگوں پر ایک ایسا زمانہ آنے والا ہے کہ جس میں آدمی کو پرواہ نہیں ہوگی کہ جو وہ لے رہا ہے آیا کہ حلال ہے یا حرام(صحیح بخاری)
1,ابھی تو پارٹی شروع ہوئی ہے
0,قادریBVسے بولے ۔۔۔ڈاکٹر نے مجھے دانتوں میں کیڑا بتایا ھے بیوی ڈاکٹر نے آپکو بماری تو سہی بتائ پر جگہ غلط بتادی ہنسنا منع ہے الوداع انقلاب
1,ﺁﺧﺮﯼ ﻓﺘﺢ ﺧﺎﻣﻮﺷﯽ ﮐﯽ ﮨﻮﺋﯽ ۔۔ﺍﻭﺭ ﺁﻭﺍﺯ ، ﻓﻨﺎ ﮨﻮ ﮔﺌﯽ ۔۔۔
1,پراٹھے ، مچھلی، چائے عمران خان کے ساتھ
1,لاہور: عوام نے مینڈیٹ دیا ہے دھرنوں سے فرق نہیں پڑتا۔ صوبائی وزیر قانون
0,ایبولا وائرس سے ہلاکتوں کی تعداد 4 ہزار 877 ہوگئی، ڈبلیو ایچ او
0,سمارٹ فون کے عادیوں کے لیے ڈجٹل ڈیٹاکس کیپ: ڈیجیٹل کھلونوں کي لت میں مبتلا بعض لوگ اپنے علاج کے ۔۔۔
1,وزیر اعظم کی زیر صدارت پارلیمانی رہنماؤں کا اجلاس
0,پانچ فیصد دیوبندی تکفیری اقلیت کی پچھتر فیصد سنی بریلوی صوفی اکثریت کے خلاف دہشت گردی کب تک؟ – فاروق چشتی
0,تم پھر نہ آ سکو گے بتانا تو تھا مجھے تم دور جا کے بس گئے میں ڈھونڈھتا پھرا
0,میں کیمیا پڑھ پڑھ کے تنگ آچکی ہوں ۔
1,سلسلہ وار پڑھنے کے لیے
1,تو کٹڑ مسلمان بن جا بھائی
0,کرکٹ کی الف ب نہیں پتہ تو جنونی ہونے کا فائدہ کیا ،،وہ سلیم یوسف ہے
1,هم اپنے حصے کا پاکستان ساتھ لائے ، پهلے پاکستان بنایا پهر یهاں آئے ، خواجه اظهار ایم کیو ایم
0,چندہ نہ دینے والے جانور ہوتے ہیں (بالوزن جو سیاسی نہیں ہوتا، وہ جانور ہوتاہے )فرمودات فریڈرک عمران اینجلز خان
1,نو منتخب امیر جماعت اسلامی ضلع اٹک اقبال خان حلف لے رہے ہیں ۔۔
1,اچھا اچھا صدر میں گھوم رہیں وہاں میرے پُھپُھا کی دُکان تھی لائف بُکس کے نام سے اور کراچی کمپنی میں فاران بُکس کے نام سے
1,آپؓ کا اسم گرامی ’’عمر‘‘ لقب ’’فاروق‘‘ اور کنیت ’’ابو حفص‘‘ ہے ۔ سیدنا عمرؓ کا نسب مبارک نویں پشت پر سیدنا محمد ﷺ سے جا ملتا ہے ۔سیدنا عمر
1,حضرت مولانا محمود اشرف عثمانی صاحب مدظلہ حاجیوں کیلئے چند ھدایات
0,مارڈالے گایہ احساس مجھے اجنبی ہوگیا لہجہ اپنوں کا
1,بالی وڈ اداکارہ ریکھا سپر نانی بن گئیں
0,آپ میں سے وہ جنہوں نے جنرل ضیاع ال یک کا دور دیکھا ہے ، جان سکتے ہیں کہ ہم لوگ کس کرب سے گزرے ہوں گے پچھلی دو ٹویٹس ملاحظہ ہوں
0,مریم نواز کی یوتھ لون اسکیم کی چیرپرسن تعیناتی کے خلاف درخواست کی ہائیکورٹ میں سماعت
0,ڈیزل ہیں تیری آنکھیں دھرنا ہے تیری چیخیں ۔
0,: مولانا ڈیزل سے ڈیزل خان تک کا شرمناک سفرڈیزل آ نہیں رہا ، ڈیزل آ گیا ہے
1,عمران بھائی اپ کے لطیفوں پر تو اب لوگ کا فی زور کا ہنستے ہیں ۔ آپ اپنے شوز کا ٹکٹ لگا لیں پیسے مل جائیں گے اور مانگنے کی شرمندگی بھی نہ ہو گی
0,جناب اسپیکرلاہور میٹرو بس منصوبہ ایک ارب 65 کروڑ 87 لاکھ روپے سالانہ خسارے میں چل رہا ہے ، دستاویز
1,الٰہی محبوب کل جہاں کو دل و جگر کا سلام پہنچے نفس نفس کا درود پہنچے ، نظر نظر کا سلام پہنچے صلی اللہ علیہ وسلم
1,ﺑﮩﺘﺮﯾﻦ ﻟﻮﮒ ﺑﮩﺘﺮﯾﻦ ﻧﯿﺖ ﺭﮐﮭﺘﮯﮬﯿﮟ ﺟﺲ ﮐﯽ ﻭﺟﮧ ﺳﮯﺭﺏ ﺍﻥ ﮐﮯ ﺗﻤﺎﻡ ﮐﺎﻣﻮﮞ ﮐﻮ ﺳﻨﻮﺍﺭ ﺩﯾﺘﺎ ﮬﮯ،ﺍﻭﺭ ﺟﺲ ﮐﺎﻡ ﮐﻮ ﺭﺏ ﺳﻨﻮﺍﺭ ﺩﮮ ﺍﺳﮯ۔۔۔
1,PTI کی یہ اچھی پالیسی ہے کہ مختلف بہانے کرکے کسی کیس کو تاخیرمیں ڈالتے رہو اور عوام کے سامنے معصوم بن کرجھوٹ بولتے رہو کہ ہمیں تو انصاف نہیں مل رہا
0,: نواز شریف کے استعفے کے بغیر کنٹینر سے نہیں نکلوں گا - عمران خان (جھوٹے ہر روز نکلتا ہے بنی گالا بھی جاتا ہے :پ)
0,میں سُوت کے دھاگے کی طرح ٹوٹ گيا تھاوہ چرخہ گھمائے گی تو کچھ یاد کرے گی
1,نومنتخب ضلعی ذمہ داران جماعت اسلامی راولپنڈی جنرل سیکرٹری راجہ جواد احمد ۔نائب امراء سجاد احمد عباسی ۔ابو عمیر۔۔۔
1,ابھی تک اسکی لہریں کبھی کبھی آ جاتی ہیں یار :أْ
0,بھارتی الیکشن کمیشن کامقبوضہ کشمیرمیں نام نہاد انتخابات کا اعلان: نئی دہلی۔۔۔۔۔۔بھارتی الیکشن ۔۔۔
1,دنیا گول هے چندے سے چندے تک کا سفر۔۔۔۔چندے سے انقلاب
1,کوئی بھی شخص اس غلط فہمی میں نہ رہے
0,آج ایک پٹواری کہتا اسلام کہتا ہے اگر کوئی گھر سے بھاگ کے غلط کام کر لے تو انکی آپس میں شادی کروا دو۔یہ کونسا اسلام ہے ؟
0,لاہور: طاہر القادری کی ماڈل ٹاون مِن واقع رہائش گاہ کے اطراف سیکورٹی الرٹ۔
1,چندے سے انقلاب لانا تھا تو سیاست میں چھولے کھانے آئے ہو ؟؟؟
1,اج بهت سے لوگو کو طاهر القادری کا فیصله سمج نهی ایا، کل پهر انهی لوگو کا کهنا هو گا طاهر القادری ڻهیک کهتے تهے ۔
0,کادری کو یہاں سے دھکا دینا چاھیئے ۔
1,اگر خیبر پختونخوا میں کوئی کام ھوا ھوتا تو پھر عمران کے دھرنوں کا جواز بن سکتا تھا
1,کراچی: ہم نے پہلے پاکستان بنایا اور پھر پاکستان ہجرت کی ،خواجہ اظہار الحسن
1,4 سال بعد مگر انصاف مل گیادہلی کی ایک عدالت نے اجتماعی ریپ کیس کے تمام پانچ قصورواروں کو عمر قید کی سزا سنائی ہے
1,اگرچہ انسان کو مقدر سے زیادہ رزق نہیں ملتا لیکن رزق کی تلاش میں سستی نہیں کرنی چاہیے ۔
0,ﺍﻧﺴﺎﻥ ﺑﮍﺍ ﮨﯽ ﺳﺨﺖ ﺟﺎﻥ ﮨﮯ ۔ ﺟﺲ ﺑﺎﺕ ﮐﺎ ﺗﺼﻮﺭ ﺑﮭﯽ ﺑﺮﺩﺍﺷﺖ ﻧﮩﯿﮟ ﮐﺮ ﺳﮑﺘﺎ ۔ ﺟﺐ ﻭﮦ ﺣﻘﯿﻘﺖ ﺑﻦ ﮐﺮ ﭨُﻮﭦ ﭘﮍﺗﯽ ﮨﮯ ﺗﻮ ﭼُﭗ ﭼﺎﭖ ﺑﺮﺩﺍﺷﺖ ﮐﺮ ﻟﯿﺘﺎ ﮨﮯ۔۔۔!
1,جس کو اللہ کے نبی ﷺ نے شہادت کی خوشخبری دیدی۔
1,"سرچ انجن گوگل کے نائب صدر نے فضا میں ، 130,000 فٹ کی بلندی پر چھلانگ لگا کر عالمی ریکارڈ قائم کرلیا۔ چھلانگ کی۔۔۔"
1,دبئی ٹیسٹ یونس خان کے نام ٹیسٹ کے دونوں اننگز میں سنچری لگاکر پاکستان کی تاریخ میں سب سے زیادہ سنچریاں بنانے والے کھلاڑی بن گئے
0,مضبوط کرپٹ مافیا کا کون کیا بگاڑ سکتا ہے ۔ بس اللہ ہی اس ملک اور عوام پہ اپنا رحم فرمائے ۔ آمین۔
1,اے اللہ اس ملک کے محسن عمران خان کو کامیابی عطا فرما اسے کبهی اپنے مخلوق کے سامنے نہ جهکاہمیں اسکا ساتھ دینے کی توفیق عطافرما
1,کھیل اور نماز الگ الگ ھیں اپ زرا پڑھا کریں ۔مینڈک اچھے نھیں ھوتے !!
1,": ساے جتنی ھے ملکیت سب کی ,⁰⁰باقی جو ھے تجاوزات میں ھے ۔"
0,دیکھیں یہ بات بالکل درست ھے ۔ سڑکیں بلاک کرنا کسی طور درست نہیں ۔ لیکن انکا نام ٹویٹر پر یا حقیقی زندگی میں احترام سے لینا چاھئے ۔
0,میں چاھتا بھی یھی تھا تو بے وفا نکلے ۔تجھے سمجھنے کا کوئی تو سلسلا نکلے !!
0,اب سمجھ آرہی ہے ، انہی مولویوں کو نبی کریمﷺ کے وارث سمجھتے تھے آپ لوگ،آیؑ عقل ٹھکانے ؟
1,جو ھو سکے تو تنہائیوں میں پڑھ لینا تمہارے لئے دل کی کتاب لایا ھوں ۲/۲
1,حلقہ خواتین کے تحت ملک بھر میں اجتماع عام کے سلسلے میں بریفنگ اور ملاقاتوں کا سلسلہ جاری
1,خدا کے لیے کوئی کینڈی کرش ساگا گیم کھیلنے کے لئے جو لوگ مجھ کو انوائیٹ کرتے ہیں ان سے جان چھڑوائے خدا لئے ۔۔۔
1,ﺩﺑﺌﯽ ﭨﯿﺴﭧ : ﮐﮭﺎﻧﮯ ﮐﮯ ﻭﻗﻔﮯ ﭘﺮ ﭘﺎﮐﺴﺘﺎﻥ ﮐﮯ 2 ﻭﮐﭧ ﭘﺮ 50 ﺭﻧﺰﺍﻇﮩﺮ ﻋﻠﯽ 24 ﺍﻭﺭ ﯾﻮﻧﺲ ﺧﺎﻥ 14 ﺭﻧﺰ ﭘﺮ ﻧﺎﭦ ﺁﺅﭦ
0,شامی صاحب تو ایڈیٹر اور تجزیہ نگار ہیں میں رپورٹر ہوں جو اینٹ اٹھاتا ہوں بڑے بڑے کرپشن سکینڈل نکلتے تو میں جذباتی کیوں نہ ہوں :رؤف کلاسرا
0,جدو جہد جہاں نہ ھو، وہاں مقدرات حکومت کرتے ھیں ۔فرمانِ خلیفہ
1,؛راولپنڈی:فتح جنگ کے قریب مسافروین کی ٹینکر سے ٹکر دو بچے جاں بحق،دس افراد زخمی، زخمیوں میں چار خواتین بھی شامل، زخمی تحصیل ہیڈ کوارٹر اسپتال منتقل
1,کس نے کھیل کھیلا ہے ، کس نے ہجر جھیلا ہے اب گزر گیا جاناں اس سوال کا موسم
0,ہیں ؟؟ کیا ہاتھا پائی پر اتر آئے آپ لوگ :ڈ
1,: اللہ تعالیٰ ہمیں باعلم اور باعمل بزرگانِ دین کی صحبت نصیب فرمائیں تاکہ ہماری اخلاقی تربیت ہوسکے اور گناہ کے ارادوں کا وہ علاج کرسکیں ۔
1,آپ کی بات ٹھیک ہو سکتی ہے ،کیونکہ یہ تو کویؑ خاتون ہی صحیح حقیقت حال واضح کر سکتی ہے ۔شکریہ
0,یہ دن بھی آنے تھے خچروں کو ہیروں کے درمیاں لا کھڑا کیا جاوے گا
0,تمہیں انقلاب کا واسطہ میرے چھوٹے چھوٹے دھرنے ہیں چندے سے انقلاب
1,اسلام آباد میں محرم الحرام کا چاند نظر آ گیا۔ نیا اسلامی سال مبارک ہو۔ ہم سب کے لیے برکت اور آسانی کا باعث بنے ۔آ مین
0,راولپنڈی :ترقی کی بجائے تنزلی کی رفتا ر بہت تیز ہے کرپٹ اشرافیہ اپنے بیرون ملک اکاؤنٹس کو بھررہی ہے جماعت اسلامی۔۔۔
0,پاکستانی قوم جاگ گئی ھے کہ ڈیزل کی قیمتیں کیوں بڑھ گئی ہیں
1,24 گھنٹے بجلی آنے والی ہے
0,آج قادری صاحب نے کچھ عمران خان سے مایوس ہو کر اور کچھ ڈیل کے نتیجے میں اپنا دھرنا ختم کر دیا- اس فیصلے کے کئی۔۔۔
0,بجلی کی قیمتوں میں 52پیسے فی یونٹ اضافے کا امکان
0,کمال کی داستان ہے سنو میں نے جس کے لیے سب کو چھوڑا دیا اس نے مجھے چھوڑ دیا
1,دیکهی ہیں جب سے ہم نے نذریں اتاریاں ہیں سارے جہاں سے اچهی آنکهیں تمہاریاں ہیں
0,گلی میں پھرتا ھے رات بھر کوئی۔۔۔۔۔ گلے میں نیند کا تعویز ڈالے ھوئے ۔۔۔!!
1,سائن آوٹ کرو اور کوئی اچھی سی کتاب پڑھو۔آپ زیادہ آوٹنگ نہیں کرتے شائد۔ ٹویٹر سے باھر بھی نکلا کرو ۔
0,: ڈھائی سو ارب روپے سگریٹ میں پھونک دیے ۔۔۔۔جو مفت کے پیئے ؟؟
0,جو طلب پہ عہدِ وفا کیا، تو وہ آبروئے وفا گئسرِ عام جب ہوئے مدّعی تو ثوابِ صدق و صفا گیا
1,لگتا ھے مونس الٰہی کو قادری صاحب نے خصوصی دعا سے نواز دیا ھے ۔ ۔ :)
1,افغانستان: آخری امریکی اور برطانوی دستوں کا آپریشن ختم کرنے کا فیصلہ
1,بہت سے داغی آئے اور گئے لیکن کپتان اب بھی قوم کے ساتھ اسی جذبے سے کھڑاھے
0,پروفیسرغلام اعظم کی شہادتحکومت رویہ درست کرے ۔ حمید گلمحسنوں کو بھولنا بدنصیبی ہے ۔ اسلم بیگعوامی لیگ نے ۔۔۔
0,سید تو خود مہاجر ہیں ، خورشید شاہ کیسا سید ہے جسے اپنے سید ہونے پر ندامت اور جاگیردار ہونے پر فخر ہے ؟
1,: ایم کیو ایم کو منانے کی کوئی کوشش نہیں کی،رحمان ملک گویا اس بار خود ہی ذلیل ہو کہ واپس آ جاویں گے جیسے طاھر کینیڈوی ذلیل و رسوا ہو کہ آ گئے
1,اسلام علیکم الله آپ کو خوش اور سلامت رکھے ۔آمین۔ صبح جمعہ مبارک!
0,پھر نون لیگی کیسے جھیلتی ہیں ؟ وہ تو بہت عجیب ہیں ۔ ہر وقت ہی سڑے سڑے رہتے ہیں
0,لاہور: جانوروں کا گوشت بھی قبضہ میں لے لیا گیا۔
0,وہ رفاقتیں نہیں بھولے کہ تیرے بغیر ایک لمحہ بھی بہت سوگوار ھوتا تھا
0,"رقص کرنا ہے تو پھر پاؤں کی زنجیر نہ دیکھشاہ,"
0,جسٹس منصور علی شاہ نے ریمارک؟؟ دیئے ،بتایا جائے عوامی ٹیکسوں سے حاصل ہونے والی رقم کس طرح سیاسی مقاصد کے لئے استعمال کی جا سکتی ہے
0,ایک دن مرنے کے لیے ساری زندگی جینا پڑتا ہے
1,اے شفقت اے ھن جناب دیناراض نا ہونا مرا ویر
0,جب زخم ناسور بن جائیں ’ تو زخم لگانے والے کو فراموش کرنا نا ممکن ہوجاتا ہے ۔ یہ بات وہی سمجھ سکتا ہے جو زخم اٹھاتا ہے ۔
0,ایم کیو ایم کا ملک گیر یوم سیاہ۔۔۔۔
0,بن بلائے آجاتا ہے کبھی سوال نہیں کرتایہ تیرا خیال آخر کیوں میرا خیال نہیں کرتا
1,کوئٹہ:دہشتگردی کا بڑا منصوبہ ناکام،دھماکا خیز مواد برآمد
0,بتاوُ کیسا لگتا ہے ؟ کسی ویران رستے پر کسی انجان رستے پر کسی کا ساتھ مِل جاناخوشی کے پھول کِھل جانابتاوُ کیسا۔۔۔
1,مفتی محمود نے کہا تھاخدا کا شکر، ہم پاکستان بنانے کے گناہ میں شامل نہیں تھے پھر مفتی صاب مغربی جمہوریت کا حصہ دار بن کرسرحد کے وزیر اعلی لگ گئے
0,ﺍﺳﻼﻡ ﺍٓﺑﺎﺩ ﻣﯿﮟ ﻗﺎﺩﺭﯼ ﺩﮬﺮﻧﮯ ﮐﯽ ﺍٓﺧﺮﯼ ﺭﺳﻮﻣﺎﺕ ﺟﺎﺭﯼ ﮨﯿﮟ،ﺍﺱ ﮐﮯ ﺑﻌﺪ ﻗﻞ 23ﺍﮐﺘﻮﺑﺮ ﮐﻮ ﺍﯾﺒﭧ ﺍٓﺑﺎﺩ ﻣﯿﮟ ﮨﻮﮔﺎﺍﻭﺭ ﭘﮭﺮ ﮨﺮ ﺷﮩﺮ ﻣﯿﮟ ﻣﺰﯾﺪ ﺭﺳﻮﻡ ﮨﻮﻧﮕﯽ ۔
1,سائنسدانوں نے حیرت انگیز ’’طلسماتی چھتری ایجاد کرلی via
1,پنجاب میں ہونے والے ضمنی الیکشن میں حصہ لیں گے : طاہر القادری - سچ ٹی وی
0,چیچہ وطنی: حکام کی عدم توجہی، امراض قلب یونٹ میں تالے پڑ گئے
1,چابی والا بابا ڈیزل خان سے گیم کر گیا۔ ضمنی انتخابات میں تحریک الزام کی خالی سیٹوں پر الیکشن لڑے گا جس کو تحریک انصاف مجبوراً سپورٹ کرے گی
1,لوگو ! کتاب کا خزانہ ہو جاؤ اور علم کے چشمے بن جاؤ اور روزانہ اللہ سے روزی مانگو۔ اگر تمہارے پاس بہت زیادہ روزی نہیں تو کوئی نقصان نہیں عمرؓ
1,بنوں میں دوستانہ میچ آئی ڈی پیز کی شاہد آفریدی الیون نے جیت لیا
1,ساقی تیری محفل میں ہم کچے جام اچھالیں گے جب ڈی چوک میں جائیں گے ڈیزل سے نہا لیں گے چندے سے انقلاب
1,صاف چلی شفاف چلی۔۔۔ تحریکِ انصاف چلی
0,ﻋﺎﻟﻤﯽ ﺍﺳﺘﻌﻤﺎﺭ ﺍﻣﺮﯾﮑﺎ ﻭ ﺍﺳﺮﺍﺋﯿﻞ ﺍﻭﺭﺍُﻧﮑﮯ ﻧﻤﮏ ﺧﻮﺍﺭ ﺳﻌﻮﺩﯼ ﻋﺮﺏ ﮐﮯ ﺳﯿﻨﮯﻣﯿﮟ ﺧﻨﺠﺮ ﮐﯽ ﻣﺎﻧﻨﺪ ﻣﺎﮦ ﻣﺤﺮﻡ، ﺻﻔﺮﺍﻭﺭ ﺭﺑﯿﻊ ﺍﻻﻭﻝ۔۔۔
1,برطانوی فوج نے افغانستان میں آخری اڈاہ بھی خالی کردیا
1,تو میں کب کہہ رہا ہوں ایساوہ تو صحیح اور غلط کی لڑائی تھی
0,کراچی میں تمام نیوز چینل کی بندشایم کیو ایم اور پاکستان مسلم لیگ زندہ بادپاکستان ملک ہے شہنشاہوں کا بدمعاشوں کا
0,دبئی ٹیسٹ: پاکستان کے دونوں اوپنرز 7 رنز پر آؤٹ: دبئی ٹیسٹ میچ میں پاکستان ٹاس جیت کر آسٹریلیا۔۔۔
0,امریکا:ویسٹ پام بیچ کے علاقے میں بارش سے نظام زندگی متاثر
1,حضرت عمرؓ اکثر کہا کرتے تھے اے عمرؓ تجھے تو اونٹ چلانے نہ آتے تھے آج اسلام نے تجھے کہاں پہنچا دیا
0,صحرائے سینا میں ہنگامی حالت کا نفاذ: مصر کی حکومت نے میں دو مختلف حملوں میں 31 فوجیوں کی ہلاکت۔۔۔
0,اس کی خاطر ھم نے اس کو چھوڑ دیا
0,جس دن ہم میں دین کا فہم پیدا ہو جائے گا اس دن سارے مولویوں کو اپنی اپنی دوکانیں بند کر کے بهاگنا پڑ جائے گا!
1,اس عمر کے مرتبے کا میں کیا تذکرہ کرسکتا ہوں کہ جس کے ہونٹوں سے نکلے الفاظ کو خدا قرآن بنا کر اتار دیتا ہے ۔سیدنا عمر فاروق رضی اللہ عنہ
0,انٹرنیشنل اسکواش، عامر اطلس ٹائٹل کے حصول سے محروم رہ گئے
0,انل نریندر: بچوں کے جنسی استحصال کے بڑھتے واقعات باعث تشویش مس۔۔۔
1,لاہور: مدعیہ کا پسند کی شادی والا بیان برقرار۔
0,"پاکستان میں "" تعلیم"" کہاں ؟؟"
0,: سانحہ ہزارہ کے ملزموں کو جلد از جلد گرفتار کیا جائے گا :عبدالمالک بلوچ
0,ایدھی سنٹر میں ڈاکے کا مرکزی ملزم سابق ملازم نکلا
0,ایک مشورہ ھے ۔۔۔۔ چندے سے انقلاب تو ممکن نہیں بنی گالا کا کنکشن شاید بحال ھوجائے ۔۔۔۔ یا پھر پختون ڈیزل ھی سے کام چلایے ۔۔۔
1,ریاست خلافت اسلام کی محافظ اور مسلمانوں کے امور کی نگہبان ھوتی ھے اگر ان دونوں فرائض کی ادائیگی کو ترک کرتی ھے تو۔۔۔
0,بریکنگ :- سلیم کی گرفتاری کیلئے لیاری اورکورنگی میں چھاپے مارے گئے ،پولیس ذرائع
1,عمران خان کنٹینرسے نکل کراس کی چھت پر پہنچے اورکئی لمحے طاہر القادری کے کنٹینرکی طرف لوگوں کوسامان باندھتا دیکھتے رہے ۔
1,کھجور اور بلغم : بلغمی مزاج کے لوگ اگر دن میں پانچ کھجوریں کھائیں تو بلغم ختم ہوجاتی ہے ۔
1,نئی نظریاتی ونگ کا سہرا اسی کو جاتا ہے آزادی مارچ نے کامیابی سے نظریاتی۔۔۔
1,تمام مسلمانوں کو نیا اسلامی سال مبارک ۔۔۔شہادت امیر المومنین سیدنا فاروق اعظم علیہ السلام اور سیدنا حسین علیہ السلام پر ہدیہ تعزیت
1,کیا کوئی دوست پاکستان کے ٹیسٹ میچ کے بارے میں بتا سکتا هے ۔ ساتھ ٹائم لازم لکھنا
0,: ایک پنجرے میں چھ طوطے ایک طوطی کو چھیڑ رھے تھے ۔ جبکہ دوسرے پنجرے
1,تین چیزیں محبت بڑھانے کا ذریعه ھیں )1( سلام کرنا )2( دوسروں کے لیے مجلس میں جگه خالی کرنا )3( مخاطب کو بھترین نام سے پکارنا )حضرت عمر (
0,منہ توڑ جواب! پاگلوں کا جنگی جنون اور معصوم لوگوں کا قتلِ عام! بس یہی ہے وہ کہانی۔۔۔
0,تحفظات دور کرنے کی بجائے معطل کر دیا گیا : جاوید نسیم
1,دانستہ چھوڑ جاؤں گا میدان ، اور تُمہارے ہوئے رہو گے ، اگر جیت بھی گئے
0,"""مر گئے مردود نہ ڈیزل نا امرود""نه سرمه سندور"
1,انشا جی اٹھو اب کوچ کرو اس شہر میں جی کا لگانا کیا ہاہاہا اور یہ کہ کر قادری صاحب شہر اقتدار پر بہت بڑا احسان کر گے
1,پی ٹی آئی کا استعفے واپس نہ لینے کا اعلان
1,خاتو ن جج کو کمرہ عدالت میں کرکٹ سیکھنی پڑگئی
1,رَبَّنَا وَتَقَبَّلْ دُعَاءاے میرے رب اور تو میری دُعا قبول فرما آمین یا رب العالمین
1,جمعه مبارک ، دعا میں یاد رکھیں ،شکریه
0,جان ليوا تهيں خواهشيں ورنہوصل سے انتظار اچها تها
1,دیکھ کر جو ہمیں چپ چاپ گزر جاتا ہے کبھی اس شخص کو ہم پیار کیا کرتے تھے
1,چندے سے انقلاب لانے سے بہتر ہے کے ہم کسی مستحق کی امداد کریں اور اسکی زندگی کو خوشحال کر دیں -
1,ﺑﻴﺸﮏ ﺍللہ ﻟﻮﮔﻮﮞ ﭘﺮ ﮐﭽﮫ ﻇﻠﻢ ﻧﮩﻴﮟ ﮐﺮﺗﺎ ﮨﺎﮞ ﻟﻮﮒ ہیﺍپنی ﺟﺎﻧﻮﮞ ﭘﺮ ﻇﻠﻢ ﮐﺮﺗﮯ ﮨﻴﮟ ﺳﻮﺭﮦ ﯾﻮﻧﺲ 44
1,ميری پرواز جاں ميں حائل ہے سانس ٹوٹے ہوئے پروں جيسی دل کي بستی ميں رونقيں ہيں مگر چند اجڑے ہوئے گھروں جيسی
1,حضرت امام حسین رضی اللہ عنہ
0,پہلے دو تین گھونٹ کے بعد چائے بس گرم میٹھا پانی ہی رہ جاتی ہے
1,کاش مجھے ڈیزل مولانا بنایا ہوتا یا دھرنے سے قادری کی جگہ مجھے اٹھایا ہوتا
0,نیوز چینلز کے پرائم ٹائم پر لایا گیا انقلاب اٹھ گیاخطرہ ہے انقلاب کے روح رواں قبض شکار نہ ہوں لہذا وقت پر اسبغول پی لیا کریں
0,مریم نواز کی بحیثیت چیئرپرسن یوتھ لون اسکیم تقرری پر وفاقی حکومت سے جواب طلب: ہائی کورٹ نے …
1,کو ئی بات نہیں سب ٹھیک ہوجائیں گے
0,افسوس صد افسوس 6 ماہ کا ایان بھی چل بسا
0,28 سال کی عمر میں بھٹو پہلی مرطبہ منظر عام پر آیا جنرل ایوب خان کی حکومت کا وزیر پٹرولیم بن کے ۔ یعنی اپنی محنت سے نہیں ۔
0,استعفیٰ کی بعد تو ہم پارلیمنٹ سے ہی باہر ہو جائیں گے قادری کی طرح ہمیں شرپسند عناصر کہا جائے گا
1,سمارٹ فون کے عادیوں کے لیے ڈجٹل ڈیٹاکس کیپ متعارف۔
1,تئیس اکتوبر کو عوامی تحریک کے جلسے کے لیے ایبٹ آبادجاؤں گا،طاہر القادری
0,ڈآکٹر دانش ( سوال یہ ہے ) اے آر وائی کا ٹیوٹر اکائونٹ ہیک ہو گیا ہے کوئی بھی شخص ان کو ٹیوٹ نہ کر ے اور نہ ہی۔۔۔
1,مٹھائی ہم امپائر کی انگلی کھڑی ہونے کے بعد کھائیں گے پہلے جنریٹر کے لئے ڈیزل منگوا لوں
1,تاریخ سے سبق سیکھو
0,اپنے باپ شوبازشریف کو بول پہلے وہ پنجاب کو بچالے اور تو اپنی بجلی پر توجہ دے ۔ ماما نا بن خیبر پختونخواہ کا۔جعلی معزز بهڑوے سالے
0,"ا عمران خان کو ان دنوں شیدے کو دور بھگا دینا چاہیے جب ,اسکے بیٹے پاکستان میں ہوں ، یہ چھڑے چھانٹ اخلاقی گراوٹ کا شکار ہوتے ہیں ۔"
0,ہاہاہا ہزارہ تو کھڑا ہے کیا حضرت صاب بھی کھڑے ہیں یا انہیں بھی رُلانے کا پلان ہے ؟؟؟
1,عوامی ٹیکسوں سے حاصل ہونے والا پیسہ سیاسی مقاصد کے لئے استعمال نہیں کیا جاسکتا : لاہور ہائیکورٹ
0,ﻻﮨﻮﺭ:ﺷﮩﺮﻣﯿﮟ ﻣﺮﺩﮦ ﺟﺎﻧﻮﺭﻭﮞ ﮐﮯ ﮔﻮﺷﺖ ﮐﯽ ﻓﺮﻭﺧﺖ ﮐﺎ ﺍﻧﮑﺸﺎﻑ ﻓﺮﻭﺧﺖ ﮨﻮﻧﯿﻮﺍﻟﮯﮔﻮﺷﺖ ﻣﯿﮟ ﻣﺮﺩﮦ ﮔﮭﻮﮌﮮ ﺍﻭﺭﮔﺪﮬﮯ ﮐﺎ ﮔﻮﺷﺖ ﺑﮭﯽ ﺷﺎﻣﻞ
0,بھنگ کا نشہ ہے کہ اترتا ہی نہیں ہے ۔۔۔۔۔۔۔۔۔
0,ظلم آ سدھو سانوو
1,جی دوستوآج کاسوال; کیمرہ کس نے ایجاد کیا؟ جواب دیں انعام جیتیں ،
0,قادری صاحب اور ڈیل ، ہرگز نہیں ۔
1,پشاور: حزب اختلاف کی جانب سے محمد علی شاہ کا نام سامنے آیا۔
1,یونس خان کی ریکارڈ ساز سنچری کے بعد آسٹریلیا کو دبئی ٹیسٹ جیتنے کے لیے 438 رنز کا ہدف درکار
0,فقیری اچھی پروہ جوآپ کولوگوں سے بے نیاز کردے نا کے وہ فقیری جس میں آپ لوگوں کی نیاز کے ہوں محتاج اور ہاتھ پھیلاتے پھریں سب کے سامنے
1,۔کیا زبردست دن تها آج پاکستان کرکٹ ٹیم کے لیے ۔۔پہلے تو احمد۔۔۔
1,نیلے پاسپورٹ کی حفاظتی چھتری تلے رہنے والے لوگ
1,اووووووئے پاکستانیوں دس بیس روپے چندہ دو مجھے ، تمہارے لئے دھرنے دے رہا ہوں ! اگر آ نہیں سکتے ، چندہ تو دے سکتے ہو ناں !!!!چندے سے انقلاب
1,ﻣﺎﺩﺭ ﺟﻤﮩﻮﺭﯾﺖ ﺑﯿﮕﻢ ﻧﺼﺮﺕ ﺑﮭﭩﻮ ۔ﮧﺒﺣﺎﺍﯾﺮﺍﻥ ﮐﯽ ﺑﯿﭩﯽ ﻧﺼﺮﺕ ﺑﮭﭩﻮ ﭘﺎﮐﺴﺘﺎﻥ ﮐﯽ ۔۔۔ ۔ﯽﻨﺑ ﮞﺎﻣﺍﻧﮩﻮﮞ ﻧﮯ ﺳﻘﻮﻁ ﮈﻫﺎﮎ ﮐﮯ ﺑﻌﺪ ﺑﮑﻬﺮﮮ۔۔۔
1,ان ہتھیاروں پر پابندی لگائی جائے :Pدوستوں کے ساتھ ضرور شئیر کریں ۔ شکریہ۔۔۔
1,ﺁﺝ ﮐﮯ ﺩﻥ ﻋﺎﺷﻖ ﻧﺒﯽ ﭘﺮ ﻻﺯﻡ ﮨﮯ ﺍﻋﻼﻥ ﮐﺮﯾﮟ ﺍﮮﺑﮭﺎﺭﺕ ﮐﺸﻤﯿﺮ ﮨﻤﺎﺭﺍ ﮐﻞ ﺑﮭﯽ ﺗﮭﺎ ﺍﻭﺭ ﺁﺝ ﺑﮭﯽ ﮨﮯ
1,لاہور: دھرنوں کے باعث سیاسی عدم استحکام تھا۔ اب معاملہ سنبھل گیا ہے ۔ میاں مجتبی
0,جو بُرائی کو نہیں پہچانتا ، وہ زیادہ قریب ھے کہ اُس میں واقع ھو جائے ۔ سیدنا عمر فاروقؓ
0,یار کرپشن ایک ایشو ہے ۔ اقربا پروری، فنڈز کا ناجائز استعمال، تھانہ اور پٹواری کلچر بہت چیلنجز ہیں ۔
0,ہمیں آج پتا چلا کہ اس لعنتی ابو لولو فیروز کا مزار بھی ہے ایران میں ۔۔ حیرت ہے ۔۔
0,جلسہ ضلع گجرات کی تاریخ کا ناقابل فراموش اور
0,لاہور: پیپر ری چیکننگ کی چار ہزار پانچ سو درخواستیں موصول ہوئے ہیں ۔لاہور بورڈ
0,"اسلام آباد: مولانا فضل الرحمان پر حملے کے خلاف کل ملک بھر میں یوم مذمت منایا جائے گا، علامہ محمد احمد لدھیانوی"""
0,بلائنڈڈولفن کو واپس دریائے سندھ میں چھوڑ دیا گیا
1,اگر وہ تم سے پیار کرتا ہے تو وہ تمھیں کبھی نہیں چھوڑے گا اور کبھی تمھیں نیچا نہیں دیکھائے گا۔
0,حضرت ڈی جے بٹ لبے بالاں والی سرکار کا مقبرھ بھی ادھر ہی بنے گا
1,کپتان مصباح الحق کا کہنا ہے کہ وہ اپنی کارکردگی سے بہت مطمئن ہیں ، کینگروز کے خلاف کامیابی کے لیے نئے کھلاڑیوں کو اعتماد دینا ہوگا۔
0,طریقه تو غلط هے اوربدعت هے مگر طلاق پڑتی هے
0,ایم کیوایم ڈسٹرکٹ ملتان کے صدر ذیشان دلاور قریشی کی والدہ محترمہ کے انتقال پر رابطہ کمیٹی کااظہار تعزیت via
0,کوئی بھوک سے مر گیا اور کسی نے خودکشی کر لی تو کیا ہوا غریب تو مرتے ہی رهتے ہیں کسی کو انقلاب کی فکر ہے اور کسی کو حکومت کی
1,لاہور: میٹروبس پر ۳۰ ارب خرچ ہوئے ۔
0,بریکنگ :- کراچی:ملزم سلیم کو پولیس گرفتارنہیں کرسکی،پولیس ذرائع
1,وہ لوگ جنھوں نے ہندوؤں کی دیکها دیکهی کل دیوالی منا ئ یامبارک باددی ان سے پوچھنا یہ ہے کہنیکسٹ
0,کشکول توڑنے کا دعویٰ پاکستان کو قرضوں میں ڈبو گیا۔غیر ملکی قرضے 65 ارب ڈالر سے تجاوز۔ ہر پاکستانی 80،000 سے زائد روپے کا مقروض۔ قرضے 1600 کھرب تک پہنچ گئے
0,ہم نے اپنے وجود کی چادر تنگ اپنے گمان پر کی ہے
1,ہن تے سردیاں آ گیی ین نے ، لسی ویسے ہی مک جانی جے
0,آج کا کارٹون لمبی ٹانگ والا کرکٹر پارلیمنٹ میں کیلن بولڈ ہوتا ہوا نظر آیا
1,آج ایک نئی پیپلز پارٹی کی خبریں گردش کر رہی ہیں
0,بلدیاتی انتخابات میں التوا کا ذمہ دار الیکشن کمیشن ہے :عمران خان
0,پیمرا کے ایکشن پر پرزور مذمت کرتے والوں کو آج سانپ سونگھ گیا کیا؟ کراچی کے اکثر علاقوں میں نیوز چینلز کی نشریات بند
1,حضرت عمرؓ کے زمانہ خلافت میں جامع مساجد کی تعداد بارہ ہزار (12،000) تک پہنچ چکی تھی ۔ از نظام الحکومۃ الاسلامیہ ، جِلد دوم ۔
1,طاہر القادری محرم الحرام میں یورپ اور شمالی امریکا کا دورہ کریں گے ، ذرائع قادری پردیسی ہونے لگاہے ؟*
1,کراچی :این ای ڈی یونیورسٹی میں ایڈمیشن کیلئے انٹری ٹیسٹ کا اعلان ہو گیا۔
1,استیعفیٰ مانگنے والے چندہ مانگنے پر آگئے
1,او جی ڈی سی ایل شیئرز اور سکوک :غیر ملکی ادائیگیوں میں بہتری کی امید: اسلام آباد۔۔۔۔۔۔۔۔۔آئن۔۔۔
1,کون ديکھے گا اب صليبوں پر صورتيں وہ پيمبروں جيسی ميری دنيا کے بادشاہوں کی عادتيں ہيں گداگروں جيسی
1,مجھے سیدنا عمر فاروق رضی اللہ عنہ سے محبت اس وجہ سے بھی ہے کہ میں نے دیکھا کہ آدھی دنیا کا حکمران سر کے نیچے اینٹ رکھے درخت کے سائے تلے سویاہے
0,مشرقِ وسطیٰ میں امریکا اپنی ہی پالیسیوں کے نتائج بھگت رہا ہے ۔
0,منڈی بہاوالدین: شیخ علی پور کے قریب نامعلوم نوجوان کی نعش برآمد،
1,ﻭﺍﮦ ﮐﯿﺎ ﺑﺎﺕ ﮨﮯ
0,بنوں میں مکانات کے کرائے بڑھ گئے ،متاثرین بکاخیل کیمپ جانے پر مجبور
0,مذہب کی چادر میں بدنما داغ ہیں ۔ ان بدنما داغوں کو دیکھنے کے لیے عقیدت کی عینک کو اتارنا پڑتا ہے ۔ ہم اکثر سمجھتے ۔۔۔
0,کینیڈا کی پارلیمنٹ میں فائرنگ کی ویڈیو جاری
0,کینیڈا کی پارلیمنٹ میں فائرنگ کی ویڈیو جاری: کینیڈا کی پولیس نے پارلیمنٹ پر حملے کی ویڈیو جاری ۔۔۔
1,جب تک ذندہ ہوں یہیں بیٹھوں :پاکستان خان وطن کی مٹی مجھے ایڑیاں رگڑنے دے مجھے یقین ہے کہ چشمہ یہیں سے نکلے گا
1,حضرت عمرؓ کی شان زاہدانہ
0,ڈیرہ غازی خان : تھانا گدائی میں زیر حراست ملزم نے مبینہ طور پر خود کو آگ لگا دی،زخمی ملزم کو اسپتال منتقل کردیا گیا، پولیسAUS-196-8
1,بہت بہت شکریہ۔۔۔ ہم نے تو مٹھائی کھانی ہے آپ سے ۔۔
0,کاش مفتی محمود اس رات صبر کر لیتے اور قوم اتنے بڑے حادثے سے بچ جاتیکاش ڈیزل پیدا نہ ہوتا
1,جنوبی پنجاب کا سارا پیسہ صرف لاہور پہ لگتاہے تب کوئی پٹواری نئیں کہتا کہ واقعی انہیں حق دو گجرات یونیورسٹی کا دکھ ہے
1,حضرت اسما بنت یزید سے روایت ہے کہ رسول الله صلی اللہ علیہ وسلم نے ارشاد فرمایاکہ:قیامت کے دن سب لوگ (زندہ کیے جانے کے بعد) ایک وسیع اور ہموار
0,مسائل سے آگاہی کا شور تو آپ بهی دل کهول کر بیان کرتے ہیں آپ کیوں کوئ حل نہیں بتاتے ؟یہ ملک صرف سیاست دانوں کا ہی ہے جاوید چوہدری صاحب؟
1,ثمینہ صاحبہ خوش آمدید ،ویلکم،جی آیاں نوں فالو یو بیک ایز ریٹرن محبت
1,ایسا آسان حدف۔ بچوں والا میچ ہو گیا یہ تو۔ ہا ہا ہا ہا ہا
1,"تحریک انصاف استعفوں کے موقف پر قائم ہے ،نظام کی تبدیلی چاہتے ہیں ،شیریں مزاری"""
0,ﻣﺮﯾﻢ ﻧﻮﺍﺯﮐﯽ ﯾﻮﺗﮫ ﻟﻮﻥ ﺍﺳﮑﯿﻢ ﮐﯽ ﭼﯿﺮﭘﺮﺳﻦ ﺗﻌﯿﻨﺎﺗﯽﮐﮯﺧﻼﻑ ﺩﺭﺧﻮﺍﺳﺖ ﮐﯽ ﮨﺎﺋﯿﮑﻮﺭﭦ ﻣﯿﮟ ﺳﻤﺎﻋﺖﻣﺮﯾﻢ ﻧﻮﺍﺯ ﮐﯽ ﺗﻘﺮﺭﯼ ﮐﺲ ﺑﻨﯿﺎﺩ ﭘﺮ ﮐﯽ ﮔﺌﯽ؟ﺟﺴﭩﺲ ﻣﻨﺼﻮﺭ ﻋﻠﯽ
0,کرکٹ کی اس بیکار ٹیم پر کیوں پاکستان کا قیمتی زرمبادلہ خرچ کیا جا رہا ہے یہ کبھی نہیں جیت سکتے ۔۔ ان کو دفع کرو
0,ایک کڑوڑ ستر لاکھ معذور افراد کو معاشرے نے بلکل دھتکارا ہوا ہے ۔۔۔۔۔بہت افسوس کی بات ہے
0,ایم کیوایم کا آزاد کشمیر حکومت سے علیحدگی کا اعلان اسکے ساتھ ہی حکومت سے اندر باہر ہونے کا عالمی ریکارڈ بھی بنا ڈالا۔ سیاسی لطیفے
1,آپ صلی الله علیہ وسلم نے فرمایا اگرجھک جانے ( عاجزی اختیار کرنے ) سے تمہاری عزت گھٹ جاے تو قیامت کے دن مجھ سے لے لینا( صحیح مسلم حدیث 784 )
1,سلیکٹرز ۔۔۔ یونس خان کی جانب سے ایک اور سینچری
0,عمرؓ کے نام لیوا کا ہے نصب العین حق کوشی کبھی باطل کے آگے اس کا سر خم ہو نہیں سکتا سیدنا عمر فاروق
0,بعض لوگوں کے دل ان بے پیندے برتنوں کی مانند ھوتے ھیں جن میں خواہ کتنی ھی محبت،خلوص اور توجہ ڈالی جائے ، وہ خالی۔۔۔
1,قادری ﮐﺎ ﮐﻨﭩﯿﻨﺮ ﻇﮩﯿﺮ ﺍﻻﺍﺳﻼﻡ ﮐﻮ ﺍﻧﮑﯽ ﺭﯾﭩﺎﺋﺮﻣﻨﭧ ﮐﮯ ﭘﺮﻣﺴﺮﺕ ﻣﻮﻗﻊ ﭘﺮ ﺑﻄﻮﺭ ﺳﻮﯾﺌﻨﯿﺮ ﭘﯿﺶ ﮐﯿﺎ ﺟﺎﻧﺎ ﭼﺎﮬﯿﮯ
0,غلط انسان سے ریٹ پوچھ رہے کیا پتا زیادہ ریٹ بتادے اصل ریٹ ٹویٹ والی سرکار سے پوچھیے
1,: تحریک انصاف استعفوں کے موقف پر قائم ہے ،نظام کی تبدیلی چاہتے ہیں ،شیریں مزاری
0,مَقرُوض کے بِگڑے ہُوئے حالات کی مانِند،مَجبُور کے ہَونٹُوں پہ سَوالات کی مانِنددِل کا تَیری چاہَت میں عَجَب حال۔۔۔
1,لاہور: وائرس کے مریضوں کے علاج کے لئے تربیت دی جارہی ہے ۔ڈی جی ہیلتھ
0,مار دیا جائے ک چھوڑ دیا جائے بول تیرے ساتھ کیا سلوک کیا جائے
1,اپ ڈیٹ کرو ٹھیک ہو جائے گا
1,کاجو ذیابطیس کے مریضوں کے لئے انتہائی مفید ہے
0,کیاعمران خان صرف ٹوئٹر اور فیس بک پہ وزیر اعظم بن سکتا ہے ؟
0,لاہور: جاں بحق ہونے والے رانا اشرف کے ورثاء نے لاش سڑک پر رکھ کر احتجاج کرنا شروع کردیا۔
1,حکومت ماروی میمن اور خسرو بختیار کو وفاقی وزیر بنارہی ہے جبکہ شاہد خان کو چئیرمین نادرا بنارہی ہے جسے تحریک۔۔۔
0,باجوڑ ایجنسی میں پولیو ٹیم پر حملہ، دو لیوی اہلکار زخمی
0,جس ملک میں انصاف نہیں ملتا ، وہاں حق کا بول بالا کیسے ہو سکتا ہے ؟ اس ملک کو سب سے زیادہ نقصان اہل انصاف نے دیا:
0,غازی تربیلہ: گورنمنٹ پرائمری اسکول الدو میں دوران اسمبلی بجلی کی تارگرگئی،11طلبہ جھلس کرزخمی،اسپتال منتقل،پولیس
1,ایم کیوایم کے قائد الطاف حسین کی تصنیف ’’فلسفہ محبت ‘‘ کے انگریزی ترجمہ کی تقریب اجراء 24اکتوبر جمعہ کی شام میریٹ ہوٹل میں منعقد ہوگی
0,عوام کو مصروف رکھو بیوقوف بناتے رہو اور ملک لوٹتے رہوصوبے کا ڈرامہ رچا تے رہو کراچی کے عوام کو بیوقوف بنا تے ۔۔۔
0,ایک شرابی کے ہاں ہر وقت شراب کا دَور رہتا تھا۔ایک مرتبہ اس کے دوست احباب جمع تھے شراب تیار تھی اس نے اپنے غلام۔۔۔
0,لے دس میں سائیکو ہوتی تو اج خان کی طرح چندہ گن رہی ہوتی
0,اور جو مجھے انقلاب نہ لانے کے طعنے مارے ۔۔۔ اسے بھی شھید کردو
1,جادو بهری آنکھوں والی سنو !! تم ایسے مجھے دیکھا نہ کرو ۔۔۔۔
0,توکیاوہ ہم کوہرجرم کی سزا دے گاپھراپنے رحم و کرم کا ثبوت کیا دے گامیں روزِ حشر کا قائل ھوں پھر بھی ہنستا ھوں کہ بندہ خدا کو حساب کیا دے گا
1,پیار بھرے دو شرمیلے نین چندے سے انقلاب
0,ھم شھزاد کوروتے ھیں یہاں سیانہ بیانہ معین خان بھی سیلفیاں لیتاھے ۔
1,۱/۲ﺍﮔﺮ ﺍﻧﺴﺎﻥ ﺍﭘﻨﮯ ﺍﻭﺭ ﺍﻟﻠﮧ ﮐﮯﺩﺭﻣﯿﺎﻥ ﺗﻌﻠﻖ ﮐﯽ ﺍﺻﻼﺡ ﮐﺮ ﻟﮯﺗﻮ ﻣﺨﻠﻮﻕ ﺳﮯ ﺗﻌﻠﻖ ﮐﮯ ﻣﻌﺎﻣﻠﮧ ﻣﯿﮟ ﺍﻟﻠﮧ ﺍﺱ ﮐﮯ ﻟﯿﮯ ﮐﺎﻓﯽ ﮨﻮﺟﺎﺗﺎ ﮨﮯ،
1,نبی اکرم صلٰی اللہ علیہ وآلہ وسلم پر ہزاروں کڑوڑوں درود و سلام
1,پھلا ٹیسٹ پاکستان اسڑیلیا کے خلاف ٹاس جیت کربیٹنگ کافیصله خضربلوچ
0,شاہد آفریدی کی آئی ڈی پیزالیون نے نمائشی میچ میں آئی ایس پی آرکو ہرا دیا
1,تمہارے پاؤں میں رکھ دی ہے شاعری اپنیکسی کو کون یوں اپنی کمائی دیتا ہے
1,چور زیاده شور مچاتا ھے کورٹس زنده آباد اور قادری عمران اور مبشر سازشی مرده آباد
1,یہ اُڑی اُڑی سی رنگت یہ کُھلے کُھلے سے گیسو تیری صبح کہ رہی ہے تیری رات کا فسانہ!
0,ثریااب تو مجھے سب ٹویٹیں مارے گا:ڈ
0,دہشت گردی سے بھی زیادہ اموات ہر سال زہریلی شراب کی وجہ سے ہوتی ہے ۔ دہشت گردی اور ’’قدرتی‘‘ آفات کی طرح گھٹیا شراب سے بھی غریب ہی مرتا ہے
1,یہ لفظوں كى شرارت ھے سنبهل کر کچھ بهى لِكهنا تم محبت لفظ ھے ليكن یہ اكثر هو بهى جاتى ھے ۔۔۔۔!!!
1,انشا ءاللہ بابے دا ڈیرہ سے تا ریخی قافلہ گجرات جلسہ میں شر کت کر ے گا -ملک چاند محبوب
0,دنیائے حادثات ہے اک درد ناک گیتدنیا کے حادثات سے گھبرا کے پی گیاکانٹے تو خیر کانٹے ہیں ان سے گلہ ہی کیاپھولوں کی واردات سے گھبرا کے پی گیا
0,"قاتل بھی تم مقتول بھی تم,ظالم بھی ہم اور مظلوم بھی تم؟"
1,سر جی وہ بھی بنتی یے مگر یہ چاٹی کی لسی سے بنوائی ہے کھٹی کھٹی
0,زندگی اپنے لہو کا نام ہے زندگی ایک آرزو ے خام ہے زندگی حسرت بھری فریاد ہے زندگی گویا کسی یاد ہے سوزش درد جگر ہے ۔۔۔
1,محبت مجھے ان جوانوں سے ہے ڈیزل پے جو ڈالتے ہیں کمند علامہ عمران اقبال خان
0,اس بات کو ماننے میں کوئی تعامل نہیں کہ ہم اپنے مقصد میں 100% کامیاب نہیں ہوئے ۔ مگر ہم نے اس نظام پر کاری ضرب ضرور۔۔۔
0,حُقے کی انگلش کیا ہے ، ساتھ یہ بھی بتائیے کہ گٹکے کو انگلش میں کیا کہتے ہیں ۔
1,مجاہد اعظم مولانا غلام اعظم نے اپنی جوانی سے بڑھا پے تک صبر ،عزمیت اور مسلسل جدوجہد کی تاریخ رقم کر دی ۔۔۔۔۔۔۔۔اس۔۔۔
0,لوٹ آنے کی امیدیں ٹوٹ پائی هی نهیں بند هو پائے نهیں هیں اب بهی در، کهنا اسے (ملک عدنان احمد)
0,اس گاڑی کا نمبر ڈیزل چور ھے چندے سے انقلاب
1,میری دعا ھے کہ نیا اسلامی سال ھمارے ملک کیلئے بہتری لے کر آئے ۔مسلمانوں کو نئے اسلامی سال کی مبارک
1,۔شہدا نے پکارا ہے تم کوفردوس کے بالا خانوں سے ۔ہم راہ وفا میں کٹ آے تم کوپیارہے ابھی تک اپنی جانوں سے ۔28ذوالحج یوم شھادت محمد عثمان باغائي
1,اصل بے نیازی و مالداری دل کی بے نیازی و مالداری ہوتی ھے ۔ سیدنا عمر فاروقؓ
1,عوامی تحریک کے سربراہ ڈاکٹر طاہر القادری کا واپس کینیڈا جانے کا فیصلہ
0,پی آئی اے کو ایندھن کی ترسیل بحال رکھنا مشکل ہوگیا، پی ایس او: کراچی۔۔۔۔۔۔۔۔۔۔پی ایس او نے پا۔۔۔
1,الھم صلی علی محمد ﷺ
0,RT: زرداری نے زبان سے چندے کا لفظ منہ سے نکالا تو ٹوٹ پڑے اسکی اپیل پر لوگوں نے سمجھاشاید کہہ رہا ہے چُندے یعنی دیوار میں چُندے
1,عمران اگر اپنے بچوں کی صحیح تعداد بتا دے اور اپنا ڈوب ٹیسٹ که وه نشئی نھیں ھے وه چیک کروا تو شاید کچھ اور لوگ اس کی حمایت کردیں
0,کچی شراب پی کر قائم علی شاہ (شہید)ھوگئے پٹواریوں کو اطلاع دی جاتی ہے کہ شاہ جی کی چیتا کو بعد از عصر جلایا جائے گا
0,اگر کرپشن کے باوجود ترقی ہونی ہوتی تو کب کی ہو چکی ہوتی۔۔۔
0,یورپ، کینیڈا اور امریکہ کے عوام اپنے پیسے اور زیور کی سخت حفاظت کریں ورنہ وہاں بھی چندے سے انقلاب آ سکتا ہے
1,ھاھاھاھا اب میں سمجھا۔۔۔۔۔وش یو گڈ لک یور فریڈم
0,ملک بھر میں سردی نے اپنی جھلک دکھلا دی
0,RT : حکومتوں سے الگ ہونے کا فیصلہ حتمی ہے ،رہنما ایم کیوایم فاروق ستار
1,اردو ٹرینڈ زیادہ بہتر رہے گا کپتان ڈیزل
0,ایدھی سنٹر ڈکیتی: مرکزی ملزم سابقہ ملازم،2 گرفتار: کراچی ۔۔۔۔۔ شہر قائد میں ایدھی ٹرسٹ کے ہیڈ آفس میں ڈکیتی کرنے …
1,اللہ جانے وے ماہی تیرا پیار کی اے دل دی اوداسی نی جاندی
1,جانے دیں سر جی :)
1,بھائ نہ جھک مارو نہ حق بس تمیز سے زندگی گزارو
0,محسن طلوع ماہ محرم کے ساتھ ہیہر دل مثال شہر خموشاں اداس ہے
1,ڈانس ڈائریکٹر پپو سمراٹ نے اپنے کام کا مظاہرہ کیا
0,نا اہلی اور رکنیت معطلی کے باوجود بھی افس پر قبضہ کیے ہوئے ہیں ،قبضہ گروپ اپنی سیٹوں کو چھوڑنے والے نہیں ،تحریک۔۔۔
0,یونین آف جرنلسٹس لاعلمی کی بہترین مثال ہے
0,راولپنڈی،اے این ایف کی بے نظیر بھٹو انٹر نیشنل ایئر پورٹ اسلام آباد سمیت مختلف شہروں میں کاروائیاں 6کروڑ روپے سے …
1,پاک،چین سرحدوں کی نگرانی کیلئے بھارت کا ڈرون طیارے استعمال کرنے کا فیصلہ ، روزنامہ اُردو پوائنٹ
1,پہلے چاند تارے ' ہوا اور خوشبو' اچھے لگتے تھے ! اب صرف ۔۔۔۔۔۔۔۔۔۔۔۔۔۔۔۔۔۔۔ تم
0,بکھری ہے تری زلف تو ہم شانہ کریں گے ، مٹی میں ملا دیں گے حریفوں کی تدابیر، اے وادی کشمیر!
1,آج سے بیس سال پہلے ایک عزیز تعلیم کے سلسلے میں امریکہ میں مقیم تھا
1,عمران خان صاحب کو 30اور 31 اگست کی درمیانی شب یقینا یاد ہو گی جب انکے رفقاءاور کارکنان جلسے کے بعد وہاں سے جا چکے ۔۔۔
1,قادری کے اعلان کے بعد دھرنے کے آخری مناظر : چند لمحات پہلے لی گئی کچھ تصاویر
1,لاہور: آئی جی پنجاب مشتاق سکھیرا کی زیر صدارت آر پی او کانفرنس۔
1,منڈی بہاؤالدین: انڈر دی ٹری پرائمری سکول،اکیسویں صدی جہاں پوری دنیامیں سائنس اور ٹیکنالوجی کاراج ہے اور تمام۔۔۔
1,"الله اکبر ,,,,,,,,,,,,,,,,,مولانا جی کیا بات ھے"
0,وچ داڑھی اسلام نہ کوئیبن عملاں قرآن نہ کوئیجے مکراں تو باز نہ آؤے ملاں جیہا بے ایمان نہ کوئیجے گر پا دیوے ۔۔۔
0,بجھی بجھی ’شامِ شعرِ یاراں ‘
1,رسول اللہ صلی اللہ علیہ وسلم نے سودکھانے والے ، اس کے وکیل، اسکے کاتب اور اس کے گواہ پر لعنت فرمائی ہے اور فرمایا کہ وہ سارے برابر ہیں (مسلم)
0,غذائی قلت کا شکار مزید دو بچے سول اسپتال مٹھی میں دم توڑ گئے : تھر پارکر۔۔۔۔۔۔۔۔تھر پارکر میں غذائی قلت کا شکار م۔۔۔
1,یہ جو کچھ لوگ،،،، فرشتوں سے بنے پھرتے ہیں میرے ہتھّے کبھی چڑھ جائیں تو اِنساں کر دوں
1,بازؤوں سے محروم امریکی نو جوان ماہر گٹارسٹ بن گیا: نیویارک ۔۔۔۔۔۔ امریکہ سے تعلق رکھنے والے دو ۔۔۔
0,اب دامن حیات میں کچھ بھی نہیں رہافردا کی سرد آگ میں حالات جل گئے کلیات چٹک رہی ہیں کہ شاخوں پہ آبلے غنچوں کی مہکتوں سے میرے ہاتھ جل گئے
1,زیر نظر تصویر میں نوجون قیادت کے پیچھے جماعت کی پوری قیادت ہے ۔۔ اسے صحیح اسلامی جمہوریت کہتے ہیں ۔۔ جو تقویٰ،۔۔۔
1,سب سے بڑی بات یه ھے که کے پی کے میں صرف پی ٹی آئ جیتے گی۔ یه مجھ سے لکھوا لیں ۔ لوگ کیا کهتے ھیں حجروں اور گھروں میں وه ھم سنتے ھیں
1,سندھ میں ہر قوم اپنی شناخت میں برقرار رہی الطاف حسین نے مہاجر نواز شریف نے پنچابی اور پی پی نے سندھی ووٹ بٹورا جس کا نتیجہ سب کے سامنے ہے
0,گو بلو رانی گو سن لو بلاول اب عوام آپ کی کتے جتنا عزت بهی نہیں کرتی
0,استعفیٰ دینے کے لئے باغی جتنی ہمّت چاہے
1,پی آئی اے میں 12 ڈائریکٹرز کے تقرر کی اجازت 17 کام کررہے ہیں
1,رونا نہیں اے دل مضبوط ہوجا-----پھر اور کوئی تجھے توڑ نہ سکے !!!!!زویہ
0,تنگ آ چکے ہیں کشمکش زندگی سے ہمٹھکرا نہ دیں جہاں کو کہیں بے دلی سے ہم۔۔۔
1,آسٹریلیا کیخلاف 40 سال بعد دونوں اننگز میں سینجریاں اسکور ہوئیں
1,کراچی۔۔۔۔۔۔۔ سندھ ہائیکورٹ نے بحریہ ٹاؤن کلفٹن فلائی اوور کے خلاف حکم امتناع ختم کرتے ہوئے بحریہ ٹاؤن کو تعم۔۔۔
1,انصافی ٹائگر - عمران خان کے معذور افراد کے ساتھ گزرے سب سے قیمتی۔۔۔
1,اسکاٹ لینڈ کے لوگوں کو ریفرنڈم کا حق دیا جا سکتا ہے تو کشمیر یوں کوکیوں نہیں ، مختلف ممالک میں بیٹھے ہمارے سفارت کاران معاملات پر کام نہیں کر رہے ،اویس لغاری
0,میاں صاحب بھارت کے خلاف بات کیوں نہیں کرتے ؟پٹواری: ہم نے ایٹم بم بنایا۔
1,ڈات کے کهڑا هے آب عمر انٹهیک کرے گا سب کپتان نیاء بنے گا پاکستان نیاء بنے گا پاکستان انشاء آللہ
1,صحبت کا بہت اثر ہوتا ہے ۔صحبت کا ملنا بهی بڑے نصیب کی بات ہے
1,یہ نیا لڑکا شاہ بھی کوئی اخیر ہی ٹیلنٹ ہے بھی تعریفیں کر رہا ہے ۔
1,وینا ملک کا بیٹا سوشل میڈیا پر مقبولیت میں شلپا شیٹھی کے بیٹے سے آگے : کراچی۔۔۔۔۔۔۔۔۔ وینا ملک کے بیٹے ابرام خان۔۔۔
1,کل سنا ھے جیو نیوز په عمران خان کا پرانا انٹرویو چلایا تھا۔ کیا اب جیو معافی مانگنے والی ھے ؟ ویسے فائده بھی جیوکا اسی میں ھے
1,ساحر لدھانیوی ، عصمت چغتائی ، راجندر سنگھ بیدی ، علی سردار جعفری اور دیگر ترقی پسند ادیب ساحل سمندر پر اکٹھے ہیں ۔۔۔
0,دیکوں دیکوں کون ایا شیر کا شکاری ایا
1,ساقی تیری محفل میں ھم جام اچھالیں گے گر کچی بھی نا ملی تو کام ڈیزل سے چلا لیں گے چندے سے انقلاب
1,اجے دیوگن کی فلم ''ایکشن جیکسن'' کا پہلا پوسٹر جاری
1,پہلا ٹیسٹ: آسٹریلیا کیخلاف پاکستان کی بیٹنگ جاری
0,ڈرتا ہوں دیکھ کر دلِ بے آرزو کو میں سنسان گھر یہ کیوں نہ ہو،مہمان تو
1,بجلی کی قیمتوں میں اضافہ واپس
0,خان صاحب کے شرمناک اندازگفتگو کے بارے میں کیاکہیں گی شیریں صاحبہ
0,تحریک انصاف کا صدرہاشمی حساس وقت پر ساتھ چھوڑ جائے تو خان کوفرق نہیں پڑا۔ قادری کے جانے سے کیوں پڑے گا جو تحریک انصاف کا ممبر بھی نہیں ۔
1,سوشل میڈیا پہ تو ہر کوئی کچھ بھی کہہ لیتا ھے اگر آپ احمدیوں کے لئے پرنٹ یا الیکٹرونک میڈیا پہ آواز اٹھائو تو بات اے
0,پاکستان میں جب لیڈر کی موت اتی ھے وہ چینل بند کرنے کو دوڑتا ھے ۔آپس کی بات ھے ن لیگی لیڈر اور گیدڑ میں فرق تلاش کرنا ناممکن ھے
1,محترم /محترمہ خوش آمدید ،ویلکم،جی آیاں نوں فالو یو بیک ایز ریٹرن محبت
0,بھائی کیا کہیں چاہ ہی ختم ہو گئی ہے ۔
1,فقیر وہ ہے جو اپنی غلطیوں پر اپنا احتساب کرے اور دوسروں کی اچھائیوں پر نظر ؟؟کھے نا کے دوسروں کو گالیاں دے اور خود کو فرشتہ سمجھے
0,دماغ کا دلیہ
1,ذیاد کدھر ھو بھائی دھائی ھے دھائی قادری نے لے لی ھڈی اور کس لی اپنی چڈی اب کینیڈا جائے گاپھر اگلے سال آئے گا
1,عربی سیکھو ، اس لیے کہ وہ عقل میں پختگی اور مروّت میں زیادتی پیدا کرتی ھے ۔ سیدنا عمر فاروقؓ
1,بوٹسوانہ:این خامہ دوسری مرتبہ ملک کے جمہوری صدر منتخب بوٹسوانہ: ڈیموکریٹک پارٹی نے عام انتخابات میں 53 میں سے 33 نشستیں حاصل کیں
0,گندی زبان اور گٹر جیسے دماغ والے جاهل جیالے هو تم۔ جیالا هو اور جاهل نه هو یه ممکن نهیں ۔
1,اصلی صرف طالبان / لشکر جھنگوی ہیں اصلی اور خالص
0,اے آروائی اربوں خرچ کرکے بھی اتنی پبلیسٹی حاصل نہیں کرسکتاتھاجتنی لوھارراج کے 'شاہ' لوہا نواز اسے بند کرکے دے رھے ھیں
0,ﺍِﮎ ﻧﺌﯽ ﻃﺮﺯ ﮐﺎ ﮐﺮﺩﺍﺭ ﺩﯾﺎ ﺟﺎﺋﮯ ﮔﺎﺍﺱ ﮐﮩﺎﻧﯽ ﻣﯿﮟ ﻣﺠﮭﮯ ﻣﺎﺭ ﺩﯾﺎ ﺟﺎﺋﮯ ﮔﺎ !!
1,حضرت آسیہ رضی اللہ تعالٰی عنہا نے اپنا ایمان اپنے شوہر فرعون سے چھپایا تھا، جب فرعون کو اس کا پتہ چلا تو اس نے ۔۔۔
0,فرشتہ یا بھیڑیا ۔۔۔۔طاہر القادی کتنے میں بکے ؟؟؟ورثا کی دیت کے ۔۔۔
0,پشاور: یونیورسٹی روڈ پر السیدپلازہ کے قریب دھماکا
1,مولانا فضل الرحمن سے ملاقات کیلئے گورنر پنجاب، وفاقی وزراء، مشیروں اور مذہبی رہنماؤں کا تانتا بندھارہا
1,9 غذائیں جو رکھیں آپ کو سدا جوان
0,دہشتگردی میں جاں بحق، گریڈ ایک سے 16 کے ملازمین کے اہلخانہ کو 30 لاکھ روپے امداد ملے گی-
1,اک کھیل نے ہمارا مقدر بدل دیا وہ تو ہمیں پکار کر ایسا چھپا کہ زوبی
1,کراچی: ایدھی سنٹر پر ڈاکے کا مرکزی ملزم گرفتار عیدھی صاحب پہلے بھی آپ کی ۲۳ سالہ دلہن کڑوڑوں روپے لے اڑی تھی
1,فتح حق اورسچ کی ہوئی،الطاف حسین کورابطہ کمیٹی کی مبارکباد ۔
1,ان جیسے دوست سے بہتر ہے اکیلا رہنا
1,اردو لغت میے نیا لفظ
1,تہمتیں تو لگتی ہیں روشنی کی خواہش میں گھر سے باہر آنے کی کُچھ سزا تو ملتی ہے لوگ لوگ ہوتے ان کو کیا خبر جاناں !۔۔۔
0,لاہور: رانا ثنااللہ کو نوٹس پنجاب اسمبلی سیکرٹریٹ کے پتے پر بھجوا دیاگیا۔
1,شکل اس کی تھی دلبروں جيسی خو تھی ليکن ستمگروں جيسی اس کے لب تھے سکوت کے دريا اس کی آنکھيں سخنوروں جيسی
1,میرے پاس جن ہیں جو امریکا ،یورپی پارلیمنٹ کے بل لے آتے ہیں ،قادری: لاہور۔۔۔۔۔۔۔حکومت اور عوام ۔۔۔
0,دبئی ٹیسٹ پر پاکستان کی گرفت مضبوط
1,لاہور:نان اور روٹی کی مقررہ قیمتوں پر فروخت یقینی بنا رہے ہیں ۔ انتظامیہ
0,میاں صاحب اس پیغام میں ہے ایک بار ضرور دیکھیں اور شئیر کرنے میں کنجوسی نہ کریں ویڈیو دیکھیں
0,"برازیل میں بصارت سے محروم خواتین کے لیے ""ڈانس اسکول"" کھول دیا گیا،جن کی مہارت کو داد دیئے بغیر کو۔۔۔"
0,نورا اپنے رشتے دار پر سوار-
0,اسلام آباد دھرنا ختم کرنے پر ایک ایسی پارٹی کے کارکنان بھی زہر اگل رہے ہیں جن کے سربراہ پہلے دن سے ہی دن رات۔۔۔
0,اور ویسے بھی بیمارکا علا ج کیا جاتاھے مردے کانھیں ۔نورے اور زرداری کا علاج نھیں ھو سکتا کیونکه یه مر چکے ھیں ۔۔تدفین باقی ھے ان کی۔
1,ﻧﻮﺭ ﺑﻐﺪﺍﺩ ﮐﯽ ﮔﻠﯿﻮﮞ ﮐﺎ ﮨﮯ ﮨﺮ ﺍﯾﮏ ﮐﺮﻥ ﺍﺱ ﮐﯽ ﻣﺪﯾﻨﮧ ﺳﮯ ﭼﻠﯽ ﮨﮯ
1,مشیر کے عہدے کیلئے لطیف بٹ کی جگہ خالد محمود لیں گے ۔
0,مسلم لیگ کے پرچم میں دفن کرنے سے کیا بندہ ڈائیریکٹ جنت میں جاے گا ؟ ایک جھوٹا آدمی ہاشمی ہاشمی
1,بعض اہلِ نظر کی رائے میں نئے صوبوں کی تقسیم اس طرح بھی ممکن ہے ۔
1,لوگوں سے دھرنے کے لیے چندہ مانگنے والا اپنا 300 کنال کا بنی گالہ کا گھر کیوں نہیں پیج کر دھرنے خرچے پورے کرتا؟
0,خدانخواسته عمران خان تیرے گھر گھس گیا تو کیا هو گا اس کی تصویر بھی لگا دو
0,دانشمندی نہیں ہے کہ آپ وزیر اعظم کا استعفے مانگتے مانگتے خود اپنے استعفیٰ دیدیں ۔ تحریک انصاف اسمبلیوں میں بے شک نہ جائے لیکن استعفے نہ دے
0,اگرزمینی حقائق یہ بتلاتے ہوں کہ یہ ایک خنریزسیاسی سرگرمی ہے ۔
0,کہانی آپ اْلجھی ہے کہ اْلجھائی گئی ہے ۔۔۔یہ عقدہ تب کھلے گاجب تماشا ختم ہو گا
1,محرم الحرام کا چاند نظر آگیا۔۔۔ نیا ھجری سال 1436 مبارک هو۔۔۔
0,"حکومت سیاسی قائدین کوتحفظ دینے میں ناکام ہوچکی ہے ،شیریں مزاری"""
0,بریکنگ :- لاہور میں مردہ جانوروں کا گوشت فراہم کیے جانے کاانکشاف
1,ھائے کیا چیز ھے محبت بھی ۔۔۔۔۔۔۔۔
0,پنجاب: مزید 23 افراد ڈینگی وائرس کا شکار
