0,cha3b mrid hata f les commantaire ta3 chorouk tsabo ba3dakom o tat3ayro hhhhhhhhhhhhh rabi yahdina o yahdikom
1,vive bougera enchalah el3ame el 3ame eljaye el jaye fe real madrid
1,M3a boumediene jusqu'a la mort
1,vive beladi walah yahfede wlade beladi o rbi m3akom o nchalah masorin
1,123 rana m3ak yass3dan ya ss3dan vive l'algerie
0,si non hna en retard nesshakou 4g 4 g 3andna les portables w kayen draham khassna el ray !!!!
1,sa3dan sayé c bn fin d contra ha bezaf allah ya3tik el saha waseltna lel l el mondial w chekeltha w ga3 mai ma3lich rabi ykhalik sa fait un gro plaisir min l3abna
0,malkoum m3a9din mn ls marocain
0,"Serum, Serum , anésthésie, anésthésie , w m3ah srir fe cimetiere"
1,nchalah la lagerie cup de monde 2010 chahata nchalah 2014 m3a lalgerie
0,"C’est trop tard, tard , khatak jaboulna la civiere"
0,o lakher l akher khateb yprofaite m3a al far7a yewakhed tefla
0,naif mssaken mazalhoum yamnouanta yamnou anta talaab m3a les americans
0,saha ya benbouzid ya3tik esaha 3a wach derti fina c vrais nous on peu rien te faire mais tkt pas ya dieu tu peu pas tèchaper de lui allah la trebhek ya haguar hasbiya allah wani3ma wa ni3ma alwakil 3lik
1,123viva 123 viva l'algerie l' algerie o tani ya3tikom saha setif cherftouna o tani vive mouloudia o had le 3am chompioné
1,bouzid khir men belaid et medjani yest7a9 yel3ab m3a l'en l' en
1,hadi haja meliha ana tsa3adni
0,"Koulchi khdeb koulchi faut, faut , qoulli wiin la vérité"
0,rajel omha kelb ki3od ki 3od wa7do yestaf3el faha
0,nchalah yehkmou 3lih bel b el mouabed beh may 3awedch chi li ge3d idir fih
1,merci 3ami boutef
0,al khabit iro7 i9abelha tol l le9ibla le 9ibla 9obla ora 9obla 7eta tesba7 3end al 9abla
0,yekhi leghalta le ghalta ta3 lekbar le kbar
1,rabi ma3akoum inchallahe ou trbhou rouwanda est surtoud massar el hamdolah hata hna khfna 3lik rabi m3ana contre maroc ya rabi
0,reponse au no 7 la presence face a face avec un juif s'est la reconaissance de l'etat hebreu n3alahom
0,ouyahya walah ma nesmahlek 3and rabi car je travaille pas et G posée un dossier pour avoir une voiture par fasilité lavoiture coute 40 milions les frée du dossier mon couté 14 milions et la taxe cout 7 milions safait le tous 21 milions pour avoire 40 milions c normale pour un jeune qui a posée son dossier a \
0,hadara bla mziyetak imala 3awed rouhak et weli l3aklak
0,hda bahdalna fi marakach ou mazal yhki 3la daraja lawla wtanya w tanya hda machi modarab 3ando tacharak al fom galak egoulolo al jiniral hda cabran machi jiniral
1,vive usma wa tahya sidi salam wa rabi i3ayach manadi abrahimefitach abrahime fitach el jazayar
1,nchalah ga3 li 3andeh bac cette annee yadih ya rabii
1,vive jskkkkkkkkkkk hada l3am l 3am lina nchalah
1,je souhaite la reussite pour notre equipe inchaa lah et l'égypte l' égypte aussi comme ça on finit cette querelle nous sommes tous freres bonne chance à tous rabi 3awenkom
0,ma3awnoush les jeunes ta3 l blad y3awnous l heraga
0,Bessah Be ssah el dem li fi lahmi yweli akhel men lahram la hram
1,que dieu soie avc nous m3a had el isslahate
1,allahouma enssour falestine wj3al itihad beynana
1,vive ziani we rabi y3ad 3lik el3aine el 3aine nchalah
0,Koulchi gdeb koulchi faux
0,no 2 alah yahdik wen rak 3ayache falmarikhe f almarikhe wala anta hokoma please achourok anchar
0,Adouma des affaires nkhalihoum le deri sghar
0,la hawla wala kowata ila b ellah lazem ya3admouh bech yekoun 3ibra limen ya3tabir
1,salamou 3alaykoum je suis totalment d'acord d' acord avec le nº 30 llah yahdina ajma3ine
1,wa al 3ayaltou rabi yahmik men al 3een
0,"Nafsakh el tawba, tawba , nhasalha fe la société"
0,wache had tmaskhir goul venger ma khallache saifi yal3ab wallah tmaskhir
1,rabi m3akom ya ridjale
1,bonne chance les jeunes w rabi m3akoum nchalah hichem daoud 3andak el djazair w tissemsilt
0,antouma cha3ab faregh chghoul ga3din que pour le passe temps
0,ya lakh salahhado salah hado ma 3andhom ay 3alaka b islamhado islam hado c des juife kifaksahaje kifak saha je pense pa la nta algerienw algerien w lah yahdik
0,ces gens la matenfa3ch m3ahom la garde a vue
1,rabi m3akom w hna tani farhouna 123 viva l'algérie l' algérie
0,Criminel et tu le resteras toujours Allahoma 3afina fi doniyana wa dinana Amine
0,"Ki nesma3 bourgeoisi, bourgeoisi , marcedes mekhou mekrazi, mekrazi , wana w ana m3a les bus nqâsi"
0,é raho nssa rouhogdah rouho gdah 3andou o howa hakame RCD alors sa3id dictateur kima lokhrine l okhrine l'euro l' euro mlih ya sa3id lol
1,vive algeri ou mabrok tal3a omedeamerci o medea merci
1,lmoral l moral ta3i à fond dima bien bien bien
0,ànta mrid yassamadi ya ssamadi chayjib chay jib alhmar al hmar 3awed hadj issa kima missi rouhzour rouh zour wala chouf tbibdawik tbib dawik yassamadi ya ssamadi
0,yerhamldikom yerham ldikom fahmona hada sa3dan wach ykon howa tani hab yahkemha 3ohda tania khalina menek ya sa3dan walah rak raiah tkrahelna hiatnabezaf hiatna bezaf rak kbir ma3andek mattma3
0,allah la yradj3ak
0,ya saadan akol lak fakid chay2 la yo3tih fa ida konta rajol bi ma3na kalima fa tanaha 3an mansibikintha mansibik intha waktek ya cheikhna
1,rabi m3ak inchallah ne perd pas les espoires et la passience lah yjib chfae; aaaaaaaaaaamine
0,"mes phrases man7oucine, man7oucine , ya3miw fel3inine f el 3inine"
0,hnaya ga3na3arfo ga3 na3arfo nafto wach yakhroj 3lina
0,tgast sa7 wtekhda3t w tekhda3t gdah men mara
1,nchalah y koun m3ahom rebi nerbho 3-0
0,sobhana alah kachi om tahrak banha li man kabdatha hadi tkon marida 3aklyan
0,"Ki nsma3 3al lemra, le mra , meskina 7asbouha bagra, bagra , maa tekteb maa teqra"
1,vive ess vive ess nas kol arfa kifah tel3at lcabba l cabba lnational l national une
0,La3nato allahi 3alayhi C'est l'eat l' eat Algerien qui est responsable pour ca
0,3ayb 3lihom 3azrona elah latbahoum 3am kamen whna w hna ne9raw et f la f1n ylkharbtoha
1,la3eb metrabi 3ando akhlak 3alyia inchalah plutard ykoun fi les kipe natonal
1,nchallah ya lemouchia tkoun m3ana pask il fo po nfartou f lé jabou la calification
0,wi goulo igoulo l mha mabrouk bantek f jena
0,ga3 netkalchou machi ghi eljazzira w ma3andna mandirou belburau nta3houm hna w houma gal3ou 3lamna mel les equipes nta3 la coupe du mond
0,salam alykoum machi la mouchkil fi chaouchi mouchkil rah fi gazel les l3ab 15 match w marka hata bit
1,merci bcp léquipe l équipe nchalah mondial rah 9ribe lina w madabikom t3ayto al yebdda
1,"Feha khadama tokhlos, tokhlos , wahed ma yetkhas"
0,ih ya elharrachia dertou match nul m3a Usma habitou taklou denia hatou rajlikom fel f el ma ybardou had l3am l 3am tahabtou hram 3likom hgartouRCK hgartou RCK plasatkom derby m3a bentalha
0,serat b nass l kanet benthom mahmoma igol lhom ntouma rahi tefla mas7oura
1,W n3awen ma patrie w nfinanci des parties
1,rana m3akoum ya wlad el khadra 123 vive algerie far7ouna lah y fara7koum
0,lé algériene rassssssawali rassssssa wa li 3adana bassa
0,nass chahda we tarikh i3awed nefso
0,hhhhhhhhhhhhhhhhhh baggio el 3arab koun yesma3 baggio yecuicidi wlh gla3 hadik queu de cheval nta rajel ya
0,au lieu zine al3abidine ywakal acha3b a cha3b dyalou yroh yamna3 alhidjab al hidjab yakhi les arabes wellah mayatfahmo
1,netmana loukan yel3ab antar yahia w meghni demain inchalah et inchalah vous gagné
1,3andna mansouri + saifi c deja beaucoup inchallah la coupe du monde tal3a ntaklou 3la rabi wa 3lik ya sa3dane wa waladek la jounesse
1,inchalah hade el3ame el 3ame l'usma l' usma chompioner m3a Hamidi et Anderson
1,el hamdou lillah li llah 3ala hadihi anni3ma an ni3ma
1,rabi m3akoum ya les verts we netmano ma ykoun far9 bin eljodod el jodod wa el9odama el 9odama we li rah ya3tina jdid marhba bih
1,nchalah narbho ya rab wkon w kon m3a les vets ya rab brabi b rabi nchalah
1,inchallah ncharfoukoum ya 3arab koulouna ma3a lfari9 l fari9 lwatani l watani aljazayri al jazayri
1,3ajebeteni hadi
0,Mais de quoi je me méle ya khi 3akliya
1,vive USOAamizour et inchalah tal3a inter rigion
0,rabi yahdikoom ana koun nelgua wahed yharguni nahrag meme nkoon 3alabali 3ala bali beli be li rah nmoot hedik lila el mohim nmoot w manbkache hna
0,lah y3wnek koya ana gendarme welah wtehkam w tehkam ma ratiha had bled li d3a 3liha met
0,li khatik y3ayik
0,dok yadoh lahwayech yakhdem m3ahom
0,mazalet 3andi lhayja l hayja ta3 hajouj w majouj
1,vive crb nchallah championa had l3am l 3am les vrais ouled cherchell
0,yal7aja y al 7aja alghna al ghna maghadich yanf3ek f la fin yaw salatek wzakatek w zakatek hia li tanf3ak
0,"#lakher l akher marto koul youm yebahdel #faha, faha , yjeb m3aha drari w i tayecheha l dar weldaha"
1,yestahl kol khir li yat3ab yanal 123viva 123 viva la algerie
1,ya el hamra ya mon amour zahina had el 3am
1,rabi yahefdek ya si 3atman wellah twahechnak bezaf tahia si mekhlouf el boumbardi
1,a 3ayeniya vive alg
0,hanouna man 3ame ou ness tadya3e wakte
0,2/ 2 / hada les coper nhar wahdokher wahd okher ywili 3ala 3la l'algérie l' algérie c 0 oui
0,cherif elouazani rouh tergod lahla  lah la trabhek abou el machakil tayeht  elhaouaria  D2 dert tebehdila fi chlef m3a sidek captene si samir zaoui mazel rak tahder rouh entrainé crb mecheria national 1 une bonne place pour toi kafi 
0,Wa yéff' 3alou el djahilou bi naff'ssihi ma la yéf' 3alou el 3adouwou bi 3adouwihi
1,inchallah ya rabi 3 but amin ya rabi al 3alamin one two tree viva l algerie tahya bladi m3ak yal y al khadra ndiro hala
1,ya akhi rayen t'es qqn de bien macha allah et meme toutes ta famille et ton frere aussi que j'ai connu et qui été avec moi dans la meme classe natleb rabi ychafik nchallah ou rabi m3ak amine
1,widadi 43104 hade l3ame tal3a
1,inchallah rabi m3akom vous etes tous algeriens
0,3aso roihkom omba3ad o mba3ad 3asou les eléves de bac wahed
1,allah ikoun m3akom et vive lalgerie l algerie
0,alache ya tzayer eli andou tzidilou wa el galil yachka w yat3ab
0,khawti el blade makhdou3a apès 1979
0,rabi yasterna vraiment les gens sont devenus malades rabi yahdehoum w yba3adhoum 3lina hasbiya allah w ni3ma elwakil el wakil
0,ntouma mchi rojala kounou m3ahom fi rebeh w elkhsara el khsara
0,al 3ar m3a el khain lekber ta3hom
1,rabbi y3awnak khouya jamel et bienvenue a ton pays l´algerie l´ algerie tahya ljazayer saha ftourkoum w shourkoum wled bladi
1,nchallah b gloub les joueurs w d3awi cha3b ljazairi fi dakhel w l kharej lyoum l youm luna erbha b 2-0
0,al hodod maghlo9a m3a le Maroc aghal9oha aussi m3a tunis wartaho wa rtaho bach tasbah aljazair ghayakhi ghay akhi a3la 3a9liyazza 3a9li yazza
0,c'est le VRAI probleme qui se pose dans tout l'algerie yen3al bouha hekouma
0,yawwwwwwwww rouhe tal3abe m3a rasek hta mine tafrat fina yaw bay bay licipe l icipe national
1,lotfi howa alrap al rap alhakiki al hakiki w 3ajbatni ta3 koulach machi donc chra
0,je pense ke hana les algerienes jamais nt3almo mel lghaltat ta3 el madi la meme erreur ta3 la guénnié normelment nala3bo m3a equipe mel afrique wach jab leurgway lla zombié???????? kima wach jab l argentin lal guénnié
0,stylo tgoul 3lih teroriste m3amar bel b el mesk
0,tefal waldih weklo lo rahej ta3 al firan
1,da 3aiza kalem l algerie est qualifiee
0,ma 3andou la rahma la chafaka a3toni klache wainkem ya hokam le3rab le 3rab sur ragdine m3a nsakem fe dar wo khawtkem ymoto( ALAH AKBER
1,inchallah en beynulhum beli keyen el balo 3adna 1 2 3 viva algerien
0,rck t3ayi ki hya ki les supporteurs dyawelhaou nchalah tela3bo m3a kli3a el3am el 3am eldjay el djay
1,inchaalah le mois de ramadhan el mobarak yadkhol 3ala el moslimouns bi el khir wal w al ajr ya rabe
1,brabi b rabi nchalah hna la ntkalifaw ya rabi kon m3ana aaaaaaaaaaaaaaaaaaaaaaaaaaaaaaamiiiiiiiiiiiiiiiiiiiiiiiiiiiiiiiiiiiiiiiiiiin
0,W nefkér khrouf meskine kil ki l marionette
1,Tahia ghadafi ou rabi m3ak nchallah la jordan wala nato rayhin y'kono khir men ghadafi ila alamam al amam
0,Le probleme c’est que had l’affaire l’ affaire feha relation
1,âlgerie fi dmna nchallah yafar7ouna maroc khoutna we ana natmna ta3adoul bayne farikayne
0,Des années wra des années barkanani ani 3ayane
1,allez les vertsun verts un grand mot pour une grande nation avec un seul coeurya coeur ya rabi la victoire fe le 15 jour ta3 ramdhanm3ak ramdhan m3ak ya lekhadhra le khadhra m3ak ya dziare ou rabi m3akoum ya les verts et echiekh saadan bon courage
0,"Kayen ghâchi fel f el jame3, jame3 , ness raqed wness w ness yesma3, yesma3 , jm'en j m' en fou ana dis feddar fe ddar"
0,la vectoir pas pour boutef c pour le cul de boutef ya 3atayinnnnnnnnnnnnnnnnnnnn
0,en dit en arabe ma 3ade khouh c paraille pour sarko et les juif
1,JSS toujours l3am l 3am jay nkahrou JSK w USMA
0,pfffffffffffffffffffffffffffffffff ci pas vrais hadi 3ataba doross makanach tollll !!
0,"Kanet fond monumental, monumental , darou sah fawda mentale"
0,hadoo talaba hayawanettowled hayawanett o wled chare3ma3andhoomch chare3 ma3andhoomch assl ghayr char3iyinemayehchmoochkima char3iyine mayehchmooch kima rahom yhawssoofi yhawssoo fi dyerhoom thani la hechma la waloodayouthine waloo dayou thine
0,ya khoya kimha wéla batél ntta inssan fachél ya sa3dan madabik téstakil baki ghi ntta li mahali yék koulna nkamlou m3a el mahaliyine ntta 3lah bkit
0,wach ygoul l3abd l 3abd rhir la hawla wa kowata ila billah bi llah
0,hhhhhhhhhhhhhh messi yal3ablkou f 5 juillet ntouma mrad wakil yewwwwwwwwwwwwwww makash manha argentinew la france yal3abou f dzair hhhhhhhhhhhhhhh ahalmou ahalmouu
1,one two three viva lalgeriedima l algerie dima m3ak ya dzair wvive w vive lequipe l equipe nationale lyoum l youm wghodwa w ghodwa wrabi w rabi ykhalilna papa sa3danje sa3dan je t'aime t' aime ya dzair i love you bchawiya b chawiya tachalghicham
0,mala ne7bas hena c non tegoul hadaya FAUX
0,ma3adnach les stade
1,nchalah berbeh 3alik khouya chaouchi et vive mouloudia
1,rabi m3akom
1,vive el 3ouhda errabi3a
0,wi goul w i goul l babaha khelina m3aha hena f al bit khatak al 3efrite koun yakheraj o yasken fik
0,matdirou walou antouma tdjibouha et fé la fin t3aourouha
0,"galouli galou li wach dak, dak , sure rak meskine"
0,chaque faut pas m3aha braya maktouba fouguha
1,nchallah hna lirouhou soud afrique2010 afrique 2010 w ndirouhala w massar maradi ydirou walou mahad 3adna sa3dan w ziani matmou gawawi ghazal et vive algerie wwwsouadalgerieskyblogcom
0,les agents de securite li yakhadmou fi la fac yakhalsou 13000 win rahi al 3adala makhasnache ya li m3awnin al yahod 3ayartona et darwak t chaj3ona rir 3la gazze mkhassnache
0,ki kamlou machrou3 chkoun 3andou lhak l hak bach yadkhoulhoum ghir familiya ta3 flan wa flan kima club de pin dawha ga3 mayadkhoulhach mouwatin 3adi
1,allah ybarek fi 3ilmih wa nafa3a bihi al omma wa al 3ibad mrahba bih f 3annaba w fel jazair
1,ana ma3a ta3lik 1 vive mouloudiaaaa
1,rabi ychfihom inchallah wykoun m3a waldihom
0,hassbouh houwa weli m3ah sur mazalou shabah fel f el houkouma
0,rana b3ad 3la niveau ta3 afrique on a pas de niveau dutout
0,wa hal ma fa3ala3o al 3askare ma3ana fi asanawate al akhira kana sagira lida yajibe an nofakira fi machakilina wa malana wa machakil al magreb
0,besah ya jam3a hadou li fi libya wellah ma thouar hadou
1,bien sur nerbah sur tous me3a maser
0,had al khabith lazem ytairoulou rassou inchallah ya rabbi win rah al hokm al 3adil?????? 3adil ??????
1,merci les verts wanchalah wa nchalah yarabi ya rabi lmondial l mondial 2010 rayhin w jaych cha3b m3ak ya saadan
0,khass el 3amya ri el kholle
1,vive USMAnnaba pour tjr;;;;;;;;had tjr;;;;;;;; had l 3am ndirou hala nchallah ya rabbi SAHA 3IDKOM
0,3la dika nahder bah nfeya9 had al beghal
0,le n 25 v etes un algerien we rak tal3ab fiha masri
1,C’est bien ana kane qader yasrali haka
0,"Bessah Be ssah mechni kelb, kelb , mechni sauvage"
1,bravooooo les vert rana m3akom jusqua la mort
1,besahate be sahate likipe l ikipe nasyunal rabi yahefadeheme me 3ayene
1,enfin hadi haya alhadra ta3 rajalata7ya rajala ta7ya alkhadra w dima m3ak ya sa3dan vive l'algerie
0,El corps yetpoura wenta w enta mazalek 3aych fih
1,El hamdoulilah min 3andna entraineur kima sa3dan ou lazem nkounou m3ah rabhin ou la khasrin
0,mala kon galolik galo lik hadrolik hadro lik bli klemi 3eyab
1,nchallah califier lmondail ya rabirana rabi rana m3ak ya chikh saadan
1,slt tous le monde vive crb ou nchalah championnait 2009_2010 2009 _ 2010 ou rana ga3 m3a the big kerbedj
0,alli yji labladna la bladna yal3ab 3lina wayrouh wa yrouh
1,allah yrhamhom wyj3alhom fi jennatihi aamin yarabi
0,mustapha paris ya sans jose lje pence que tu connais plus echahada rabi inchallah yahchrak m3a el kofar
0,hchouma 3likoum t3awdoulna les articles d'hier d' hier à alarabiya ya jma3a win rahoum syndicat algerien des paramedicaux win rah hakna krahna min al wo3oud
0,vous aimez pas les homme comme m3amar
0,"Kount qader sinon, sinon , nfeleg les poumons"
0,je vex dire amonsieur a monsieur saadane roh bezaf 3lik 3rafna niveau ta3ak bas et tres bas 3adna equipe mais ma3adnache entraineur bazaf tpahdayel ya sa3dane allah yastar fe lmondial l mondial
1,safi sa fi plaissre 3andha des jouers lah ybarek alor bon continuation a tout les jouers
0,khaliwna n3aichou ki-nasse ki- nasse
0,Ma3andekch adem a dem demkoum rachoua les ss temoignent
0,si koi wache rakom tahkiw andha 3ans 3 ans meli walat 1milyar 1 milyar machi 400 mil rabi yahdik ya journaliste
1,one two three viva l'algerie l' algerie et viva saadane et m3ake el koudame
1,allahoma onsor gaza 3ala a3da2 din
0,ha ha ha BAC 2008 BYE n'wakal 3alik rabi ya ben bouzid mais toujours KAYEN RABI
0,yekhi hleft 3ala 3000000 da lah mameditech azayed wmedit w medit moins khatrakech mechhah ya serrar
1,Allah ma3akoum mes feres algeriens demain inchallah tout changera l'espoir l' espoir reviendra et la prosperite' reignera
1,inchalah m3a m3aiza tazha annaba nchalah la coupe brabi had l3am dima nas besbes
0,je oulé juste ous dire que c'est du bla bla moi j'ai le Bem cette annee chuii néé en 1997 depuii que j'aité au 1er annéé primaire j'ai jamais dis tata w 3amou Rakouum tzidou fiha bzzf
0,dorka m3a lem3icha le m3icha lghalya l ghalya hadi 2 et 3 millions yarabi ya rabi techri bihem always lel l el madame! madame !
1,vive elkhala w rabi m3akom w yfarahkom kima farahto ga3 eldjazayer
1,allah m3akom ya les ver inchallah en va gagné le match et bonne chanse a ce teamwallah team wallah fort
1,mob en regional!!!!!c'est regional !!!!! c'est pas grave tal3a la3m ljay nchalah
0,makan lah telomni yana lom denia li rahi t3ayef
1,tabi ikon am3ahom nchallah kollona nataalamo min adjlihim
0,ki l'3ad l' 3ad on est toujours les derniers pffff
1,mrahba bikom 3andnawnatmana 3andna w natmana natal3o bjouj
1,waman katala mouminan mota3amidan hadiba ellaho 3alayhi wa la3anaho wa a3ada laho 3adaban 3adima ** mziya kayane rabi ihassabe les térroriste
1,daradji tout les algerien m3ak nta rajal wafhal waf hal ok wmadirch w madirch 3la lhadra l hadra lfargha l fargha
1,3awadha ya ziani awadhasaha awadha saha ftorkom
1,al3alem al 3alem lina au 123 viva L'algerie L' algerie
1,goutelkom mazel lespoire l espoire w nchalah contre engola farhona ya djma3a
1,siniour lahcen natmanna tal3ab fi bladk puisque l'algerie l' algerie tahtajk pas la france b chance chourouk
0,par ce que air algerie tkhadam m3arafha daz bark air rih
1,allahouma 3afina min ma ibtalayta el ba3dha min ibadek amine ya rab el 3alamine
0,hadh el jama3at kima el masounia kif kif zidolhoum el chi3a mel foug allah la t'rabah houm
1,vive les algerien nchalah la cope des monde m3ake ya kadera diri hala
0,krahna ourana ou rana m3awline on vous baisserai juskaus juskau s ke vou nou aimévive aimé vive elheda el heda khir man nweliw des kamikaz
0,adia 3ataba dorka mechou 7ram a chay lwa7ed l wa7ed chab w howa mazal fl bac c trop sa vraiment
0,les yesma3komes tahedro tgole 3andkom tahbes rakom bokel kif kif rabiw w ladkom est surtot bnatkom mba3ed riklamio
0,ya el3agoune el 3agoune
1,rabbi yachfiha inchallah goulou amine m3aya
1,yaw tehia madrid tellement ana 3aich ei katalonia el katalan akbar 3onsoria fi europa quero ganar el partido madrid seguro
0,walah yasser mana3raf m3a da el ham kol waktah wahad yahakak les rêves ti3ooo
1,merci pour toi 3abd el 3AZIZE BOUTAFLIKA
0,"tela9 dar chera3 les proces ora les proces rolastion masali7, masali7 , o zid lha mariage forcé"
1,rabi m3ahem
0,bhadha le niveau aso ma3endha ma teddi hadha l 3ame ya ssi medware
1,vive l'algerie l' algerie et rabi m3ak rafik
1,3aaaaaaaaaaaaaaaach le maroc
1,m3ak ya sa3dan hat lw nakhasro vive lalgeire l algeire
1,bravooooo les jeunes rana m3akoum ga3
1,salem 3alikoum inchalah le pondium et les midailes d’or d’ or
0,ah ya mourad derbouk b 3ainkon tarj3 liamat
1,mourde megheni welah ysethle yl3be la coup du mondeya monde ya les algerienne d3iwe m3ana et golu yarabi ychefih
1,m3ak SOLO16DZRak fooort
0,tabkaw jordan et jarathim el3alam el 3alam ya jahala ya rab l'algerie l' algerie 130 3am ohiya o hiya tkharaj françe et jordan El-libiyin El- libiyin i3aytolhom tgol 3likom ga3 des imames wentouma w entouma haja oumachi ou machi 3arfinha
0,ma3anda mankoloet au fond du nos ceoure on dit allah yadj3al elkehrpsk el kehr psk vraimnt 3yna
0,manassthakoukch parsque koun 3aytoulak léquipe l équipe national france matratichcasse matratich casse toi
0,hna jinhoume sahline directe 3a9bouna ou lamssarwa la mssarwa mezel pefffffff yakhi
1,ntmnalek el shifaa el 3ajel mn 3and allah khali imanek kawi matnsach le miracle de wassila f bahdja ina ma3A el 3osr yosra w l'algerie et toute ma famille te soutien
0,lhaja l haja 1 rak bayen makch masri w llhaja ll haja 2 lbrizil wtlayen w tlayen dartou m3ahoum score wlmarikan????????????????????? w l marikan ?????????????????????
1,inchalah nerabho rabi m3a l'équipe l' équipe dialna
1,m3ak ya khadra whada 3am 3amna
0,chkoun ma3embalouch f rap ani marhouch
1,wwwwwwwwwwwwwwwwww vive wald 3abbasse hadak ma ylik la ilah ila lah mouhaméd rasoul ilah(sala ilah ( sala élah 3alayhi wasalam) wa salam )
0,nimiro 2 nta mechhah ida malgawech win yroho yjo 3adna elbayadh blad elkaram
1,merci zizo ntlbou haja menak bark ou9f m3a likip nta3na bark la zam wahd kima nta t3awnhoum merciiiiiiiiiiiiiiiiiiiiiiiiiiiii
1,rabi yijib elkhir el khir laldjami3e l al djami3e nchallah w li tal3ab mlih tarbah bonne chance pou tout
0,c'est des barbares!!! ils sont pire que des animaux!! h'sabehoum 3ande rabi k'bir!!!
0,khtouna ma z3aka wa tbahdayel
1,Ya jma3a sahha f'tourkem
0,allah la trba7kem chanchftona 3aib 3likem 7na 7aja mawslnaha mn hadi l 3atab
0,wladna ma ymoutouche 3la jal el balon ntouma koul 3am 3andkom 5 morts si ce n'est n' est pas plus
1,inchallah yet3allem le control bark
1,w kayen wahd okhor yal3ab fi la france (poste ( poste 2) 2 ) mlih bel bezaf nssit esmou
1,makhloufa nchalah lmara djaya wenchala w enchala yedou titre hed el3am
1,salut cava moi sofiane nchalahe alrabita al rabita tnahi matche 3awiklo avec hammerawa ou mco
1,natamana lho atwfik wa ramadane mobarik likole elcha3be elisalamia djami3a
1,la tassoubou al3arab al 3arab liana arassoul a rassoul 3arabi walayssa wa layssa djazairi itakou allah fi ma takouloune
0,hbabek nta ya saheb ta3liq 1 hna les berberes ma 3endna hetta 3alaqa m3ahoumncher m3ahoum ncher ya chourouklelmarra chourouk lelmarra lwla
0,sa7sa7 sa7 sa7 ani 7ab dorka n7areb belkatiba be l katiba
0,aben3amiiiiii aben 3amiiiiii les dinossors 3aychin m3ana wahna wa hna ma3labalnach !!!!!
0,yastahlou dhad lebnet le bnet puisque tama3in en plus ikhalfou echar3 e char3 el3adet el 3adet
0,oui kayana menaha ana 3ayach f doha les algerienes ghir jayabinaha tahawwass z shopinng
1,marhaban bika fi baladek aldjazayer w3achet anachidoka ya yousef
0,bon débarra on a plus besoin d'un d' un voyou comme toi aya rouh tahbi 3and papak heddad!
1,salammarhba salam marhba bkhoutna b khoutna les marocain incha'Allah tkoun rouh reyadia 3aliya wa rabah mbrouk 3lih good luck
0,l'algerie l' algerie tam3a trouh a la coupe des mondes
0,"walou mamnu3 etadjamou3at e tadjamou3at rana fi halat etawari e tawari wa ila la% la % DE VOTE IL VA DEPASSE 0,13 13 %"
1,inchallah la victoire fi setif el3ali el 3ali
1,merci pour toutes les recettes j'attend j' attend tj le mkhabez le baklawa et les k3ik3atese
0,c'est tout c pas assez il derait etre condanné a mort in hiya el houkm ba chari3a??????? chari3a ???????
0,dem 3ad yesil o kheraj 7eta men khechamha
0,la hawla wala wa la kawata ila bi-allahwa bi- allah wa lan tarda 3alykoum elyahoud el yahoud wala enaasara e naasara hata tatabi3ou milatohoum ellah yadina inchallah
1,elhamdolah 3la slamatkom inchallah yba3ad 3lina l3in l 3in hna les algeriens
0,amroune aw fi CSC en plus tab jnanou ma3adna mandirou bih 7anouni
0,tu é vraiment con mon fréreessade frére essade el quatari ana kan y3aytouli manel3ebche fihblade fih blade miki blad ta3 tiki blad kolech fau kolech fiha mfabrikiallah mfabriki allah yehdina adjma3ine
0,hade bnadam ma33andouche machariere mach ariere capable ya9tol ga3 les libyen allah yastore
0,hram 3alikoum karahtou la jeunesse fi koulch
1,achebale al oma fikera bien est vive boutafalika avec l algerma3a alger ma3a ma7iyati
0,makan equipe nationale wala hom yahzanoun ya lem3askri allah yarhmek ya saadan
0,les Égyptiens sont les amis des sionistes qui gèrent le monde entier donc les sanctions de la FIFA seront bardan wa salamen 3ala el massriyin
0,elah la trebahkoum tebkiw e3la el kouba tedrah ssn pitier ou mab9ach fikoum el hal e3la les squipes dyal louest l ouest ASMO MCO BELABESS MASCARA WAT besah ma3lihech ham djau chwakerkoum yal y al 3assima ULTRA EL HARRACH
1,me3ak ya el khadra deri hala et vive l algerie
1,in cha ALLAH narbhou w nadouh m3ana la baldo fi trikna
0,roh takoule lkhobze l khobze fi bladek wela ta3arfou tahagrou ghire el mouslimine ms hna rak fi DZAYER matensach
1,ziani ahsan la3ib fi el3alem
0,3lah ki yjiw yal3bou m3ana ywaliw m3awkin
0,3aybe 2 manda bezaf 3lik
1,oui le Maroc aktar jahiziya li had tasfiyat la 3ala lmostawa tandimi
1,salut e rabi yahdina et 3adama alaho ajrakom
1,jetaime madjid nchalah tkon dima fal3ali wdima mcharaf bladna
1,vive l algerie vive l algerie inchallah ya rabi tba3ed 3lina ekl 3ainnnnnnne
0,meskin ella3ib el la3ib elmahali el mahali 3afsou 3lih f hed lebled le bled c unjuste kesk il arrie
1,nchalah yrouh ilverpool m3a le magic madjid bougherra
1,nchalah la victoire fi sétif l3ali ESS2CABA1 ESS 2 CABA 1
1,CHAOUCHI un vrai homme ? w rana m3ak
1,vive lalgerie l algerie wmabrouk w mabrouk 3la chaouchi a raj3a
1,3ajbeti ta3 weled ziani achhare men el wazire
0,reja3na al jahiliya kima kano yegatlo weladhom
0,hassbouan allah wani3ama wa ni3ama el wakill fikoum yahoukam ya houkam el djazire
1,vive mco il reste un match est tal3a national 1vive 1 vive mouloudia d'oran d' oran li ma brach ybat yekhdech
0,"Yahsabouna des kobays, kobays , lebled le bled welet laboratoire"
0,o mi walah ma nakhdam 3and al3arbi al 3arbi kahl aras a ras w yarnini w al3askar al 3askar manfatou ok merci
1,malgre had skhana wrabi w rabi soubhaonou 3atina sbar hadi rahma man 3and allah rabi ykadarna wytkabal w ytkabal mana nchaalh
1,ViVeeeeeeeeeeeeeeee mouloudia pour toujour inchallah had 3am lina mouwafekkkk
0,ycombati la misere li las9at fina welat kiste
0,ra7 ngoul les sujets l tefaw 3lihom do
1,awah ya chriki michi berk houwa li derha wifek stif tanik dertha tadamounen ma3a filistin
0,ya el khawana ya yahoud tahya filastine wa tahya el jazair ya kilab el 3arab
1,1 2 3 vive l`algerie l` algerie ou inchalllah ga3 tabrwe bach tefrouhona rana me3akoum ya khedra
1,rabi yahmi el blad wa el ch3ab et vive l'armée l' armée algerienne
1,vive MCO nchalah tal3a hada l3am l 3am vive belgaid et bel-air
1,nchalah la victoire fi stif l3ali l 3ali
1,rendez vous 2m1 3andna alah yj3al el khir
1,vriament ta3jabni bezzaf ou rabi 3aounak
1,hada 3am championi vive aso
0,"wach men 2akhela9, 2akhela9 , ra7o wakhdo al makhlo9"
1,vive bougera enchalah el3ame el 3ame eljaye el jaye fe el barca fi plaset markas
0,la hawla wala kowata ila bilah bi lah atamana ana alah yatihim bi zilzal 3adim
1,Mabrouk ya lafhal wa allah afarrah omimtek ali sahrat 3alik hadou awlad abladi aljazaeer natalblou rabi moustakbal hafal bin najah wa houwa Mafkhra L 'al jazaeer
1,inchaa allah nafouz 3ala zombia zkara fi elmisryine el misryine inchaa allah l'algerie l' algerie sera mondial et au can inchaa allah
0,hado ge3 ma 3amrolakch 3aynek
0,chekon ali galalkom kesna chirine hada makas al3amya rir alkehel
0,li ktab article nta3 cab w nahd raho la 3alaka
0,germany ghab hasak hsabtak hragt rak fi talyan wala la france khaliwna n3aydo tronkil yarham waldikom
1,vive chawchi 3andna tadjar khyr men yebda
0,assektouuuuuuuuuuu chrawkome bi 30 millioune fi echehar e chehar hada weche tesswa 3andkome edzayer
1,alhamdou al hamdou lilah li lah 3ala salamatika ya rab wahid soufouf al mouslimin w al jazairin ya rab w vive bladi
0,mais sa3dan dar la faut min dakhal saifi normalement ydakhal 3abdoun et boudabouz
1,rabi m3ak ya chikh saadan w rana m3akoum hata l la fin
1,ya3tik saha ya sadane kijite ki jite anta elle djayaire wala elle la3be mlihe nchalah n3atou triha elle masare
0,hadi l3aklia kayena fi bladna bark mneh makench les moyens ou zid 3akliete les joueurs loceaux mbdela
0,ya cha3b mayanfa3 m3ah ni aant ni aprés
0,lhaj l haj moussa moussa lhaj l haj en gros roh 3ageb l'armé l' armé w l'avenir l' avenir dirou a 40 ans
1,je souhaite el hidaya l omate mohamed salaalah 3alih wa salem
0,tadahkou 3ala el massryinnes dahkou 3ala arwahkoum
0,elah la y3awed ywerina wejek lanta la nta la li kifek
1,il faut mourad megheni yell3ab morad la3ib assasi wa ya3raf yal3ab
1,braka ellah fikou rebi yeoufe9ue m3akomvive m3akom vive les algerienne
1,lgoudam l goudam berk les verts tt lalgerie l algerie deriere vous wrabi w rabi m3ana
0,De fondez votre cheikh contre alfirkha addala a chi3a arafida
1,3andek essah e ssah ya si HANECHI
0,hhhhhhhhhhhhhhhhhh 30pour100 30 pour 100 agedlouna bel b el leghdeb 1ans 1 ans au homa yaghedbou a3lina yaw al 3ati rabi
1,bonne chance algerie 123 vive algerie allez les veres rabi m3akom youcef maifi
0,Pour le rafik d'EULMA d' EULMA je sais que rak hassed SETIF besah dirou 01/10/20 1 / 10 wach daret SETIF barakat 3alikom
1,choufou rani dert el golavirage w sobte l'algerie rabha 1_0 1 _ 0 tanzanie aya w morocco tekhser m3a l'afrique de centre 1-0 1 - 0 w hna ki tjina l'afrique de centre nerbhouha 3_0 3 _ 0 w hna nqualifou inchaellah goulou ammmmiiinnnn
0,goulou lheddaj l heddaj mayebkicha!!! mayebkicha !!! kouba tal3at matwalicha!!! matwalicha !!! casse toi du foot balle ta t a pa de relation avc!!!!!!casse avc !!!!!! casse toi!! toi !!
0,walah ghire 3ajab tous les algeriens devienne des conaiseure ds la foot yakhi chaab yakoul mayderanger
1,salempour salem pour moi nchoufe fih mliha bark wache tgoulou ya djma3a
1,3andek hak ya milat ta3mik 2 hadi hadra makanech kima tazawji b hbib 9alb sans chorot
0,Ana mokhi khaméj mokhi m3amar be takhmam
1,ziani neta for bezaftel3ab balon meliha+neta meliha + neta fehal ou tehab beladak merci karim
1,el hamdou lilah li lah ya rabi alla 3awdat chawchi ouf maintenant je peu dormir tranquil mérci sa3dan
1,nkolak ya elchikh sa3dan wachrak tastana bach t3ayat la chadli blasto basigar ba sigar
1,rabi ikon am3akom ya alkhadra al khadra 1 2 3 vive a nous lesalgerien les algerien
0,pour le 103lach 10 3lach ntouma min waktach 3andkoum tarikh la jalousie
0,normalmon ya3admouh en plein air kima gal elimam el imam
1,vive mca hada l3ame l 3ame 3amna vive touil champione mca
1,j'espere de bon coeur que ziani et meghani soient pret pour le mondial amin ya rabe el3alamin
0,dima tesra l ghalfohom f journal malayeka khatih
1,vive les cip national et vive ziani belhaje; antare yahya wma nansawche gazal li frahna wmazal yfarahna ktare m3a egthept nchalah
1,fierre de vous welad beladdi hagdak farjouna fihommbah fihomm bah ya3erfo me3amen rahoum yela3boubon continuation
1,bon jour nchalah rana f elmondial el mondial m3a yabda et megani et tout l'EN l' EN
1,salam 3likoum khawti les algeriens nchallah ya rabi les verts yfarhouna f #la l' a frique du sud #wnroho w nroho le 2ème tour #brabi b rabi nchallah ad3ou m3ana #yar ya r abi ya rabi amine
1,rabi m3ak bitawfik bi tawfik inchalah j cpas c pas c jai j ai le froit de voter
1,w bssaha b ssaha 3a tous les algerien
0,wayen had elghiba el ghiba ya 3ami 3athman ma khalawekch les généraux algérienne takhdam 3la rouhak ma3lich rabi wkilhoum
0,akdebou 3lina kebelema yefoutkoum l3am l 3ami ces le revaion pas le poisondaverile poison d averile alah yahedi ma khelak
0,haja wahda al mou3ak fil f il jazair mayakdarch yakhrouj la chare3 absat houkoukou fal f al hayat hram 3alikoum
0,l'ess l' ess 3almo l'usma l' usma balon w keraohom werk w stilo
1,rayhin lele le le mondial ga3 m3a les verts w w koup d'afrique d' afrique m3a saaden jibou la victoire
0,ou balak tkoluli jabet 12 par ce que nez3af
0,pour le 8 té malade ya l3abassi
1,vive CRB nchalah hada l3ame l 3ame coupe w championi
0,je te dit ya mr bouriane willa rak téstéchfé fel f el mouslimine
1,allez les l Algérie la victoire est indispensable wa rana m3ak ya saadane
0,makan makan hada koulchi kdeb fe kdeb rahom 3aichine m3icha khasra dai3ou hyathouw fe batel mais la faute nta3 dawla nta3na
1,est oui rabi m3ak hadjar nchalah tu as fair une tré belle ie comme les autre filles nchalah
0,nchallah tach3al fihom ya rabi
0,wah ghadi g3a nahargo krahna me had el blad la mizer noir
1,allah akbar wa macha allah allah yeberek fik wa ana habba ara mawki3ouki eliliktrouni waassalmou3alaykoum waassalmou 3alaykoum ya oukhty
0,el bac rahe m3a l'encien l' encien systeme mais maintenant habyradohme hab yradohme qui les chats makla et rkad
0,ila kol wahed rah hassab el janah f la france rah ghalat as3ab chay fi donya el ghorbah
0,Aek Mazal roh tel3ab les tournois dans ton cartié ta place n'est n' est pas dans l'équipe l' équipe national
0,"koun lajatni lmout l mout w 7akùmouni les batards, batards , goulhom 3andi rsasa mkhabiha fi beyt nar"
1,yaaaaaa rabiiiiiii nchallah n3awdouhaaaaa et vive l'algerie l' algerie
0,hannachi dima msewwes m3a rouhou
0,jil machi mrabbi c'est tout partoutc partout c fini le monde arabe 3arab jarabbye jarab bye
0,nasss tal3a l la lune we ntouma reyhou tedarbou 3la n'har el 3id ama houwa
1,n'challah moi aussi l'annee l' annee prochain 19 émine ya rab al3alamine al 3alamine
1,rabi iwafakhoum nchalah wikoun wi koun m3ahoum idiro gloubham bark wyanssaw w yanssaw ga3 wach ga3ad issir elfoot el foot ta3 dzayer nchalh 02_ alg 0 lib
1,al hamdou lilah 3ala tous est esperons que tous va bien inshaa alah
0,c une blague depuis quand la france écoutes ce que va lui dire bouteflika rahima alaho man 3arifa 9adra nafssih
1,3andek el hak hanachi surtou f les afriquant li nakssou alabalhoum rani f lybya
0,"Habou ytelfouli el rai, rai , yeguelbouni racaille"
1,to rayan rabi isabrek wa thabtek 3ala achahada wa likoli ajalin kitab wa kolo nafsin daikato almawt wa ala3maro beyadi allah wa latansa ana allah howa achafi almo3afinad3ou almo3afi nad3ou laka bechifaa inchaa allah la tansa ziyarat bayti allah lilhadj aw 3omrah
1,w stif 3rosatna w hna m3aha w nchalah la coupe 3 tjr m3a chikh serrar
1,vive sa3dane dima ma3ak
0,o lokhera l okhera kan 3endha mard psychologique rebtoha b al 7abel zado darboha 3a rajlin
0,ya wallah maydiroulhom maydirou lhom walou ya3tiwhou guarama maliya oufoute ou foute elhih loukane daratha edjazayare m3a elmasriyin el masriyin kassamane billah bi llah guir yaharmouhom mane kasse el 3alam 2014 wayzidoulhom wa yzidou lhom guarama gade edounia elyahoud el yahoud walmasriyine w al masriyine matfouthomche haddi 3lla eta3til e ta3til bayane erusulta e rusulta
0,non morad svp ghirnta ghir nta matel3abch fikatar fi katar khserna belhadje barakatsvp barakat svp
1,3awda mowafaka ya matmour
1,bon courage les champions vous etes toujours les meuilleursvive meuilleurs vive l'entante de setif el3ali el 3ali
0,mazalat alwizara toakid 3ala anaha ghabiya wala tatasif bi ayi darat dakaaha ha ha nakol laha anti fachila walkarar dalil kati3 3ala dalik
1,123 viva l'algèrie m3a ya sa3dan
0,testehalou maketare rabi yesahel 3alikoum psk antouma les habitou hakeda
0,no wayyyyyyyyyyy m3a lyhoud
0,3ambali kina7ki ki na7ki klemi iban ca va pas
0,al jami3a almalakiya al malakiya al maghribia li korate al 9adam je dis bien al malakya khawf 3likm la bkito hak ghir m3a bnin
1,bonne chance pour le rck vive les koubiéens inchallah tel3a é bonne chance pr alilou
1,rabi m3ana matkhafouche pour mois chawchi
1,sara bon bac et bon courage rabi yakhalik lwaldik l waldik w yehfdek men el3ain el 3ain
1,allah el mosta3ane
0,domage pour ziaya normalment taw9afe m3a bladek
0,je suis choqué si vraiment grave allah yosstar ala bladna mina alirhab ila achi3a
0,ketro al mocha3widin li ze3ma yediro 9iyas char3iya
1,rana me3akoum rabhin wela khasriiiiiiiiiiinnnnnnnnnnnnnnn dimaaaaaaaaaa
0,mais les filles ta3na ysedkou n'import quoi ana hada face book jamais cheftou khlah kalbi martahlouche malgré 3andi enternet depuis 4 ans dkhalet lesq sites kol ghire face book hada rabi yahdina
1,tahya hara ila kol ansar al mouloudia (chnaoua) ( chnaoua ) rana m3akom arabho babia bark 3la wajh chnaoua merci chorouk
0,mon frere isam n 5 wach an9olak kho hadi lablade la blade ali aysamouha l'algeriè 9asmouha binathom choufe chab3a bante al anchore ya choro9e
1,Qbel maydour 3lik el3am el 3am tweli archi milliardaire
1,vive crb pour toujoursla toujours la coupe inchallah had el 3am
0,"galbouni champalan, champalan , naktal bihom 99"
0,cha3b flestin cha3b madlum hta wahad mabra y3awnah
1,rabi yjiblak chfa ya chaouichi wnta dayma four tog3ad four bazaffffffffffffffffffffffffffffffffffff
1,Bravo 3alaik ya SORAYA HADDAD vive l'algerie l' algerie
1,vive toi mbolhi vraiment for bazef l confiance rah ytardag 3andek nchalah tfarhon m3a maricane
1,allez l usma brabi b rabi nerbhou et CRB kache 3ame
1,vive usmh ou mabrok 3alikoum ya rck ou hapta likoum mabrok 3alikoum
1,rabi ama3ak orbi o rbi ay3achk lina anchlah ya butaflika
1,on va gagné nchallah 3awadha ya saadane 123vive lalgerie l algerie m3ak ya khadra diri hala
1,ya alah insor falastin wa koun m3a i5wanina ana walah loukan ya5aliwni nroh walah mana83od wa vive l algirie
1,saber roba3i fanan mo7taram !!! i7na ma3ak ya saber laisse la caravane passe et les chiens aboient!!! aboient !!!
1,il et miux ke mansouri et lamouchéya rah yjib waldah yal3ab
1,vive l'algerie l' algerie zkara fel3adyene f el 3adyene
1,elbariha dhabtou ila elmakan el ladi kana fihi fariqe elwatani wa kanete tadhar fi woudjouhihim el3azima wa irada ka anahoum walahi osoude fi tarabosihim fi djanoub firaneca wakane hata 3awail tchadji3 farik el watani fi hadakel tarabous ma3a dalika el barde elqarisewa elqarise wa lame yametani3ou 3en elhodour li tachedji3e el khoder fa houm kanou fighaet el liyaqa wa iseti3edad
0,ils ont fait ca contre les chi3a mais pour moi c une bonde de Vouyoux qui derije les saoudien c des traitre de lislam l islam
0,"Ki nesma3 b'deux b' deux parties yeddabzou 3la lkoursi, l koursi , j'men j' men m en fou ghir yakhtîwli rassi"
1,rabi yostar mais nchalah y3awdou lkhasara l khasara nta3 lafric l afric w yraj3lmoustawa yraj3 l moustawa elmatloub el matloub
1,M3aak yal y al khadra quelque soit foot où hand !!!!!!!!
1,in shalah sha lah rabi m3ahom 9aulo amin
0,c grave l'algerie l' algerie ga3 ma3andhach les stades
0,salam ecoroukel3abd ecorouk el3abd ida dja3 ewaly yasrak ida chba3 iwaly yafsak afham ya lfaham
0,"Za3ma ybi3a maykhafch, maykhafch , w houwa yékhdém m3a zefafa"
1,vive CRB o vive 3ani said baytari
0,a tous les repsonsables vous allez payer inchallah au lieu de consacrer l'arget de notre pays a construire des economies fortes et creer des emplois pour nos jeunes ils nous remenent de la racaille !!! allah yen3alkoum ya mesouline il youm eddine
1,vive l'Algerie l' Algerie ou m3ak ya el khadra nchallah 4-0 ki ma gal khuoya
1,sanataghalab 3ala lmaghribe l maghribe manach mehtajine la ibrahimi la ben zima 3anedna la3ibine forts bla mziyet faranca
0,kifech l'article l' article ygul un enfant a perdu sa main wenti w enti tgouli 3ajbek al ihtifal!!! ihtifal !!!
1,mala golhom ani hna dima bien bien bien
1,vive csc dima inchalah tal3a lina vive csc
0,"Lakane 3ajbetek el serqa bel b el crique, crique , manloumekch khatak 3aqlietek tahbés fel f el houdoud ta3 qartik"
0,chikh brahim koum tchouf ouache rahou yesstena fik ou weche rahou mkhabilek rabou el 3alamine ya chikhe jehenema
1,vive chourouk vive l algerie ya rjal chourouk lazme tirou moustahil bache thalou chacha sur satelite et nous en è la vive chouroukkkkkkkkkkkkkkkkk rabi 3ayechekom
0,je suis pas accord ma3ak ya nadir rabi yahdik bahdlatna c pour sa hna b la3rab l a3rab 33adna lakheriin l akheriin
1,Moutamaniyatona lakom bi Al Fawaz incha Allahtous Allah tous les marocains Da3awatohom ma3akom ds ce mois de Ramadan al Karim ya Rab demain la victoire pour nos freres Algeriensde Algeriens de meme pour le Maroc contre le Togomeme Togo meme si les chances pour se qualifier sont minimesde minimes de toute facon on sera tres contents au moins de voir l Algerie en coupe du monde
0,3aychine fiha ghir les miliardaire mai ga3 ji3anine algeria
1,nember 1 23456 ya3teekom saha ma3andy manzeed ingoul
1,vive l'algerie rana m3ak ya saadane w ya3tik essaha es saha ya zianni
0,3awadna el controle 3argadou aprés ma tatahraj nos l'algérie beh éfikou
0,yakhi rkhass yakhi lahla lah la terab7houm déja je connais les gens de Annaba ma3andehoumch ennif allah yahdihoum
1,nchalah kheir ya karim rabi eqoune m3akom
0,khawetena rahoum imoutou fi kamel aktar albouldan al 3arabia we hebabna haslou fi sewaka ta3 mera
1,vous avez raison rani me3akoum
1,jib m3ak un kilo ta3 zlabiya et mrahba bik
1,rana fi la3wachir habbit ngoul belli Saadane der li 3lih Raho insene watani yhib la3lam w rabbi nchallah ykoun fi 3awnou
1,ca je l`enttend plusieur fois que des medecins disent au malade que tu vas mourir a une certaine date mais l`age est a le dieu sebhanou inchallah tu vas guerrir et tu reprond votre espoir et inchallah inchallah inchallah tu vas guerrir (amine ( amine ya rebbi l3alamine )
1,rabi ychafik w yaghfarlak donoubak w y3awadhalak hassanat fi mizanek 3alaika biassabr wa kowat alimane
0,s'il te plais chorouk ma tzidouch tenchrounna ta3ali9 ta3 lemrarka le mrarka lemcharkin le mcharkin a lemrarka le mrarka occupez vous de vos fesses et rohou ta3bdou el malik mouhamùadine essadisse es sadisse ra3ahou llahou wa 7afidahou wa adkhalahou lahou fas7a eljinani el jinani etc rahou ilah ta3kom
0,"Ki nesma3 bi les intéllo, intéllo , kayen menhoum bel b el kilo, kilo , la brosse rej3at be'stylo be' stylo"
1,vive nahd inchalah la coupe l e3am iljay il jay vive nahd contera 3ela crb est rck
1,inchallah alfawz al fawz algerie 2/0 2 / 0 vive alge tahyati ila cha3b algerie mgharbba m3akomdima m3akom dima khadra
1,courage les verts et rabi m3akoum on vous fait confiance et vive l'algérie l' algérie
0,aha waldi machi kima haka golnayakhi golna yakhi gotlak li yaghlat m3ak bdmaghhada b dmagh hada wach tfahmna ah tkhalasa ghalya nhar match zambia matkhafch
1,bon couragecheikh courage cheikh rana m3ak méme au pole nord rana jayineazdemlilamam jayine azdem li l amam marche ariere mharssa
1,nchaa llah had l3am la cup f lhemri l hemri amin
1,0-1 0 - 1 mabrouk 3alina hard luck pour el alahly
1,ya allah o3fou 3ana w arhamena berahmatik be rahmatik w la to3adibna w arhamen w ahfadna ya allah
1,1 2 3 vive l algerie pour tjr nchalah rabi ykoun m3ana
1,netmana tkon mobarat ikhwaniya w n3icho roh riyadiya 3alya w nchallah en a gagne le match bonne chanse
0,30 sna men hyati 3adaw noires
1,rabi yahdina jami3en wa allah yanssor al-hak wa al oullama wa dou3ates el mokhlissines
1,slt b1 sur belhadj le mailleur moi je dis saha aidkom wakol wa kol 3am wa ntouma wa algerie bkhir b khir
1,3andak el ha9 ya -42 ( 42 ) hada klam wala khalina
1,barak allah fik wallah haja mliha blad rajala ya3arfou la valeur de rajala made en algerie
1,rabi y3awnkom mes freres w ga3 rana m3akom
0,dzl suis etudient w ani na3ref ache hiya al jami3a seraha matferahch
0,sob7an alah la societe rabet en force les problemes ta3 les familles o machakil ta3 divorce
1,mabrouk 3alik si saibi et bonne reussite inchallah
0,ahna diwana fi illizi 3endna 5 snine nbet fina ermel e rmel wahed ma kdar imitina ja bouderbala hna w galna fi 3achhor 3 achhor enmitikom mi domage R A S
0,winraho film el sifara fil3imara hada ga3 tenhal khadmou m3a lihoud wa man kal hmas dalima fa howa min al charoun
1,Mon cher frére Rayaninchallah Rayan inchallah que dieu te guérisesoubhanahooallahooma guérise soubhanahoo allahooma echfika wechfi mardha moosslimineallahooma moosslimine allahooma ab3id 3anka el alama wassakamaallahooma w assakama allahooma inaka kadir wabilijabatti wa bilijabati jadirmes jadir mes chers lecteursdou3aa lecteurs dou3aa a notre cher frére Rayan et aux musilmansamine musilmans amine ya rabbi
1,el ostad lasa 3ado likinoh likin oh ka elab el ab etani e tani li atilmid a tilmid
1,w 3andah assah as sah
0,fakou yjubou des projet yekhdmouhom m3a shabhoum yfasslou w yelbssou yakhi blad yakhi
1,madam m3aya wlad cha3b dima bien bien bien
1,khoya rayane Rabi yachfik chada fel lah inchalah rabi ya3tik sabr saydna AYOUB ya rab el 3alamine et bachfa 3lik khoya
0,wellina nkhafou ndirou Opération hata fi bladna wallah la 3ayb wine biha ya blaaad !!
0,ellah la eyrbahhom 3lach ma yrohoch eyjahdo fi falastin wla eljihad el jihad m3a khwthom khwarj rabi eysfihom enchalah
0,Mateqderch 3lihoum khatak mokhek mechou guedhoum
0,howa w chiwya may9rache 7eta al 3arbiya
0,yawe daze me3ahome 3akdine 3likome 3akdine habasse championnat mathabache dire wach tehabe el fayda lina nechab3oukoume foule inchalah
0,yah rabi l3abd adak aw ma yastahelche ykon jazayri kon ghir ma rj3che l bladna puisque lblad hadi ma testahelche wahed kifooo
0,salam 3alikoumavez 3alikoum avez vous déja vues un homme politique ou un membre de l'etat l' etat ou un organisme de l'etat l' etat son represantant est jeune ?la ? la photo de ech-chourouk prouve que nos décideurs sont vieux ils ont un pied dans la tombe asteghfir Allah et ils tiennes tjrs au pouvoiryaw pouvoir yaw el moute kayna
1,ya rebi narabho m3a zambia we m3a rwanda we nrouho l masser b les jeune
1,rabi ma3ak cheikh on vous respecte nhabouk ouallah bonne chance le 07/ 07/ juin
0,dir fi rohek grand plaisir w ista9il yrehem waldik rak karehtena f l 9raia khatrach wladek khalso 9raitehom 3liha bdit tekhalet 3lina w syaset #NOM? coller - mn 3and l europe
1,moi avec khalilozitch 3adna un bonne equipe et viva lagerie l agerie
0,wach men mostakbel pour EN avec ces ;essentiel jazeer raht m3a boumedien < 3assad < majer e beloumi le reste c rien que ;;;;;;;;;;;;;;;; hachakom
1,vive la algeres zkarra fal3adian f al 3adian
0,"Anaya l youm jm'en j m' en fou, fou , ki 3retf lyoum l youm koulchi festi"
1,inchalah bark yfarhouna ya rabrabi m3ahoumet m3a houmet bon courage notre équipe nationalerana nationale rana m3akoum malgré tous
1,ma chaa allah wa la kowata illa billeh vrémnt il nous a honoré à léétranger je lui souhouhaite 1e bonne continuation pleine de succé et de fiérté bravo ould bledi rabi m3ak
1,yla 3andna da3wa 3ande raber inchalah yakhasro bi 4 a 0 amine ya rabi za3ma mca hhhh al3amide al 3amide hhhhh frik l3acima l 3acima hhhh
1,rana dima nestanao fi wladna rbi yechfihom w m3ak ya elkhadra
1,C’est bon nchikh w n3ich dima farhane
1,hasebouna alah wa naima el wakil alahouma la touakhidna bima fa3ala esoufahaou mina
1,123 vive chabiba rana m3akom farhouna rana za3fanine
1,1 2 3 viva l'algerie roh ya 3ammou sa3dane rak rabeh
0,Soufiya mad3ouma bi amrika wa wazir choun dinaya wa mr Wa hadafohom tadlil lmoslimin l moslimin 3an dinihim wa nachr lkhorafat l khorafat wa lbida3 l bida3 wa binaa fi kol madina zawya wa darih wa hom ktiroun fi gharb ljazayar wa in kanat lahom 3assima fa hiya Mostaghanem Hadari hadari ya ikhwan wallahi innahom achado khataran min bani sohyoun wa nassara
1,ncahalah ykoun khalifa ta3 zizou li farah la france wnchalah w nchalah madine yal3ab pour l'algerie l' algerie et toujours vive l'algerie l' algerie
0,we7na we 7na kinchofoha ki nchofoha ngolo cho yekhi khamja
1,vive csc dima 3aam eltal3a
1,3andek essah es sah ya mol ta3lik 2 yebda wa 0 kifkif
1,rana chafna elhaj ds le match algerie+brizil algerie + brizil malgri l3ab 10 min mi il fait la déferance
0,entoum ya thouar la tastahou ma3andoukoum ladine la dine oua la mela
1,Bon courage les aigles Rabbi m3akom wled l'entente
1,rebi m3a les forces de sécuritée
0,saifi khirlak khir lak troh adir jubilée fi asr3a wakt momkin intahat salahiyatek by merci
1,weli we li 3andou arde ou ma3andouche permis de construire !!!!!!? vive algerie inchallah algerie rabha zambia be 4/0 wakha iala3bou htta fe trab farahtona allah m3akoum
1,bravo les verts nchallah t3awdouha avec guambia
1,saleme alikoum saleme ya chawechi ya bechicha fi khater djazair ou fi khater la jsbm koun seba3e ki babak ou zahina rebi ikoune me3ak in chalahe neheb nqouleke hadja ouhiya ou hiya na3eref bli kader 3eliha besah ma tezidje tkheroudje bezaf 3ne mantiqa dyalek kima yelzemche el hale we in chalah tefouzou ya fawezi
0,salut hadi mahiche 3taba mais 3a9aba w3lahe hada kamle 3lihome trop charge w rabi m3ana fi bac 2011
1,incha allah nerebhou zkara et nrouhou el kaas el 3alemamine
1,tres bien ya 5adra w rabi m3akom wel w el jelya etounsia e tounsia fi japon t7ayekom
1,lbare7 fra7na min t3adlet dzayer o ntouma fre7tou min t7adelna 7na hhhh mais hadi hia lkooora nshallah f lmatch nta3 maroc vs algerie tkoun fiha faire play o se7a ftourkom
1,aya les jeunes efferhou wfarhouna w farhouna m3akom rebi yensorkom weykoun w eykoun m3akom
1,we nchallah tout les algeria m3aya viiiiiiiiiiiiiive sa3dan
1,3awdouha ya les jeunes
1,rabi m3ak ya khouya walah sa ma fais de la peine et jai meme des larmes au yeuxahkame yeux ahkme fi rabi ou rabi idjibe chfaa in chalahh je te souhaite bq de courage
1,vive lalgerie l algerie m3ak ya khadra nchallah
0,lmaradia l mara dia stylo ydir massacre à la transoneuse
1,ya rabe yechfik o ymadek bikowa akthar meli anta fiha rabi m3a essabrine o rahime b3ibado akthare men rahmate el ome 3la wladha natlobe men rabi yechfik oyahafdak hada ibtilae men 3ando koune sabare o rabi yfarraje 3lik o matafkadche el amale el 3ilme dima yetaware o matedri inchallahe ykoune echiffae biidni allahe rabi m3ake
0,Manbi3ch be tarf 3la jal 100 elf ta3 sqata
0,hier j'été entrain de chercher la chaine arabe qui diffuse le match de l'OM pour voir ZIANI alors j'ai trouvé que une chaine libienne diffuse le match de LYON walah 3aybe 3likoum ya les tsimou rouhkoum responsable wa nahar kamel wa ntouma tzoukhou 3lina derna wa derna LIBYA hacha sam3in diffuse championnat francaise et en direct et nous un match de l'equipe algerienne on peut pas le voir walah tdjouz fikoum lektila 3ayb 3ayb 3ayb 3likoum et walah matahachemou wadjahkoum sehih
1,les algériens kamale m3akome antoma bark ali kderto twahdo les algériens
1,vive l'algérie l' algérie 5 fi 3aynin el hassadine
0,yawdiii ya wdiii da3ara raha par tt felcentre f el centre ville tchoufel tchouf el 3jeb elmou3ajeb el mou3ajeb nes lebsaa raha telbess el3raaa el 3raaa
0,douhm l'sahra l' sahra yflhou bah y3arfou kimt el jzayer
1,assalamo as salamo 3alikom je suis la pour passer 1n grande salut pour nos joueur soublie s oublie sur tout pa matmoure 40 le mieure joueure pour mon opinion w nchallah narb7o zambie 2ou 2 ou 3 on fin nas l7rakta l 7rakta kamel m3akom kom tout les algeriens far7ona nchallah w takabala allho siamana wa siyamakom w asalamo 3alaykom w ra7mato allahi wa barakatoho
0,lazem yebka yet3adab fi 7yatou kima 3adab a nas w nchalah yzid yet3adab fi jahanama m3a abou jahle
1,bien jouie bougara natmanalak ahsan la3ib fa al3alam al 3alam
0,ma 3andna ni les acteurs ni les producteurs
